order_id,customer_id,order_date,payment_method,status,promised_days,ship_date,delivery_date,rating
10001,2182,2023-01-01,COD,Delivered,5,2023-01-02,2023-01-05,4.0
10002,1736,2023-01-02,COD,Delivered,5,2023-01-04,2023-01-08,4.0
10003,2529,2023-01-05,UPI,Returned,5,2023-01-07,2023-01-12,4.0
10004,2931,2023-01-05,UPI,Delivered,5,2023-01-06,2023-01-12,5.0
10005,1228,2023-01-05,UPI,Delivered,5,2023-01-05,2023-01-07,4.0
10006,1362,2023-01-07,Debit Card,Delivered,5,2023-01-07,2023-01-11,
10007,2974,2023-01-08,UPI,Delivered,5,2023-01-10,2023-01-14,4.0
10008,2386,2023-01-08,Net Banking,Delivered,5,2023-01-09,2023-01-12,5.0
10009,2141,2023-01-09,UPI,Delivered,5,2023-01-11,2023-01-17,3.0
10010,43,2023-01-09,Net Banking,Delivered,5,2023-01-09,2023-01-13,4.0
10011,205,2023-01-10,UPI,Delivered,5,2023-01-10,2023-01-15,4.0
10012,810,2023-01-10,UPI,Delivered,5,2023-01-10,2023-01-12,5.0
10013,2957,2023-01-10,UPI,Delivered,5,2023-01-10,2023-01-15,4.0
10014,315,2023-01-10,UPI,Delivered,5,2023-01-11,2023-01-14,4.0
10015,1272,2023-01-10,Net Banking,Delivered,5,2023-01-12,2023-01-18,
10016,2843,2023-01-11,Credit Card,Delivered,5,2023-01-11,2023-01-17,
10017,641,2023-01-11,UPI,Delivered,5,2023-01-13,2023-01-16,5.0
10018,1689,2023-01-11,Net Banking,Delivered,5,2023-01-11,2023-01-14,
10019,1290,2023-01-11,UPI,Delivered,5,2023-01-11,2023-01-14,4.0
10020,585,2023-01-11,UPI,Delivered,5,2023-01-11,2023-01-15,
10021,1547,2023-01-11,UPI,Delivered,5,2023-01-13,2023-01-17,
10022,1364,2023-01-12,Credit Card,Delivered,5,2023-01-12,2023-01-17,5.0
10023,1479,2023-01-12,COD,Delivered,5,2023-01-12,2023-01-14,4.0
10024,2183,2023-01-12,UPI,Delivered,5,2023-01-14,2023-01-24,3.0
10025,530,2023-01-12,Debit Card,Delivered,5,2023-01-13,2023-01-15,5.0
10026,1999,2023-01-12,UPI,Delivered,5,2023-01-13,2023-01-16,4.0
10027,586,2023-01-12,UPI,Delivered,5,2023-01-14,2023-01-16,5.0
10028,1422,2023-01-12,Debit Card,Delivered,5,2023-01-14,2023-01-16,
10029,1222,2023-01-13,COD,Delivered,5,2023-01-14,2023-01-16,5.0
10030,579,2023-01-13,Credit Card,Delivered,5,2023-01-15,2023-01-18,5.0
10031,541,2023-01-14,UPI,Delivered,5,2023-01-15,2023-01-19,4.0
10032,2056,2023-01-15,UPI,Delivered,5,2023-01-17,2023-01-20,4.0
10033,1149,2023-01-15,Debit Card,Delivered,5,2023-01-16,2023-01-20,5.0
10034,2368,2023-01-15,Credit Card,Delivered,5,2023-01-15,2023-01-21,4.0
10035,1653,2023-01-15,Credit Card,Delivered,5,2023-01-16,2023-01-19,5.0
10036,121,2023-01-15,UPI,Delivered,5,2023-01-16,2023-01-19,4.0
10037,2715,2023-01-16,COD,Delivered,5,2023-01-16,2023-01-19,
10038,513,2023-01-16,UPI,Delivered,5,2023-01-17,2023-01-21,4.0
10039,1503,2023-01-16,Debit Card,Delivered,5,2023-01-16,2023-01-22,5.0
10040,930,2023-01-17,Debit Card,Delivered,5,2023-01-18,2023-01-21,5.0
10041,1034,2023-01-17,UPI,Delivered,5,2023-01-19,2023-01-23,
10042,109,2023-01-17,Credit Card,Returned,5,2023-01-17,2023-01-21,4.0
10043,1392,2023-01-17,Credit Card,Delivered,5,2023-01-19,2023-01-23,
10044,218,2023-01-17,Credit Card,Delivered,5,2023-01-17,2023-01-26,2.0
10045,915,2023-01-17,COD,Cancelled,5,,,
10046,977,2023-01-18,Credit Card,Delivered,5,2023-01-19,2023-01-24,
10047,778,2023-01-18,UPI,Delivered,5,2023-01-20,2023-01-24,5.0
10048,2876,2023-01-18,UPI,Cancelled,5,,,
10049,1942,2023-01-18,Debit Card,Delivered,5,2023-01-18,2023-01-21,
10050,280,2023-01-19,UPI,Delivered,5,2023-01-20,2023-01-27,
10051,2150,2023-01-19,COD,Delivered,5,2023-01-20,2023-01-25,
10052,561,2023-01-19,UPI,Returned,5,2023-01-19,2023-01-22,4.0
10053,150,2023-01-20,UPI,Delivered,5,2023-01-22,2023-01-25,
10054,447,2023-01-20,UPI,Delivered,5,2023-01-21,2023-01-28,3.0
10055,155,2023-01-20,COD,Delivered,5,2023-01-22,2023-01-28,4.0
10056,629,2023-01-20,Debit Card,Returned,5,2023-01-21,2023-01-23,
10057,1019,2023-01-20,Credit Card,Delivered,5,2023-01-21,2023-01-25,4.0
10058,1547,2023-01-20,UPI,Delivered,5,2023-01-22,2023-01-28,
10059,2209,2023-01-20,COD,Delivered,5,2023-01-21,2023-01-25,5.0
10060,1364,2023-01-21,COD,Delivered,5,2023-01-23,2023-01-27,4.0
10061,1830,2023-01-21,UPI,Delivered,5,2023-01-22,2023-01-26,4.0
10062,861,2023-01-21,COD,Delivered,5,2023-01-22,2023-01-31,
10063,2069,2023-01-22,COD,Delivered,5,2023-01-24,2023-01-27,4.0
10064,541,2023-01-22,UPI,Delivered,5,2023-01-23,2023-01-27,4.0
10065,194,2023-01-24,UPI,Delivered,5,2023-01-26,2023-01-29,5.0
10066,1334,2023-01-25,Credit Card,Delivered,5,2023-01-26,2023-01-30,5.0
10067,1484,2023-01-25,UPI,Delivered,5,2023-01-25,2023-01-28,4.0
10068,1233,2023-01-25,COD,Delivered,5,2023-01-25,2023-01-29,4.0
10069,2859,2023-01-25,Credit Card,Delivered,5,2023-01-26,2023-01-31,5.0
10070,2606,2023-01-25,UPI,Delivered,5,2023-01-26,2023-01-28,5.0
10071,2529,2023-01-26,UPI,Delivered,5,2023-01-26,2023-01-28,
10072,1269,2023-01-26,Debit Card,Delivered,5,2023-01-28,2023-02-02,4.0
10073,2931,2023-01-26,UPI,Delivered,5,2023-01-28,2023-02-02,5.0
10074,1911,2023-01-27,UPI,Delivered,5,2023-01-28,2023-02-02,
10075,2452,2023-01-27,UPI,Delivered,5,2023-01-29,2023-01-31,4.0
10076,125,2023-01-27,COD,Delivered,5,2023-01-28,2023-02-02,
10077,1106,2023-01-27,UPI,Returned,5,2023-01-28,2023-01-30,4.0
10078,12,2023-01-27,UPI,Delivered,5,2023-01-27,2023-01-30,4.0
10079,2001,2023-01-27,COD,Returned,5,2023-01-27,2023-01-30,3.0
10080,920,2023-01-27,UPI,Delivered,5,2023-01-28,2023-02-02,
10080,920,2023-01-27,UPI,Delivered,5,2023-01-28,2023-02-02,
10081,907,2023-01-27,Debit Card,Delivered,5,2023-01-27,2023-02-05,3.0
10082,2691,2023-01-27,UPI,Delivered,5,2023-01-27,2023-01-30,
10083,1276,2023-01-27,COD,Delivered,5,2023-01-28,2023-01-31,
10084,2003,2023-01-27,UPI,Delivered,5,2023-01-28,2023-01-31,5.0
10085,1139,2023-01-27,UPI,Delivered,5,2023-01-28,2023-01-31,5.0
10086,1523,2023-01-28,UPI,Delivered,5,2023-01-29,2023-02-01,5.0
10087,1963,2023-01-28,COD,Delivered,5,2023-01-30,2023-02-05,4.0
10088,1040,2023-01-28,COD,Delivered,5,2023-01-28,2023-02-01,
10089,2299,2023-01-28,UPI,Returned,5,2023-01-28,2023-02-01,5.0
10090,1006,2023-01-28,UPI,Delivered,5,2023-01-28,2023-01-31,5.0
10091,40,2023-01-29,UPI,Delivered,5,2023-01-29,2023-02-04,4.0
10092,1186,2023-01-29,UPI,Delivered,5,2023-01-29,2023-02-02,
10093,1423,2023-01-29,UPI,Delivered,5,2023-01-29,2023-02-01,4.0
10094,68,2023-01-29,COD,Delivered,5,2023-01-29,2023-02-02,4.0
10095,610,2023-01-30,UPI,Delivered,5,2023-02-01,2023-02-04,4.0
10096,570,2023-01-30,COD,Delivered,5,2023-01-31,2023-02-11,
10097,169,2023-01-31,UPI,Delivered,5,2023-02-01,2023-02-06,3.0
10098,1878,2023-01-31,COD,Delivered,5,2023-02-02,2023-02-07,4.0
10099,1684,2023-01-31,Credit Card,Returned,5,2023-02-01,2023-02-07,4.0
10100,2376,2023-01-31,UPI,Delivered,5,2023-01-31,2023-02-04,4.0
10101,557,2023-01-31,COD,Cancelled,5,,,
10102,2370,2023-02-01,UPI,Delivered,5,2023-02-01,2023-02-07,
10103,1330,2023-02-01,COD,Delivered,5,2023-02-01,2023-02-05,
10104,1609,2023-02-01,COD,Delivered,5,2023-02-02,2023-02-08,
10105,2079,2023-02-01,Net Banking,Delivered,5,2023-02-02,2023-02-06,
10106,2980,2023-02-02,COD,Delivered,5,2023-02-02,2023-02-08,4.0
10107,839,2023-02-02,UPI,Delivered,5,2023-02-04,2023-02-07,4.0
10108,850,2023-02-03,UPI,Delivered,5,2023-02-05,2023-02-11,
10109,930,2023-02-03,Debit Card,Delivered,5,2023-02-04,2023-02-08,5.0
10110,121,2023-02-04,UPI,Cancelled,5,,,
10111,551,2023-02-04,Credit Card,Delivered,5,2023-02-04,2023-02-08,3.0
10112,2520,2023-02-04,UPI,Delivered,5,2023-02-06,2023-02-09,
10113,2062,2023-02-04,Debit Card,Delivered,5,2023-02-06,2023-02-11,5.0
10114,759,2023-02-04,UPI,Delivered,5,2023-02-05,2023-02-08,3.0
10115,642,2023-02-04,UPI,Delivered,5,2023-02-04,2023-02-08,5.0
10116,2624,2023-02-04,Net Banking,Delivered,5,2023-02-06,2023-02-10,5.0
10117,1521,2023-02-04,COD,Delivered,5,2023-02-04,2023-02-07,
10118,527,2023-02-05,UPI,Delivered,5,2023-02-06,2023-02-08,5.0
10119,1649,2023-02-05,UPI,Delivered,5,2023-02-07,2023-02-11,5.0
10120,1778,2023-02-05,Debit Card,Delivered,5,2023-02-06,2023-02-10,5.0
10121,2262,2023-02-05,UPI,Delivered,5,2023-02-06,2023-02-10,5.0
10122,2245,2023-02-06,Debit Card,Delivered,5,2023-02-07,2023-02-13,5.0
10123,1193,2023-02-06,COD,Delivered,5,2023-02-07,2023-02-10,5.0
10124,403,2023-02-06,UPI,Delivered,5,2023-02-07,2023-02-10,4.0
10125,2239,2023-02-06,UPI,Delivered,5,2023-02-06,2023-02-09,4.0
10126,2621,2023-02-06,UPI,Delivered,5,2023-02-08,2023-02-14,
10127,1546,2023-02-06,UPI,Delivered,5,2023-02-06,2023-02-10,
10128,2512,2023-02-07,Credit Card,Delivered,5,2023-02-09,2023-02-13,4.0
10129,1943,2023-02-07,UPI,Delivered,5,2023-02-08,2023-02-13,4.0
10130,710,2023-02-07,Net Banking,Delivered,5,2023-02-08,2023-02-10,
10131,2018,2023-02-07,Debit Card,Delivered,5,2023-02-09,2023-02-12,
10132,40,2023-02-07,UPI,Delivered,5,2023-02-09,2023-02-13,5.0
10133,1266,2023-02-08,Credit Card,Delivered,5,2023-02-09,2023-02-13,4.0
10134,627,2023-02-08,UPI,Delivered,5,2023-02-09,2023-02-13,4.0
10135,2504,2023-02-08,UPI,Delivered,5,2023-02-09,2023-02-14,5.0
10136,43,2023-02-08,Credit Card,Delivered,5,2023-02-09,2023-02-13,5.0
10137,137,2023-02-08,UPI,Delivered,5,2023-02-09,2023-02-14,
10138,2468,2023-02-08,UPI,Delivered,5,2023-02-09,2023-02-12,5.0
10139,1204,2023-02-09,UPI,Delivered,5,2023-02-09,2023-02-14,5.0
10140,638,2023-02-09,UPI,Delivered,5,2023-02-11,2023-02-13,5.0
10141,315,2023-02-09,Debit Card,Delivered,5,2023-02-09,2023-02-13,3.0
10142,286,2023-02-09,Net Banking,Delivered,5,2023-02-11,2023-02-14,4.0
10143,584,2023-02-09,Debit Card,Delivered,5,2023-02-10,2023-02-13,
10144,588,2023-02-09,Net Banking,Delivered,5,2023-02-11,2023-02-16,5.0
10145,778,2023-02-09,Credit Card,Delivered,5,2023-02-09,2023-02-13,4.0
10146,1192,2023-02-09,UPI,Delivered,5,2023-02-10,2023-02-13,3.0
10147,1203,2023-02-10,COD,Delivered,5,2023-02-12,2023-02-15,3.0
10148,1684,2023-02-10,UPI,Delivered,5,2023-02-11,2023-02-15,4.0
10149,766,2023-02-10,UPI,Delivered,5,2023-02-11,2023-02-17,4.0
10150,2054,2023-02-11,Net Banking,Delivered,5,2023-02-11,2023-02-13,5.0
10151,1228,2023-02-11,Debit Card,Delivered,5,2023-02-13,2023-02-16,4.0
10152,92,2023-02-11,COD,Delivered,5,2023-02-12,2023-02-15,
10153,282,2023-02-12,UPI,Delivered,5,2023-02-13,2023-02-16,4.0
10154,302,2023-02-12,COD,Delivered,5,2023-02-14,2023-02-18,4.0
10155,2753,2023-02-12,UPI,Delivered,5,2023-02-13,2023-02-16,5.0
10156,2528,2023-02-12,UPI,Delivered,5,2023-02-14,2023-02-17,
10157,1611,2023-02-12,COD,Delivered,5,2023-02-13,2023-02-18,5.0
10158,980,2023-02-12,UPI,Delivered,5,2023-02-13,2023-02-17,4.0
10159,1723,2023-02-12,Debit Card,Delivered,5,2023-02-13,2023-02-16,
10160,2924,2023-02-12,COD,Delivered,5,2023-02-13,2023-02-18,5.0
10161,876,2023-02-12,COD,Cancelled,5,,,
10162,2111,2023-02-13,UPI,Delivered,5,2023-02-14,2023-02-18,5.0
10163,1007,2023-02-13,UPI,Returned,5,2023-02-13,2023-02-15,3.0
10164,169,2023-02-13,COD,Delivered,5,2023-02-13,2023-02-18,5.0
10165,439,2023-02-14,Credit Card,Cancelled,5,,,
10166,1541,2023-02-14,Credit Card,Delivered,5,2023-02-16,2023-02-25,2.0
10167,1276,2023-02-14,UPI,Delivered,5,2023-02-14,2023-02-17,3.0
10168,2628,2023-02-14,UPI,Delivered,5,2023-02-14,2023-02-19,
10169,2624,2023-02-15,Net Banking,Delivered,5,2023-02-17,2023-02-19,5.0
10170,570,2023-02-15,Credit Card,Delivered,5,2023-02-17,2023-02-22,5.0
10171,1716,2023-02-15,COD,Delivered,5,2023-02-16,2023-02-21,4.0
10172,324,2023-02-15,UPI,Delivered,5,2023-02-16,2023-02-23,4.0
10173,1193,2023-02-15,UPI,Cancelled,5,,,
10174,314,2023-02-15,Credit Card,Cancelled,5,,,
10175,2239,2023-02-15,COD,Delivered,5,2023-02-15,2023-02-24,3.0
10176,761,2023-02-16,UPI,Returned,5,2023-02-18,2023-02-21,5.0
10177,1026,2023-02-16,UPI,Delivered,5,2023-02-17,2023-02-22,5.0
10178,1942,2023-02-16,Credit Card,Cancelled,5,,,
10179,2152,2023-02-16,UPI,Delivered,5,2023-02-16,2023-02-21,5.0
10180,2544,2023-02-17,UPI,Delivered,5,2023-02-18,2023-02-21,5.0
10181,2071,2023-02-17,Credit Card,Delivered,5,2023-02-17,2023-02-23,5.0
10182,598,2023-02-17,UPI,Delivered,5,2023-02-17,2023-02-20,5.0
10183,1382,2023-02-17,Debit Card,Delivered,5,2023-02-19,2023-02-24,5.0
10184,977,2023-02-17,UPI,Delivered,5,2023-02-17,2023-02-21,4.0
10185,588,2023-02-17,Debit Card,Delivered,5,2023-02-19,2023-02-23,4.0
10186,2358,2023-02-17,COD,Delivered,5,2023-02-18,2023-02-21,5.0
10187,1210,2023-02-18,COD,Delivered,5,2023-02-18,2023-02-20,5.0
10188,557,2023-02-18,Debit Card,Delivered,5,2023-02-19,2023-02-22,4.0
10189,2451,2023-02-18,Credit Card,Delivered,5,2023-02-18,2023-02-23,4.0
10190,1258,2023-02-18,UPI,Delivered,5,2023-02-19,2023-02-25,4.0
10191,1364,2023-02-18,Credit Card,Delivered,5,2023-02-20,2023-02-24,
10192,1010,2023-02-18,UPI,Delivered,5,2023-02-19,2023-02-23,4.0
10193,2113,2023-02-18,Debit Card,Delivered,5,2023-02-20,2023-03-01,3.0
10194,2712,2023-02-18,UPI,Delivered,5,2023-02-18,2023-02-21,5.0
10195,1355,2023-02-18,UPI,Cancelled,5,,,
10196,1509,2023-02-19,Credit Card,Delivered,5,2023-02-21,2023-02-25,
10197,2810,2023-02-19,Debit Card,Cancelled,5,,,
10198,1151,2023-02-20,UPI,Delivered,5,2023-02-22,2023-02-25,4.0
10199,1393,2023-02-20,Credit Card,Delivered,5,2023-02-20,2023-02-24,
10200,2895,2023-02-20,Credit Card,Delivered,5,2023-02-22,2023-02-28,
10201,1742,2023-02-21,COD,Delivered,5,2023-02-23,2023-02-27,4.0
10201,1742,2023-02-21,COD,Delivered,5,2023-02-23,2023-02-27,4.0
10202,2929,2023-02-21,Debit Card,Delivered,5,2023-02-21,2023-02-26,
10203,280,2023-02-21,UPI,Delivered,5,2023-02-23,2023-02-27,5.0
10204,1693,2023-02-21,COD,Delivered,5,2023-02-21,2023-02-24,5.0
10205,2228,2023-02-21,UPI,Delivered,5,2023-02-21,2023-02-27,
10206,2397,2023-02-21,UPI,Delivered,5,2023-02-21,2023-02-26,
10207,1106,2023-02-21,UPI,Delivered,5,2023-02-23,2023-02-27,
10208,584,2023-02-21,Credit Card,Delivered,5,2023-02-23,2023-02-27,
10209,2722,2023-02-22,Debit Card,Delivered,5,2023-02-24,2023-02-27,4.0
10210,1869,2023-02-22,Credit Card,Delivered,5,2023-02-23,2023-02-26,5.0
10211,1196,2023-02-22,COD,Delivered,5,2023-02-22,2023-02-25,4.0
10212,778,2023-02-22,Credit Card,Delivered,5,2023-02-24,2023-02-27,5.0
10213,2331,2023-02-22,UPI,Delivered,5,2023-02-23,2023-02-25,
10214,2052,2023-02-23,Credit Card,Delivered,5,2023-02-25,2023-02-28,4.0
10215,359,2023-02-23,Debit Card,Delivered,5,2023-02-23,2023-02-28,4.0
10216,775,2023-02-23,Credit Card,Delivered,5,2023-02-23,2023-03-02,
10217,2265,2023-02-23,Credit Card,Delivered,5,2023-02-23,2023-02-27,5.0
10218,2529,2023-02-23,Credit Card,Delivered,5,2023-02-24,2023-02-27,4.0
10219,258,2023-02-24,Credit Card,Delivered,5,2023-02-26,2023-03-04,3.0
10220,1911,2023-02-24,UPI,Delivered,5,2023-02-25,2023-03-03,
10221,2200,2023-02-24,COD,Delivered,5,2023-02-25,2023-03-01,
10222,1651,2023-02-24,UPI,Delivered,5,2023-02-25,2023-02-28,4.0
10223,530,2023-02-24,UPI,Delivered,5,2023-02-26,2023-02-28,4.0
10224,1574,2023-02-24,COD,Delivered,5,2023-02-26,2023-03-02,
10225,1719,2023-02-24,COD,Delivered,5,2023-02-26,2023-03-03,
10226,2853,2023-02-24,Debit Card,Delivered,5,2023-02-24,2023-02-28,
10227,1091,2023-02-24,Credit Card,Delivered,5,2023-02-26,2023-03-03,
10228,2704,2023-02-25,Net Banking,Delivered,5,2023-02-27,2023-03-02,
10229,1972,2023-02-25,UPI,Delivered,5,2023-02-26,2023-03-02,5.0
10230,2180,2023-02-25,UPI,Delivered,5,2023-02-25,2023-03-01,
10231,1629,2023-02-25,Credit Card,Delivered,5,2023-02-27,2023-03-04,4.0
10232,1102,2023-02-25,Credit Card,Delivered,5,2023-02-27,2023-03-04,4.0
10233,1334,2023-02-26,Credit Card,Delivered,5,2023-02-26,2023-03-02,5.0
10234,282,2023-02-27,Net Banking,Delivered,5,2023-02-27,2023-03-02,5.0
10235,1963,2023-02-27,UPI,Delivered,5,2023-02-28,2023-03-04,5.0
10236,2492,2023-02-28,UPI,Delivered,5,2023-03-01,2023-03-10,
10237,418,2023-03-01,Credit Card,Cancelled,5,,,
10238,19,2023-03-01,Credit Card,Delivered,5,2023-03-03,2023-03-08,4.0
10239,20,2023-03-01,Debit Card,Delivered,5,2023-03-03,2023-03-07,5.0
10240,2409,2023-03-01,Net Banking,Delivered,5,2023-03-02,2023-03-07,5.0
10241,795,2023-03-02,Debit Card,Delivered,5,2023-03-04,2023-03-08,4.0
10242,1186,2023-03-02,Net Banking,Delivered,5,2023-03-04,2023-03-10,5.0
10243,2445,2023-03-02,UPI,Cancelled,5,,,
10244,639,2023-03-02,UPI,Delivered,5,2023-03-04,2023-03-07,3.0
10245,286,2023-03-02,UPI,Delivered,5,2023-03-03,2023-03-05,5.0
10246,2535,2023-03-03,COD,Delivered,5,2023-03-03,2023-03-10,4.0
10247,1068,2023-03-03,UPI,Delivered,5,2023-03-04,2023-03-06,5.0
10248,2596,2023-03-04,UPI,Delivered,5,2023-03-05,2023-03-11,
10249,762,2023-03-04,UPI,Cancelled,5,,,
10250,127,2023-03-04,UPI,Delivered,5,2023-03-04,2023-03-07,4.0
10251,1778,2023-03-04,Debit Card,Delivered,5,2023-03-06,2023-03-09,4.0
10252,493,2023-03-05,COD,Delivered,5,2023-03-05,2023-03-11,4.0
10253,1591,2023-03-05,UPI,Delivered,5,2023-03-05,2023-03-15,2.0
10254,1765,2023-03-05,Credit Card,Delivered,5,2023-03-05,2023-03-11,5.0
10255,2753,2023-03-06,UPI,Delivered,5,2023-03-06,2023-03-08,
10256,2062,2023-03-06,UPI,Cancelled,5,,,
10257,993,2023-03-07,UPI,Delivered,5,2023-03-08,2023-03-11,4.0
10258,399,2023-03-07,Credit Card,Delivered,5,2023-03-09,2023-03-13,4.0
10259,955,2023-03-07,Credit Card,Delivered,5,2023-03-08,2023-03-12,
10260,2358,2023-03-08,Debit Card,Delivered,5,2023-03-10,2023-03-13,5.0
10261,1328,2023-03-08,COD,Delivered,5,2023-03-10,2023-03-14,5.0
10262,2988,2023-03-08,UPI,Delivered,5,2023-03-08,2023-03-11,5.0
10263,2929,2023-03-08,COD,Delivered,5,2023-03-09,2023-03-14,4.0
10264,650,2023-03-08,Debit Card,Delivered,5,2023-03-10,2023-03-14,
10265,836,2023-03-08,UPI,Delivered,5,2023-03-10,2023-03-14,4.0
10266,468,2023-03-08,UPI,Delivered,5,2023-03-08,2023-03-11,5.0
10267,171,2023-03-08,UPI,Delivered,5,2023-03-10,2023-03-15,5.0
10268,621,2023-03-09,UPI,Delivered,5,2023-03-10,2023-03-13,
10269,1549,2023-03-09,UPI,Delivered,5,2023-03-09,2023-03-13,5.0
10270,2874,2023-03-09,UPI,Delivered,5,2023-03-09,2023-03-12,4.0
10271,2334,2023-03-09,COD,Delivered,5,2023-03-10,2023-03-16,
10272,2269,2023-03-09,COD,Delivered,5,2023-03-09,2023-03-12,5.0
10273,2544,2023-03-10,Credit Card,Delivered,5,2023-03-11,2023-03-16,4.0
10274,447,2023-03-10,Debit Card,Delivered,5,2023-03-11,2023-03-17,
10275,862,2023-03-10,Net Banking,Delivered,5,2023-03-10,2023-03-15,
10276,767,2023-03-10,UPI,Cancelled,5,,,
10277,2594,2023-03-10,Credit Card,Delivered,5,2023-03-10,2023-03-13,3.0
10278,1773,2023-03-10,Debit Card,Delivered,5,2023-03-11,2023-03-14,5.0
10279,2006,2023-03-10,COD,Delivered,5,2023-03-10,2023-03-14,4.0
10280,638,2023-03-10,COD,Delivered,5,2023-03-12,2023-03-16,5.0
10281,2057,2023-03-10,UPI,Delivered,5,2023-03-10,2023-03-13,4.0
10282,1311,2023-03-11,Debit Card,Delivered,5,2023-03-11,2023-03-17,4.0
10283,1196,2023-03-11,UPI,Delivered,5,2023-03-11,2023-03-13,5.0
10284,2219,2023-03-11,UPI,Delivered,5,2023-03-12,2023-03-15,4.0
10285,179,2023-03-11,Credit Card,Delivered,5,2023-03-13,2023-03-16,
10286,2596,2023-03-11,Debit Card,Delivered,5,2023-03-11,2023-03-15,
10286,2596,2023-03-11,Debit Card,Delivered,5,2023-03-11,2023-03-15,
10287,2193,2023-03-11,UPI,Delivered,5,2023-03-11,2023-03-14,5.0
10288,1010,2023-03-12,UPI,Cancelled,5,,,
10289,1101,2023-03-12,Debit Card,Delivered,5,2023-03-12,2023-03-15,5.0
10290,1430,2023-03-12,UPI,Returned,5,2023-03-12,2023-03-15,
10291,1822,2023-03-12,COD,Returned,5,2023-03-13,2023-03-16,4.0
10292,2775,2023-03-12,Credit Card,Delivered,5,2023-03-12,2023-03-14,4.0
10293,2061,2023-03-12,Credit Card,Delivered,5,2023-03-13,2023-03-18,5.0
10294,1461,2023-03-12,UPI,Delivered,5,2023-03-14,2023-03-21,
10295,2556,2023-03-12,Net Banking,Delivered,5,2023-03-14,2023-03-17,
10296,631,2023-03-13,COD,Delivered,5,2023-03-14,2023-03-18,5.0
10297,1272,2023-03-13,UPI,Delivered,5,2023-03-14,2023-03-19,4.0
10298,1479,2023-03-13,Debit Card,Cancelled,5,,,
10299,996,2023-03-13,COD,Delivered,5,2023-03-15,2023-03-18,
10300,2386,2023-03-13,UPI,Delivered,5,2023-03-13,2023-03-18,4.0
10301,1484,2023-03-13,Credit Card,Delivered,5,2023-03-13,2023-03-16,4.0
10302,2652,2023-03-13,COD,Delivered,5,2023-03-13,2023-03-17,3.0
10303,440,2023-03-14,Credit Card,Delivered,5,2023-03-14,2023-03-18,5.0
10304,1271,2023-03-14,COD,Cancelled,5,,,
10305,1192,2023-03-14,UPI,Delivered,5,2023-03-14,2023-03-18,4.0
10306,2375,2023-03-14,COD,Delivered,5,2023-03-14,2023-03-17,5.0
10307,2163,2023-03-15,Net Banking,Delivered,5,2023-03-17,2023-03-24,
10308,2106,2023-03-15,UPI,Delivered,5,2023-03-15,2023-03-21,
10309,2451,2023-03-15,Credit Card,Cancelled,5,,,
10310,2605,2023-03-15,Debit Card,Cancelled,5,,,
10311,435,2023-03-15,COD,Delivered,5,2023-03-17,2023-03-21,5.0
10312,775,2023-03-15,UPI,Delivered,5,2023-03-17,2023-03-21,
10313,1007,2023-03-15,UPI,Delivered,5,2023-03-17,2023-03-21,5.0
10314,2722,2023-03-15,COD,Delivered,5,2023-03-16,2023-03-22,4.0
10315,1528,2023-03-16,UPI,Delivered,5,2023-03-17,2023-03-21,5.0
10316,566,2023-03-16,Debit Card,Returned,5,2023-03-16,2023-03-20,5.0
10317,2239,2023-03-16,Credit Card,Delivered,5,2023-03-16,2023-03-19,
10318,1373,2023-03-16,Net Banking,Delivered,5,2023-03-17,2023-03-19,4.0
10319,323,2023-03-17,UPI,Delivered,5,2023-03-17,2023-03-20,5.0
10320,1283,2023-03-17,Net Banking,Delivered,5,2023-03-19,2023-03-24,3.0
10321,1671,2023-03-17,Credit Card,Delivered,5,2023-03-18,2023-03-23,4.0
10322,1620,2023-03-17,COD,Delivered,5,2023-03-17,2023-03-21,5.0
10323,1963,2023-03-17,UPI,Delivered,5,2023-03-19,2023-03-23,
10324,2080,2023-03-18,Debit Card,Delivered,5,2023-03-18,2023-03-23,4.0
10325,328,2023-03-18,COD,Delivered,5,2023-03-19,2023-03-21,5.0
10326,321,2023-03-18,COD,Delivered,5,2023-03-20,2023-03-24,
10327,200,2023-03-19,UPI,Delivered,5,2023-03-20,2023-03-27,
10328,359,2023-03-19,Credit Card,Delivered,5,2023-03-21,2023-03-26,
10329,99,2023-03-19,UPI,Delivered,5,2023-03-21,2023-03-26,4.0
10330,906,2023-03-19,UPI,Delivered,5,2023-03-20,2023-03-24,3.0
10331,967,2023-03-19,Debit Card,Delivered,5,2023-03-20,2023-03-23,4.0
10332,116,2023-03-19,Net Banking,Delivered,5,2023-03-19,2023-03-22,5.0
10332,116,2023-03-19,Net Banking,Delivered,5,2023-03-19,2023-03-22,5.0
10333,414,2023-03-19,Debit Card,Delivered,5,2023-03-21,2023-03-26,5.0
10334,2255,2023-03-19,UPI,Delivered,5,2023-03-19,2023-03-26,5.0
10335,2355,2023-03-20,UPI,Delivered,5,2023-03-20,2023-03-23,4.0
10336,717,2023-03-20,UPI,Delivered,5,2023-03-22,2023-03-28,4.0
10337,2046,2023-03-20,UPI,Delivered,5,2023-03-20,2023-03-25,
10338,2817,2023-03-20,COD,Delivered,5,2023-03-22,2023-03-26,
10339,2363,2023-03-20,UPI,Delivered,5,2023-03-21,2023-03-28,4.0
10340,513,2023-03-20,UPI,Delivered,5,2023-03-21,2023-03-26,
10341,1190,2023-03-20,Debit Card,Delivered,5,2023-03-22,2023-03-28,
10342,2215,2023-03-20,UPI,Delivered,5,2023-03-20,2023-03-24,
10343,531,2023-03-20,UPI,Delivered,5,2023-03-22,2023-03-27,4.0
10344,691,2023-03-20,Credit Card,Delivered,5,2023-03-20,2023-03-24,5.0
10344,691,2023-03-20,Credit Card,Delivered,5,2023-03-20,2023-03-24,5.0
10345,220,2023-03-21,UPI,Delivered,5,2023-03-23,2023-03-27,4.0
10346,1271,2023-03-21,Credit Card,Delivered,5,2023-03-23,2023-03-26,3.0
10347,1478,2023-03-21,Credit Card,Delivered,5,2023-03-22,2023-03-25,4.0
10348,121,2023-03-21,Debit Card,Cancelled,5,,,
10349,1470,2023-03-21,UPI,Delivered,5,2023-03-21,2023-03-24,4.0
10350,2106,2023-03-22,UPI,Delivered,5,2023-03-23,2023-04-01,3.0
10351,2482,2023-03-22,Debit Card,Delivered,5,2023-03-24,2023-03-29,5.0
10352,1012,2023-03-22,UPI,Delivered,5,2023-03-23,2023-03-27,4.0
10353,2651,2023-03-22,UPI,Delivered,5,2023-03-22,2023-03-30,2.0
10354,2606,2023-03-22,UPI,Cancelled,5,,,
10355,2061,2023-03-23,UPI,Delivered,5,2023-03-23,2023-03-29,4.0
10356,2529,2023-03-23,UPI,Delivered,5,2023-03-24,2023-03-26,4.0
10357,2593,2023-03-24,Net Banking,Delivered,5,2023-03-25,2023-04-03,
10358,1595,2023-03-24,Credit Card,Delivered,5,2023-03-24,2023-03-29,4.0
10359,1582,2023-03-24,Credit Card,Delivered,5,2023-03-24,2023-03-27,
10360,760,2023-03-24,UPI,Delivered,5,2023-03-26,2023-04-02,
10361,1206,2023-03-24,UPI,Delivered,5,2023-03-26,2023-03-29,
10362,2697,2023-03-24,COD,Delivered,5,2023-03-24,2023-03-26,
10363,2242,2023-03-24,Debit Card,Delivered,5,2023-03-24,2023-03-28,
10364,1878,2023-03-24,Net Banking,Delivered,5,2023-03-25,2023-04-01,3.0
10365,1029,2023-03-25,UPI,Delivered,5,2023-03-27,2023-03-31,
10366,548,2023-03-25,UPI,Delivered,5,2023-03-25,2023-03-28,
10367,2212,2023-03-25,Debit Card,Delivered,5,2023-03-26,2023-03-29,4.0
10368,2334,2023-03-25,UPI,Delivered,5,2023-03-27,2023-03-30,5.0
10369,62,2023-03-25,UPI,Cancelled,5,,,
10370,2244,2023-03-26,UPI,Delivered,5,2023-03-27,2023-03-30,5.0
10371,320,2023-03-26,UPI,Delivered,5,2023-03-27,2023-04-03,4.0
10372,2440,2023-03-26,COD,Cancelled,5,,,
10373,1549,2023-03-26,COD,Delivered,5,2023-03-27,2023-03-31,4.0
10374,2104,2023-03-26,Debit Card,Delivered,5,2023-03-27,2023-03-30,4.0
10375,1567,2023-03-26,UPI,Delivered,5,2023-03-28,2023-04-03,4.0
10376,1099,2023-03-26,COD,Delivered,5,2023-03-27,2023-03-31,4.0
10377,2056,2023-03-26,Debit Card,Delivered,5,2023-03-28,2023-03-31,
10378,466,2023-03-26,COD,Delivered,5,2023-03-27,2023-03-30,4.0
10379,256,2023-03-26,Credit Card,Delivered,5,2023-03-27,2023-03-31,5.0
10380,1556,2023-03-26,Net Banking,Delivered,5,2023-03-26,2023-03-31,
10381,1607,2023-03-27,UPI,Delivered,5,2023-03-28,2023-04-03,4.0
10382,2468,2023-03-27,Debit Card,Delivered,5,2023-03-27,2023-03-31,4.0
10383,2463,2023-03-27,COD,Delivered,5,2023-03-27,2023-03-31,
10384,2422,2023-03-27,COD,Delivered,5,2023-03-29,2023-04-02,5.0
10385,2890,2023-03-27,Net Banking,Delivered,5,2023-03-29,2023-04-03,5.0
10386,1229,2023-03-28,UPI,Delivered,5,2023-03-28,2023-04-02,4.0
10387,1546,2023-03-28,Debit Card,Delivered,5,2023-03-29,2023-04-04,
10388,1083,2023-03-28,UPI,Delivered,5,2023-03-29,2023-04-01,5.0
10389,1176,2023-03-28,Debit Card,Returned,5,2023-03-30,2023-04-01,
10390,2005,2023-03-28,UPI,Delivered,5,2023-03-28,2023-04-02,4.0
10391,558,2023-03-28,Credit Card,Delivered,5,2023-03-29,2023-04-01,
10392,967,2023-03-28,COD,Delivered,5,2023-03-30,2023-04-05,4.0
10393,50,2023-03-28,COD,Delivered,5,2023-03-30,2023-04-04,
10394,176,2023-03-29,Credit Card,Delivered,5,2023-03-30,2023-04-03,4.0
10395,237,2023-03-29,UPI,Delivered,5,2023-03-29,2023-04-02,5.0
10396,2376,2023-03-29,UPI,Delivered,5,2023-03-31,2023-04-04,5.0
10397,1278,2023-03-29,UPI,Delivered,5,2023-03-31,2023-04-03,5.0
10398,1955,2023-03-29,UPI,Delivered,5,2023-03-30,2023-04-05,4.0
10399,2296,2023-03-29,COD,Delivered,5,2023-03-30,2023-04-06,4.0
10400,1917,2023-03-29,Credit Card,Delivered,5,2023-03-30,2023-04-01,5.0
10401,2246,2023-03-30,UPI,Returned,5,2023-03-30,2023-04-02,4.0
10402,2492,2023-03-30,Debit Card,Delivered,5,2023-04-01,2023-04-05,5.0
10403,1954,2023-03-30,UPI,Delivered,5,2023-03-31,2023-04-06,5.0
10404,2621,2023-03-30,UPI,Delivered,5,2023-04-01,2023-04-04,
10405,1686,2023-03-30,UPI,Delivered,5,2023-03-31,2023-04-04,5.0
10406,2767,2023-03-31,UPI,Delivered,5,2023-04-02,2023-04-08,4.0
10407,1359,2023-03-31,Credit Card,Delivered,5,2023-03-31,2023-04-04,4.0
10408,2686,2023-03-31,Debit Card,Delivered,5,2023-04-02,2023-04-05,4.0
10409,158,2023-03-31,Credit Card,Delivered,5,2023-04-01,2023-04-07,3.0
10410,278,2023-03-31,COD,Delivered,5,2023-04-01,2023-04-07,
10411,2774,2023-03-31,COD,Delivered,5,2023-04-02,2023-04-06,
10412,1271,2023-03-31,COD,Delivered,5,2023-04-01,2023-04-04,5.0
10413,1668,2023-03-31,Net Banking,Delivered,5,2023-04-02,2023-04-05,
10414,464,2023-03-31,COD,Delivered,5,2023-04-01,2023-04-07,5.0
10415,523,2023-03-31,COD,Delivered,5,2023-04-02,2023-04-07,
10416,2269,2023-03-31,UPI,Delivered,5,2023-04-02,2023-04-05,4.0
10417,1984,2023-03-31,UPI,Delivered,5,2023-04-02,2023-04-06,
10417,1984,2023-03-31,UPI,Delivered,5,2023-04-02,2023-04-06,
10418,109,2023-03-31,Debit Card,Delivered,5,2023-04-02,2023-04-07,4.0
10419,614,2023-04-01,COD,Delivered,5,2023-04-02,2023-04-06,5.0
10420,686,2023-04-01,COD,Delivered,5,2023-04-02,2023-04-07,
10421,1224,2023-04-01,Debit Card,Delivered,5,2023-04-01,2023-04-04,4.0
10422,1773,2023-04-01,COD,Delivered,5,2023-04-02,2023-04-05,4.0
10423,603,2023-04-01,Debit Card,Delivered,5,2023-04-03,2023-04-08,
10424,2651,2023-04-01,Debit Card,Delivered,5,2023-04-01,2023-04-03,4.0
10425,978,2023-04-02,UPI,Delivered,5,2023-04-02,2023-04-05,5.0
10426,527,2023-04-02,Credit Card,Delivered,5,2023-04-04,2023-04-06,5.0
10427,1746,2023-04-02,UPI,Delivered,5,2023-04-02,2023-04-04,4.0
10428,2663,2023-04-02,UPI,Delivered,5,2023-04-04,2023-04-09,4.0
10429,126,2023-04-02,Credit Card,Delivered,5,2023-04-04,2023-04-08,5.0
10430,790,2023-04-02,UPI,Delivered,5,2023-04-04,2023-04-08,4.0
10431,2421,2023-04-03,COD,Delivered,5,2023-04-03,2023-04-09,
10432,2290,2023-04-03,Credit Card,Delivered,5,2023-04-04,2023-04-07,
10433,2106,2023-04-03,Debit Card,Delivered,5,2023-04-05,2023-04-11,4.0
10434,745,2023-04-04,UPI,Delivered,5,2023-04-06,2023-04-10,4.0
10435,241,2023-04-04,COD,Delivered,5,2023-04-04,2023-04-10,5.0
10436,1723,2023-04-04,Credit Card,Delivered,5,2023-04-04,2023-04-08,4.0
10437,1516,2023-04-04,Credit Card,Delivered,5,2023-04-05,2023-04-09,4.0
10438,2504,2023-04-04,Debit Card,Cancelled,5,,,
10439,2163,2023-04-04,Credit Card,Cancelled,5,,,
10440,524,2023-04-04,Credit Card,Cancelled,5,,,
10441,1319,2023-04-05,COD,Delivered,5,2023-04-06,2023-04-11,4.0
10442,53,2023-04-05,COD,Delivered,5,2023-04-06,2023-04-10,
10443,1061,2023-04-05,UPI,Delivered,5,2023-04-05,2023-04-12,
10444,1616,2023-04-05,COD,Delivered,5,2023-04-05,2023-04-07,3.0
10445,105,2023-04-05,UPI,Delivered,5,2023-04-07,2023-04-12,4.0
10446,1229,2023-04-05,UPI,Delivered,5,2023-04-05,2023-04-10,3.0
10447,2171,2023-04-05,UPI,Cancelled,5,,,
10448,613,2023-04-05,UPI,Delivered,5,2023-04-07,2023-04-09,5.0
10449,2255,2023-04-05,UPI,Delivered,5,2023-04-07,2023-04-12,4.0
10450,956,2023-04-06,COD,Delivered,5,2023-04-07,2023-04-10,5.0
10451,2901,2023-04-06,Credit Card,Delivered,5,2023-04-07,2023-04-12,
10452,2212,2023-04-06,Net Banking,Delivered,5,2023-04-06,2023-04-11,
10453,639,2023-04-06,UPI,Delivered,5,2023-04-07,2023-04-10,5.0
10454,2593,2023-04-06,Debit Card,Delivered,5,2023-04-08,2023-04-12,
10455,563,2023-04-07,UPI,Delivered,5,2023-04-09,2023-04-14,4.0
10456,2559,2023-04-07,Credit Card,Delivered,5,2023-04-07,2023-04-10,4.0
10457,127,2023-04-07,UPI,Delivered,5,2023-04-09,2023-04-13,3.0
10458,897,2023-04-07,Debit Card,Delivered,5,2023-04-07,2023-04-11,5.0
10459,2526,2023-04-07,COD,Delivered,5,2023-04-07,2023-04-11,5.0
10460,2804,2023-04-07,UPI,Delivered,5,2023-04-08,2023-04-11,
10461,499,2023-04-07,UPI,Delivered,5,2023-04-08,2023-04-11,
10462,2905,2023-04-08,UPI,Delivered,5,2023-04-08,2023-04-12,5.0
10463,1385,2023-04-08,UPI,Delivered,5,2023-04-08,2023-04-10,
10464,1947,2023-04-08,Debit Card,Delivered,5,2023-04-10,2023-04-14,5.0
10465,2334,2023-04-08,Credit Card,Delivered,5,2023-04-08,2023-04-13,
10466,1370,2023-04-08,COD,Delivered,5,2023-04-10,2023-04-12,5.0
10467,445,2023-04-08,Net Banking,Delivered,5,2023-04-10,2023-04-12,5.0
10468,2009,2023-04-08,UPI,Delivered,5,2023-04-10,2023-04-14,5.0
10469,280,2023-04-08,COD,Delivered,5,2023-04-09,2023-04-14,5.0
10470,2439,2023-04-08,COD,Delivered,5,2023-04-09,2023-04-15,4.0
10471,691,2023-04-08,UPI,Delivered,5,2023-04-09,2023-04-16,
10472,2649,2023-04-09,COD,Delivered,5,2023-04-10,2023-04-14,4.0
10473,1350,2023-04-09,Credit Card,Delivered,5,2023-04-11,2023-04-16,
10474,2501,2023-04-09,Debit Card,Delivered,5,2023-04-10,2023-04-16,4.0
10475,1345,2023-04-09,Debit Card,Delivered,5,2023-04-09,2023-04-12,5.0
10476,410,2023-04-09,COD,Delivered,5,2023-04-11,2023-04-15,5.0
10477,2409,2023-04-09,COD,Delivered,5,2023-04-09,2023-04-13,
10478,2563,2023-04-09,COD,Delivered,5,2023-04-10,2023-04-14,
10479,518,2023-04-09,UPI,Delivered,5,2023-04-09,2023-04-15,
10480,1974,2023-04-09,Net Banking,Delivered,5,2023-04-10,2023-04-14,5.0
10481,2220,2023-04-10,Debit Card,Delivered,5,2023-04-10,2023-04-13,4.0
10482,2842,2023-04-10,COD,Delivered,5,2023-04-10,2023-04-13,4.0
10483,685,2023-04-10,COD,Delivered,5,2023-04-12,2023-04-18,4.0
10484,513,2023-04-10,UPI,Delivered,5,2023-04-10,2023-04-13,5.0
10485,2250,2023-04-11,UPI,Delivered,5,2023-04-11,2023-04-14,4.0
10486,509,2023-04-11,COD,Delivered,5,2023-04-11,2023-04-15,5.0
10487,46,2023-04-11,COD,Delivered,5,2023-04-11,2023-04-17,4.0
10488,69,2023-04-11,COD,Delivered,5,2023-04-13,2023-04-19,5.0
10489,1268,2023-04-11,Credit Card,Delivered,5,2023-04-12,2023-04-15,4.0
10490,256,2023-04-11,UPI,Returned,5,2023-04-12,2023-04-17,
10491,1082,2023-04-12,Credit Card,Delivered,5,2023-04-12,2023-04-16,
10492,1523,2023-04-12,UPI,Delivered,5,2023-04-14,2023-04-17,5.0
10493,2570,2023-04-12,COD,Cancelled,5,,,
10494,2989,2023-04-12,Credit Card,Delivered,5,2023-04-13,2023-04-16,
10495,2528,2023-04-12,UPI,Delivered,5,2023-04-12,2023-04-16,4.0
10496,1224,2023-04-12,Credit Card,Delivered,5,2023-04-13,2023-04-18,
10497,688,2023-04-12,COD,Delivered,5,2023-04-14,2023-04-20,3.0
10497,688,2023-04-12,COD,Delivered,5,2023-04-14,2023-04-20,3.0
10498,930,2023-04-12,Debit Card,Delivered,5,2023-04-13,2023-04-17,5.0
10499,1591,2023-04-13,UPI,Returned,5,2023-04-14,2023-04-21,
10500,1545,2023-04-13,Credit Card,Delivered,5,2023-04-13,2023-04-17,
10501,1844,2023-04-13,Credit Card,Cancelled,5,,,
10502,830,2023-04-13,UPI,Delivered,5,2023-04-15,2023-04-21,
10503,154,2023-04-13,Debit Card,Delivered,5,2023-04-15,2023-04-19,
10504,171,2023-04-14,UPI,Delivered,5,2023-04-14,2023-04-17,5.0
10505,2163,2023-04-14,Credit Card,Delivered,5,2023-04-15,2023-04-18,4.0
10506,1950,2023-04-14,Credit Card,Delivered,5,2023-04-16,2023-04-18,
10507,2810,2023-04-14,Credit Card,Delivered,5,2023-04-15,2023-04-18,5.0
10508,1820,2023-04-14,Credit Card,Cancelled,5,,,
10509,1559,2023-04-14,Debit Card,Delivered,5,2023-04-15,2023-04-17,5.0
10510,993,2023-04-14,UPI,Delivered,5,2023-04-15,2023-04-19,4.0
10511,262,2023-04-14,UPI,Delivered,5,2023-04-15,2023-04-17,
10512,1576,2023-04-14,COD,Delivered,5,2023-04-15,2023-04-17,5.0
10513,2663,2023-04-15,COD,Delivered,5,2023-04-15,2023-04-18,5.0
10514,183,2023-04-15,UPI,Delivered,5,2023-04-15,2023-04-18,5.0
10515,2259,2023-04-15,UPI,Delivered,5,2023-04-15,2023-04-21,5.0
10516,360,2023-04-15,COD,Delivered,5,2023-04-16,2023-04-19,5.0
10517,1098,2023-04-15,UPI,Delivered,5,2023-04-15,2023-04-21,5.0
10518,1521,2023-04-15,Net Banking,Delivered,5,2023-04-16,2023-04-19,
10519,2437,2023-04-15,COD,Delivered,5,2023-04-17,2023-04-19,5.0
10520,344,2023-04-15,UPI,Delivered,5,2023-04-17,2023-04-19,5.0
10521,176,2023-04-16,UPI,Delivered,5,2023-04-17,2023-04-21,5.0
10522,2556,2023-04-16,Net Banking,Delivered,5,2023-04-17,2023-04-21,
10523,202,2023-04-16,UPI,Delivered,5,2023-04-16,2023-04-21,5.0
10524,2890,2023-04-16,Credit Card,Delivered,5,2023-04-16,2023-04-21,5.0
10525,1666,2023-04-16,UPI,Cancelled,5,,,
10526,2762,2023-04-16,Debit Card,Delivered,5,2023-04-16,2023-04-19,4.0
10527,1825,2023-04-16,COD,Delivered,5,2023-04-16,2023-04-22,
10528,1347,2023-04-17,Debit Card,Delivered,5,2023-04-19,2023-04-23,5.0
10529,1006,2023-04-17,UPI,Delivered,5,2023-04-17,2023-04-22,4.0
10530,174,2023-04-17,Credit Card,Delivered,5,2023-04-17,2023-04-20,4.0
10531,1620,2023-04-17,Debit Card,Delivered,5,2023-04-18,2023-04-22,4.0
10532,1186,2023-04-17,UPI,Delivered,5,2023-04-18,2023-04-23,4.0
10533,664,2023-04-17,COD,Delivered,5,2023-04-17,2023-04-21,5.0
10534,200,2023-04-18,Debit Card,Delivered,5,2023-04-18,2023-04-20,4.0
10535,268,2023-04-18,UPI,Delivered,5,2023-04-18,2023-04-21,
10536,967,2023-04-18,Net Banking,Delivered,5,2023-04-19,2023-04-22,4.0
10537,844,2023-04-19,Credit Card,Delivered,5,2023-04-20,2023-04-23,4.0
10538,566,2023-04-19,UPI,Delivered,5,2023-04-20,2023-04-24,5.0
10539,169,2023-04-19,UPI,Delivered,5,2023-04-21,2023-04-23,
10540,678,2023-04-19,UPI,Delivered,5,2023-04-21,2023-04-27,5.0
10541,492,2023-04-19,UPI,Returned,5,2023-04-21,2023-04-26,5.0
10542,2467,2023-04-19,UPI,Delivered,5,2023-04-20,2023-04-27,4.0
10543,1703,2023-04-19,COD,Delivered,5,2023-04-21,2023-04-29,3.0
10544,530,2023-04-19,Debit Card,Delivered,5,2023-04-19,2023-04-23,5.0
10545,701,2023-04-19,UPI,Delivered,5,2023-04-21,2023-04-24,5.0
10546,1221,2023-04-20,Debit Card,Delivered,5,2023-04-21,2023-04-25,4.0
10547,461,2023-04-20,Debit Card,Returned,5,2023-04-21,2023-04-25,
10548,1753,2023-04-20,Credit Card,Delivered,5,2023-04-20,2023-04-25,4.0
10549,1185,2023-04-20,Net Banking,Delivered,5,2023-04-20,2023-04-23,4.0
10550,1635,2023-04-20,UPI,Delivered,5,2023-04-22,2023-04-25,5.0
10551,2052,2023-04-20,UPI,Delivered,5,2023-04-20,2023-04-23,4.0
10552,148,2023-04-21,UPI,Delivered,5,2023-04-22,2023-04-26,4.0
10553,2180,2023-04-21,UPI,Delivered,5,2023-04-23,2023-04-26,
10554,276,2023-04-21,Credit Card,Delivered,5,2023-04-23,2023-04-27,4.0
10555,422,2023-04-21,UPI,Delivered,5,2023-04-22,2023-04-27,
10556,2944,2023-04-21,Credit Card,Delivered,5,2023-04-23,2023-04-29,5.0
10557,1748,2023-04-21,COD,Delivered,5,2023-04-22,2023-05-02,3.0
10558,1675,2023-04-21,COD,Delivered,5,2023-04-21,2023-04-26,
10559,1277,2023-04-21,Debit Card,Delivered,5,2023-04-22,2023-04-27,4.0
10560,1264,2023-04-21,Debit Card,Delivered,5,2023-04-23,2023-04-27,
10561,2651,2023-04-21,Debit Card,Delivered,5,2023-04-23,2023-04-30,4.0
10562,1012,2023-04-22,Credit Card,Delivered,5,2023-04-24,2023-04-30,5.0
10563,1352,2023-04-22,UPI,Delivered,5,2023-04-22,2023-04-25,5.0
10564,2118,2023-04-22,UPI,Delivered,5,2023-04-24,2023-04-28,5.0
10565,2697,2023-04-22,UPI,Delivered,5,2023-04-23,2023-04-27,
10566,1710,2023-04-22,Credit Card,Delivered,5,2023-04-23,2023-04-26,5.0
10567,2476,2023-04-22,Credit Card,Delivered,5,2023-04-23,2023-04-27,5.0
10568,624,2023-04-23,UPI,Delivered,5,2023-04-25,2023-04-29,4.0
10569,2532,2023-04-23,UPI,Delivered,5,2023-04-24,2023-04-30,
10570,1848,2023-04-23,COD,Delivered,5,2023-04-23,2023-04-27,4.0
10571,2042,2023-04-23,UPI,Delivered,5,2023-04-24,2023-04-29,4.0
10572,105,2023-04-23,Credit Card,Delivered,5,2023-04-25,2023-04-30,5.0
10573,1723,2023-04-23,UPI,Delivered,5,2023-04-23,2023-04-29,
10574,803,2023-04-23,UPI,Delivered,5,2023-04-23,2023-04-28,4.0
10575,927,2023-04-23,COD,Delivered,5,2023-04-23,2023-04-27,
10576,2626,2023-04-23,UPI,Delivered,5,2023-04-25,2023-04-28,
10577,2439,2023-04-23,UPI,Returned,5,2023-04-25,2023-04-30,
10578,197,2023-04-23,Net Banking,Delivered,5,2023-04-25,2023-05-01,5.0
10579,830,2023-04-24,Credit Card,Delivered,5,2023-04-24,2023-04-28,4.0
10580,2544,2023-04-24,Debit Card,Delivered,5,2023-04-26,2023-04-30,5.0
10581,2242,2023-04-24,Debit Card,Delivered,5,2023-04-26,2023-04-30,5.0
10582,1393,2023-04-24,UPI,Delivered,5,2023-04-26,2023-04-29,5.0
10583,1521,2023-04-24,UPI,Delivered,5,2023-04-26,2023-04-28,
10584,1417,2023-04-24,UPI,Returned,5,2023-04-26,2023-04-29,4.0
10585,2629,2023-04-24,UPI,Returned,5,2023-04-24,2023-04-29,
10586,1803,2023-04-24,UPI,Cancelled,5,,,
10587,2993,2023-04-24,Debit Card,Delivered,5,2023-04-26,2023-04-30,4.0
10588,1911,2023-04-24,UPI,Delivered,5,2023-04-25,2023-05-02,
10589,2809,2023-04-24,UPI,Delivered,5,2023-04-26,2023-05-02,
10590,715,2023-04-24,Credit Card,Delivered,5,2023-04-24,2023-05-02,4.0
10591,1541,2023-04-25,Credit Card,Delivered,5,2023-04-26,2023-05-06,
10592,1438,2023-04-25,Debit Card,Delivered,5,2023-04-27,2023-04-29,
10593,2070,2023-04-25,UPI,Cancelled,5,,,
10594,1395,2023-04-25,Debit Card,Delivered,5,2023-04-26,2023-04-29,
10595,1007,2023-04-25,COD,Delivered,5,2023-04-25,2023-04-28,5.0
10596,1962,2023-04-25,Credit Card,Delivered,5,2023-04-27,2023-04-30,5.0
10597,2798,2023-04-25,COD,Delivered,5,2023-04-27,2023-05-03,5.0
10598,1950,2023-04-25,UPI,Delivered,5,2023-04-26,2023-05-01,
10599,2109,2023-04-26,UPI,Delivered,5,2023-04-27,2023-05-02,
10600,2468,2023-04-26,UPI,Delivered,5,2023-04-27,2023-05-02,5.0
10601,2631,2023-04-26,Credit Card,Delivered,5,2023-04-27,2023-05-03,
10602,786,2023-04-26,COD,Delivered,5,2023-04-27,2023-04-30,
10603,836,2023-04-26,UPI,Delivered,5,2023-04-28,2023-05-01,
10604,130,2023-04-26,UPI,Delivered,5,2023-04-28,2023-05-03,5.0
10605,574,2023-04-26,COD,Delivered,5,2023-04-26,2023-05-01,4.0
10606,1687,2023-04-26,UPI,Delivered,5,2023-04-26,2023-05-03,
10607,2778,2023-04-27,Debit Card,Delivered,5,2023-04-28,2023-05-02,
10608,566,2023-04-27,UPI,Delivered,5,2023-04-28,2023-05-02,3.0
10609,1392,2023-04-27,Net Banking,Delivered,5,2023-04-28,2023-05-01,
10609,1392,2023-04-27,Net Banking,Delivered,5,2023-04-28,2023-05-01,
10610,2895,2023-04-27,UPI,Delivered,5,2023-04-27,2023-05-01,5.0
10611,1315,2023-04-27,Debit Card,Delivered,5,2023-04-27,2023-04-29,5.0
10612,1594,2023-04-27,Credit Card,Delivered,5,2023-04-28,2023-05-08,4.0
10613,2403,2023-04-28,Net Banking,Delivered,5,2023-04-30,2023-05-05,
10614,1666,2023-04-28,Net Banking,Delivered,5,2023-04-29,2023-05-07,3.0
10615,1822,2023-04-28,COD,Delivered,5,2023-04-30,2023-05-05,
10616,2570,2023-04-28,UPI,Delivered,5,2023-04-28,2023-05-02,5.0
10617,27,2023-04-28,Credit Card,Delivered,5,2023-04-30,2023-05-04,5.0
10618,613,2023-04-28,COD,Delivered,5,2023-04-30,2023-05-05,5.0
10619,2167,2023-04-28,Debit Card,Delivered,5,2023-04-29,2023-05-03,4.0
10620,2608,2023-04-28,COD,Delivered,5,2023-04-30,2023-05-05,5.0
10621,1373,2023-04-28,COD,Cancelled,5,,,
10622,1773,2023-04-29,UPI,Delivered,5,2023-05-01,2023-05-04,5.0
10623,839,2023-04-29,UPI,Delivered,5,2023-04-30,2023-05-04,3.0
10624,1556,2023-04-29,UPI,Delivered,5,2023-05-01,2023-05-04,4.0
10625,1609,2023-04-29,Debit Card,Delivered,5,2023-04-30,2023-05-02,5.0
10626,2460,2023-04-29,Credit Card,Delivered,5,2023-04-29,2023-05-04,5.0
10627,587,2023-04-29,UPI,Delivered,5,2023-05-01,2023-05-05,
10628,2686,2023-04-30,COD,Delivered,5,2023-05-01,2023-05-05,5.0
10629,127,2023-04-30,UPI,Delivered,5,2023-05-02,2023-05-07,5.0
10630,767,2023-05-01,UPI,Delivered,5,2023-05-03,2023-05-08,5.0
10631,20,2023-05-01,Credit Card,Delivered,5,2023-05-02,2023-05-08,4.0
10632,2048,2023-05-01,Credit Card,Delivered,5,2023-05-03,2023-05-07,5.0
10633,2379,2023-05-01,UPI,Delivered,5,2023-05-01,2023-05-04,5.0
10634,363,2023-05-01,COD,Delivered,5,2023-05-03,2023-05-07,5.0
10635,2903,2023-05-01,COD,Delivered,5,2023-05-03,2023-05-08,4.0
10636,97,2023-05-01,Debit Card,Delivered,5,2023-05-02,2023-05-07,4.0
10637,2400,2023-05-01,Net Banking,Delivered,5,2023-05-02,2023-05-06,4.0
10638,933,2023-05-01,UPI,Returned,5,2023-05-03,2023-05-08,
10639,2069,2023-05-01,UPI,Delivered,5,2023-05-01,2023-05-07,3.0
10640,13,2023-05-02,UPI,Delivered,5,2023-05-04,2023-05-07,
10641,1648,2023-05-02,Debit Card,Delivered,5,2023-05-03,2023-05-05,4.0
10642,816,2023-05-02,UPI,Delivered,5,2023-05-03,2023-05-05,4.0
10643,1989,2023-05-02,COD,Delivered,5,2023-05-02,2023-05-05,5.0
10644,1435,2023-05-03,Credit Card,Cancelled,5,,,
10645,1146,2023-05-03,COD,Delivered,5,2023-05-04,2023-05-08,
10646,1748,2023-05-03,Credit Card,Delivered,5,2023-05-05,2023-05-11,
10647,844,2023-05-03,Debit Card,Delivered,5,2023-05-03,2023-05-05,3.0
10648,648,2023-05-03,Credit Card,Delivered,5,2023-05-04,2023-05-10,4.0
10649,443,2023-05-03,Credit Card,Delivered,5,2023-05-05,2023-05-08,5.0
10650,1173,2023-05-03,COD,Delivered,5,2023-05-05,2023-05-08,4.0
10651,1791,2023-05-03,UPI,Delivered,5,2023-05-03,2023-05-08,5.0
10652,207,2023-05-04,COD,Delivered,5,2023-05-04,2023-05-07,4.0
10653,969,2023-05-04,Debit Card,Cancelled,5,,,
10654,151,2023-05-04,COD,Delivered,5,2023-05-04,2023-05-07,4.0
10655,273,2023-05-04,UPI,Delivered,5,2023-05-05,2023-05-12,
10656,1336,2023-05-04,UPI,Delivered,5,2023-05-06,2023-05-10,4.0
10657,664,2023-05-04,UPI,Delivered,5,2023-05-05,2023-05-08,
10658,2535,2023-05-04,Debit Card,Cancelled,5,,,
10659,2336,2023-05-04,UPI,Delivered,5,2023-05-06,2023-05-11,5.0
10660,2671,2023-05-05,Net Banking,Delivered,5,2023-05-06,2023-05-09,4.0
10661,490,2023-05-05,Net Banking,Delivered,5,2023-05-06,2023-05-11,5.0
10662,1681,2023-05-05,UPI,Delivered,5,2023-05-06,2023-05-11,4.0
10663,1296,2023-05-05,Debit Card,Delivered,5,2023-05-06,2023-05-10,
10664,558,2023-05-05,UPI,Delivered,5,2023-05-05,2023-05-08,4.0
10665,501,2023-05-05,UPI,Delivered,5,2023-05-05,2023-05-08,
10666,1559,2023-05-06,UPI,Delivered,5,2023-05-07,2023-05-10,4.0
10667,2109,2023-05-06,COD,Delivered,5,2023-05-07,2023-05-12,
10668,2037,2023-05-06,COD,Delivered,5,2023-05-06,2023-05-08,4.0
10669,2957,2023-05-06,UPI,Delivered,5,2023-05-08,2023-05-10,4.0
10670,2190,2023-05-06,UPI,Cancelled,5,,,
10671,2673,2023-05-06,Credit Card,Delivered,5,2023-05-06,2023-05-14,3.0
10672,2062,2023-05-06,Credit Card,Delivered,5,2023-05-08,2023-05-13,5.0
10673,1356,2023-05-07,UPI,Delivered,5,2023-05-07,2023-05-11,4.0
10674,2068,2023-05-07,COD,Delivered,5,2023-05-08,2023-05-11,5.0
10675,1835,2023-05-07,COD,Delivered,5,2023-05-08,2023-05-10,4.0
10676,1227,2023-05-07,UPI,Delivered,5,2023-05-09,2023-05-12,5.0
10677,2173,2023-05-07,COD,Delivered,5,2023-05-09,2023-05-12,4.0
10678,1623,2023-05-07,Debit Card,Delivered,5,2023-05-08,2023-05-11,5.0
10679,677,2023-05-07,Credit Card,Delivered,5,2023-05-07,2023-05-11,
10680,2290,2023-05-07,COD,Delivered,5,2023-05-09,2023-05-13,5.0
10681,1676,2023-05-08,Credit Card,Delivered,5,2023-05-09,2023-05-12,5.0
10682,1145,2023-05-08,Credit Card,Delivered,5,2023-05-08,2023-05-12,
10683,272,2023-05-08,UPI,Delivered,5,2023-05-08,2023-05-11,
10684,1590,2023-05-08,Debit Card,Delivered,5,2023-05-08,2023-05-12,5.0
10685,359,2023-05-08,UPI,Returned,5,2023-05-10,2023-05-15,
10686,1887,2023-05-08,UPI,Delivered,5,2023-05-08,2023-05-18,
10687,1521,2023-05-08,Credit Card,Delivered,5,2023-05-10,2023-05-12,
10688,2152,2023-05-08,UPI,Delivered,5,2023-05-08,2023-05-12,5.0
10689,2,2023-05-09,UPI,Delivered,5,2023-05-10,2023-05-15,
10690,90,2023-05-09,UPI,Delivered,5,2023-05-11,2023-05-19,3.0
10691,2015,2023-05-09,COD,Delivered,5,2023-05-10,2023-05-13,4.0
10692,2890,2023-05-09,Credit Card,Delivered,5,2023-05-10,2023-05-13,5.0
10693,2997,2023-05-10,UPI,Returned,5,2023-05-11,2023-05-15,
10694,1442,2023-05-10,COD,Cancelled,5,,,
10695,2110,2023-05-10,COD,Delivered,5,2023-05-10,2023-05-15,
10696,691,2023-05-10,UPI,Returned,5,2023-05-11,2023-05-15,3.0
10696,691,2023-05-10,UPI,Returned,5,2023-05-11,2023-05-15,3.0
10697,818,2023-05-10,Credit Card,Delivered,5,2023-05-10,2023-05-17,
10698,2001,2023-05-10,UPI,Delivered,5,2023-05-10,2023-05-15,
10699,772,2023-05-10,Credit Card,Delivered,5,2023-05-12,2023-05-18,
10700,1518,2023-05-10,Debit Card,Cancelled,5,,,
10701,2244,2023-05-10,UPI,Delivered,5,2023-05-11,2023-05-13,
10702,321,2023-05-10,Credit Card,Delivered,5,2023-05-12,2023-05-17,
10703,2545,2023-05-11,UPI,Delivered,5,2023-05-12,2023-05-15,
10704,2789,2023-05-11,Credit Card,Delivered,5,2023-05-11,2023-05-14,5.0
10705,1611,2023-05-11,UPI,Delivered,5,2023-05-13,2023-05-18,4.0
10706,2274,2023-05-11,COD,Delivered,5,2023-05-12,2023-05-16,4.0
10707,425,2023-05-11,Credit Card,Delivered,5,2023-05-11,2023-05-18,3.0
10708,492,2023-05-11,UPI,Delivered,5,2023-05-11,2023-05-15,5.0
10709,1377,2023-05-12,COD,Delivered,5,2023-05-12,2023-05-16,
10710,1940,2023-05-12,UPI,Delivered,5,2023-05-14,2023-05-17,5.0
10711,1669,2023-05-12,Credit Card,Delivered,5,2023-05-12,2023-05-19,4.0
10712,2792,2023-05-12,Credit Card,Delivered,5,2023-05-13,2023-05-15,5.0
10713,399,2023-05-12,UPI,Delivered,5,2023-05-12,2023-05-17,4.0
10713,399,2023-05-12,UPI,Delivered,5,2023-05-12,2023-05-17,4.0
10714,2680,2023-05-12,UPI,Delivered,5,2023-05-14,2023-05-17,4.0
10715,2839,2023-05-12,UPI,Delivered,5,2023-05-14,2023-05-20,5.0
10716,284,2023-05-13,Debit Card,Cancelled,5,,,
10717,1609,2023-05-13,Debit Card,Delivered,5,2023-05-14,2023-05-17,5.0
10718,1277,2023-05-13,UPI,Delivered,5,2023-05-13,2023-05-21,
10719,1026,2023-05-13,UPI,Delivered,5,2023-05-13,2023-05-18,5.0
10719,1026,2023-05-13,UPI,Delivered,5,2023-05-13,2023-05-18,5.0
10720,1631,2023-05-13,COD,Delivered,5,2023-05-13,2023-05-15,
10721,1268,2023-05-13,UPI,Delivered,5,2023-05-14,2023-05-16,4.0
10722,2125,2023-05-13,UPI,Delivered,5,2023-05-15,2023-05-18,
10723,803,2023-05-14,Debit Card,Delivered,5,2023-05-16,2023-05-20,4.0
10724,1843,2023-05-14,UPI,Delivered,5,2023-05-15,2023-05-18,5.0
10725,209,2023-05-15,Net Banking,Delivered,5,2023-05-17,2023-05-21,3.0
10726,850,2023-05-15,UPI,Delivered,5,2023-05-16,2023-05-22,3.0
10727,2108,2023-05-15,COD,Delivered,5,2023-05-16,2023-05-19,4.0
10728,2920,2023-05-15,UPI,Delivered,5,2023-05-16,2023-05-19,5.0
10729,46,2023-05-15,UPI,Delivered,5,2023-05-16,2023-05-20,5.0
10730,2414,2023-05-15,UPI,Delivered,5,2023-05-16,2023-05-24,3.0
10731,1671,2023-05-16,Net Banking,Cancelled,5,,,
10732,273,2023-05-16,Credit Card,Delivered,5,2023-05-17,2023-05-22,4.0
10733,2936,2023-05-16,UPI,Delivered,5,2023-05-16,2023-05-19,2.0
10734,2837,2023-05-16,Net Banking,Delivered,5,2023-05-18,2023-05-24,5.0
10735,2218,2023-05-16,UPI,Delivered,5,2023-05-17,2023-05-20,
10736,2827,2023-05-16,UPI,Cancelled,5,,,
10737,1772,2023-05-16,UPI,Delivered,5,2023-05-17,2023-05-21,
10738,652,2023-05-16,COD,Delivered,5,2023-05-16,2023-05-19,
10739,444,2023-05-16,UPI,Delivered,5,2023-05-16,2023-05-20,4.0
10740,2223,2023-05-17,UPI,Delivered,5,2023-05-17,2023-05-20,
10741,1960,2023-05-17,Net Banking,Delivered,5,2023-05-19,2023-05-23,5.0
10742,2929,2023-05-17,Debit Card,Delivered,5,2023-05-19,2023-05-24,4.0
10743,116,2023-05-17,UPI,Cancelled,5,,,
10744,2669,2023-05-17,Credit Card,Delivered,5,2023-05-18,2023-05-22,4.0
10745,12,2023-05-18,UPI,Delivered,5,2023-05-18,2023-05-21,5.0
10746,563,2023-05-18,Credit Card,Delivered,5,2023-05-19,2023-05-22,5.0
10747,914,2023-05-18,UPI,Delivered,5,2023-05-19,2023-05-24,4.0
10748,955,2023-05-18,Debit Card,Delivered,5,2023-05-18,2023-05-23,3.0
10749,846,2023-05-18,COD,Delivered,5,2023-05-20,2023-05-26,
10750,132,2023-05-18,UPI,Returned,5,2023-05-20,2023-05-23,5.0
10751,2631,2023-05-18,UPI,Delivered,5,2023-05-20,2023-05-28,
10752,401,2023-05-19,UPI,Delivered,5,2023-05-20,2023-05-25,
10753,685,2023-05-19,COD,Delivered,5,2023-05-21,2023-05-23,4.0
10754,1835,2023-05-19,COD,Delivered,5,2023-05-21,2023-05-24,4.0
10755,1379,2023-05-19,COD,Delivered,5,2023-05-19,2023-05-22,4.0
10756,375,2023-05-19,Net Banking,Delivered,5,2023-05-19,2023-05-22,4.0
10757,621,2023-05-20,COD,Delivered,5,2023-05-22,2023-05-25,4.0
10758,1391,2023-05-20,Net Banking,Delivered,5,2023-05-20,2023-05-23,5.0
10759,1172,2023-05-20,Debit Card,Delivered,5,2023-05-20,2023-05-24,4.0
10760,1403,2023-05-20,UPI,Delivered,5,2023-05-20,2023-05-25,5.0
10761,1700,2023-05-20,Debit Card,Delivered,5,2023-05-22,2023-05-25,5.0
10762,2481,2023-05-20,UPI,Cancelled,5,,,
10763,2828,2023-05-20,UPI,Delivered,5,2023-05-20,2023-05-23,
10764,1988,2023-05-20,UPI,Delivered,5,2023-05-22,2023-05-26,
10765,1626,2023-05-21,UPI,Delivered,5,2023-05-23,2023-05-28,5.0
10766,918,2023-05-21,Debit Card,Delivered,5,2023-05-22,2023-05-29,4.0
10767,855,2023-05-21,UPI,Delivered,5,2023-05-21,2023-05-27,4.0
10768,628,2023-05-21,UPI,Delivered,5,2023-05-23,2023-05-27,5.0
10769,2893,2023-05-21,COD,Delivered,5,2023-05-23,2023-05-27,5.0
10770,1651,2023-05-21,Credit Card,Delivered,5,2023-05-23,2023-05-26,4.0
10771,435,2023-05-22,UPI,Delivered,5,2023-05-22,2023-05-25,
10772,2666,2023-05-22,UPI,Delivered,5,2023-05-22,2023-05-26,4.0
10773,490,2023-05-22,UPI,Delivered,5,2023-05-22,2023-05-29,4.0
10774,304,2023-05-22,COD,Delivered,5,2023-05-23,2023-05-27,
10775,2421,2023-05-22,UPI,Delivered,5,2023-05-22,2023-05-30,3.0
10776,2817,2023-05-22,Net Banking,Delivered,5,2023-05-24,2023-05-28,5.0
10777,2553,2023-05-22,UPI,Delivered,5,2023-05-22,2023-05-27,
10778,2121,2023-05-22,COD,Delivered,5,2023-05-23,2023-05-26,
10779,2071,2023-05-23,UPI,Delivered,5,2023-05-23,2023-05-27,4.0
10780,2251,2023-05-23,Credit Card,Delivered,5,2023-05-23,2023-05-29,4.0
10781,89,2023-05-23,UPI,Delivered,5,2023-05-23,2023-05-26,5.0
10782,2353,2023-05-23,UPI,Delivered,5,2023-05-25,2023-05-30,5.0
10783,1085,2023-05-23,Net Banking,Delivered,5,2023-05-25,2023-05-29,3.0
10784,2998,2023-05-23,Debit Card,Delivered,5,2023-05-24,2023-05-27,5.0
10785,1811,2023-05-23,UPI,Delivered,5,2023-05-23,2023-05-25,4.0
10786,1820,2023-05-23,COD,Delivered,5,2023-05-25,2023-05-29,
10787,1274,2023-05-24,UPI,Delivered,5,2023-05-24,2023-05-30,
10788,207,2023-05-24,COD,Delivered,5,2023-05-25,2023-05-28,5.0
10789,2526,2023-05-24,Credit Card,Delivered,5,2023-05-24,2023-05-26,
10790,1066,2023-05-24,UPI,Delivered,5,2023-05-25,2023-05-27,4.0
10791,2476,2023-05-24,UPI,Delivered,5,2023-05-24,2023-05-28,
10792,1538,2023-05-24,UPI,Delivered,5,2023-05-25,2023-05-28,
10793,956,2023-05-24,COD,Delivered,5,2023-05-26,2023-05-29,4.0
10794,2640,2023-05-24,UPI,Delivered,5,2023-05-26,2023-05-29,
10795,2206,2023-05-24,UPI,Delivered,5,2023-05-26,2023-05-30,
10796,853,2023-05-24,COD,Delivered,5,2023-05-26,2023-05-29,4.0
10797,1478,2023-05-24,UPI,Delivered,5,2023-05-26,2023-05-30,
10798,2294,2023-05-24,UPI,Delivered,5,2023-05-25,2023-06-01,4.0
10799,2601,2023-05-24,Debit Card,Delivered,5,2023-05-24,2023-05-30,4.0
10800,404,2023-05-25,UPI,Delivered,5,2023-05-25,2023-05-28,
10801,2550,2023-05-25,COD,Delivered,5,2023-05-25,2023-05-31,
10802,1689,2023-05-25,Credit Card,Returned,5,2023-05-25,2023-05-27,
10803,2934,2023-05-25,UPI,Delivered,5,2023-05-27,2023-05-31,5.0
10804,2104,2023-05-25,Credit Card,Delivered,5,2023-05-25,2023-05-28,4.0
10805,1753,2023-05-25,UPI,Delivered,5,2023-05-26,2023-06-01,4.0
10806,166,2023-05-25,Credit Card,Delivered,5,2023-05-26,2023-05-30,4.0
10807,2684,2023-05-25,Credit Card,Delivered,5,2023-05-26,2023-05-31,5.0
10808,2785,2023-05-25,COD,Delivered,5,2023-05-26,2023-05-30,4.0
10809,733,2023-05-25,Credit Card,Delivered,5,2023-05-26,2023-06-01,4.0
10810,1263,2023-05-26,COD,Delivered,5,2023-05-26,2023-05-30,3.0
10811,79,2023-05-26,UPI,Delivered,5,2023-05-28,2023-06-01,4.0
10812,2853,2023-05-26,COD,Delivered,5,2023-05-27,2023-05-31,3.0
10813,1480,2023-05-26,UPI,Delivered,5,2023-05-28,2023-06-03,
10814,2478,2023-05-26,COD,Delivered,5,2023-05-28,2023-06-03,4.0
10815,1834,2023-05-26,Credit Card,Delivered,5,2023-05-26,2023-05-28,5.0
10816,151,2023-05-26,UPI,Delivered,5,2023-05-26,2023-05-30,5.0
10817,677,2023-05-26,UPI,Delivered,5,2023-05-27,2023-05-31,5.0
10818,138,2023-05-27,COD,Delivered,5,2023-05-29,2023-06-03,
10819,2610,2023-05-27,COD,Delivered,5,2023-05-28,2023-05-31,4.0
10820,1590,2023-05-27,Debit Card,Delivered,5,2023-05-27,2023-06-03,5.0
10821,263,2023-05-27,UPI,Cancelled,5,,,
10822,2922,2023-05-27,Credit Card,Delivered,5,2023-05-28,2023-05-31,3.0
10823,2190,2023-05-27,UPI,Delivered,5,2023-05-27,2023-05-30,5.0
10824,767,2023-05-27,Debit Card,Delivered,5,2023-05-29,2023-06-05,3.0
10825,2630,2023-05-27,UPI,Delivered,5,2023-05-29,2023-06-02,5.0
10826,2591,2023-05-27,COD,Delivered,5,2023-05-27,2023-05-30,5.0
10827,2792,2023-05-28,Debit Card,Delivered,5,2023-05-29,2023-06-06,3.0
10828,2363,2023-05-28,UPI,Delivered,5,2023-05-30,2023-06-03,5.0
10829,1671,2023-05-28,Debit Card,Delivered,5,2023-05-29,2023-06-05,
10830,393,2023-05-28,UPI,Delivered,5,2023-05-28,2023-05-30,
10831,2383,2023-05-28,UPI,Delivered,5,2023-05-29,2023-06-03,5.0
10832,906,2023-05-28,UPI,Delivered,5,2023-05-29,2023-06-02,4.0
10833,2764,2023-05-28,UPI,Delivered,5,2023-05-30,2023-06-02,5.0
10834,760,2023-05-28,UPI,Delivered,5,2023-05-28,2023-06-02,5.0
10835,1104,2023-05-28,Debit Card,Delivered,5,2023-05-30,2023-06-03,
10836,2451,2023-05-28,Debit Card,Delivered,5,2023-05-29,2023-05-31,
10837,2048,2023-05-29,Credit Card,Delivered,5,2023-05-30,2023-06-02,
10838,2057,2023-05-29,Net Banking,Delivered,5,2023-05-29,2023-06-01,5.0
10839,2996,2023-05-29,COD,Cancelled,5,,,
10840,401,2023-05-29,UPI,Delivered,5,2023-05-31,2023-06-03,5.0
10841,2626,2023-05-29,Credit Card,Delivered,5,2023-05-31,2023-06-02,
10842,2982,2023-05-29,COD,Delivered,5,2023-05-29,2023-06-02,4.0
10843,1612,2023-05-29,UPI,Delivered,5,2023-05-29,2023-06-01,
10844,2132,2023-05-29,UPI,Cancelled,5,,,
10845,2299,2023-05-29,Net Banking,Delivered,5,2023-05-31,2023-06-02,
10846,2780,2023-05-30,COD,Delivered,5,2023-05-30,2023-06-02,
10847,2733,2023-05-30,COD,Delivered,5,2023-06-01,2023-06-05,
10848,578,2023-05-30,COD,Delivered,5,2023-05-30,2023-06-03,
10849,1510,2023-05-30,UPI,Delivered,5,2023-05-31,2023-06-05,3.0
10850,2353,2023-05-30,Debit Card,Delivered,5,2023-05-31,2023-06-03,3.0
10851,1315,2023-05-30,COD,Cancelled,5,,,
10852,2089,2023-05-30,UPI,Delivered,5,2023-05-31,2023-06-04,5.0
10853,1536,2023-05-31,UPI,Delivered,5,2023-05-31,2023-06-03,4.0
10854,2167,2023-05-31,UPI,Delivered,5,2023-06-02,2023-06-05,4.0
10855,1527,2023-05-31,COD,Delivered,5,2023-05-31,2023-06-03,5.0
10856,2505,2023-05-31,Debit Card,Delivered,5,2023-06-02,2023-06-07,
10857,1485,2023-06-01,COD,Delivered,5,2023-06-01,2023-06-08,3.0
10858,46,2023-06-01,UPI,Delivered,5,2023-06-02,2023-06-07,
10859,2819,2023-06-01,Debit Card,Delivered,5,2023-06-03,2023-06-07,5.0
10860,1680,2023-06-01,UPI,Delivered,5,2023-06-03,2023-06-08,5.0
10861,2100,2023-06-01,COD,Delivered,5,2023-06-02,2023-06-08,
10862,1753,2023-06-02,Credit Card,Cancelled,5,,,
10863,2210,2023-06-02,COD,Delivered,5,2023-06-04,2023-06-09,4.0
10864,2017,2023-06-02,UPI,Delivered,5,2023-06-04,2023-06-06,5.0
10865,1811,2023-06-02,UPI,Delivered,5,2023-06-02,2023-06-04,5.0
10866,283,2023-06-02,UPI,Delivered,5,2023-06-03,2023-06-08,5.0
10867,1444,2023-06-02,COD,Delivered,5,2023-06-04,2023-06-07,5.0
10868,2555,2023-06-02,UPI,Cancelled,5,,,
10869,2513,2023-06-03,COD,Delivered,5,2023-06-04,2023-06-06,4.0
10870,276,2023-06-03,UPI,Delivered,5,2023-06-04,2023-06-07,5.0
10871,2342,2023-06-03,Credit Card,Delivered,5,2023-06-04,2023-06-09,5.0
10872,1083,2023-06-03,UPI,Delivered,5,2023-06-04,2023-06-06,5.0
10873,2919,2023-06-03,UPI,Delivered,5,2023-06-04,2023-06-07,5.0
10874,2190,2023-06-03,Credit Card,Cancelled,5,,,
10875,839,2023-06-03,UPI,Returned,5,2023-06-04,2023-06-08,5.0
10876,475,2023-06-03,Credit Card,Delivered,5,2023-06-03,2023-06-07,4.0
10877,1135,2023-06-03,Debit Card,Delivered,5,2023-06-05,2023-06-10,5.0
10878,2762,2023-06-03,UPI,Delivered,5,2023-06-04,2023-06-08,5.0
10879,2403,2023-06-04,Credit Card,Delivered,5,2023-06-04,2023-06-07,4.0
10880,2214,2023-06-04,Debit Card,Delivered,5,2023-06-05,2023-06-12,
10881,1856,2023-06-04,UPI,Delivered,5,2023-06-06,2023-06-10,4.0
10882,2182,2023-06-04,UPI,Delivered,5,2023-06-05,2023-06-07,
10883,825,2023-06-04,UPI,Cancelled,5,,,
10884,2236,2023-06-05,UPI,Delivered,5,2023-06-07,2023-06-10,4.0
10885,2981,2023-06-05,UPI,Delivered,5,2023-06-07,2023-06-12,
10886,2649,2023-06-05,Credit Card,Delivered,5,2023-06-07,2023-06-11,
10887,1352,2023-06-05,UPI,Delivered,5,2023-06-07,2023-06-09,4.0
10888,1822,2023-06-05,COD,Delivered,5,2023-06-06,2023-06-09,5.0
10889,2485,2023-06-05,COD,Delivered,5,2023-06-05,2023-06-09,4.0
10890,27,2023-06-05,UPI,Delivered,5,2023-06-06,2023-06-10,
10891,627,2023-06-05,Credit Card,Delivered,5,2023-06-07,2023-06-11,
10892,1940,2023-06-05,UPI,Delivered,5,2023-06-07,2023-06-12,
10893,2005,2023-06-06,UPI,Returned,5,2023-06-06,2023-06-11,
10894,2476,2023-06-06,Net Banking,Delivered,5,2023-06-08,2023-06-10,5.0
10895,2579,2023-06-06,Credit Card,Delivered,5,2023-06-08,2023-06-12,5.0
10896,79,2023-06-06,UPI,Delivered,5,2023-06-08,2023-06-13,5.0
10897,174,2023-06-06,COD,Delivered,5,2023-06-06,2023-06-10,5.0
10898,1728,2023-06-07,COD,Cancelled,5,,,
10899,2993,2023-06-07,Credit Card,Delivered,5,2023-06-09,2023-06-13,
10900,2445,2023-06-07,Debit Card,Delivered,5,2023-06-08,2023-06-12,
10901,612,2023-06-07,COD,Delivered,5,2023-06-09,2023-06-12,5.0
10902,914,2023-06-07,Debit Card,Delivered,5,2023-06-09,2023-06-12,
10903,2098,2023-06-07,Credit Card,Delivered,5,2023-06-09,2023-06-12,5.0
10904,1729,2023-06-07,COD,Delivered,5,2023-06-08,2023-06-12,3.0
10905,1145,2023-06-07,Credit Card,Delivered,5,2023-06-08,2023-06-13,4.0
10906,2104,2023-06-07,UPI,Delivered,5,2023-06-07,2023-06-13,4.0
10907,1214,2023-06-07,UPI,Delivered,5,2023-06-07,2023-06-10,5.0
10908,1322,2023-06-07,UPI,Delivered,5,2023-06-08,2023-06-10,4.0
10909,2758,2023-06-07,UPI,Delivered,5,2023-06-09,2023-06-13,5.0
10910,812,2023-06-08,UPI,Delivered,5,2023-06-08,2023-06-11,
10911,2132,2023-06-09,Credit Card,Delivered,5,2023-06-10,2023-06-12,4.0
10912,1395,2023-06-09,Net Banking,Delivered,5,2023-06-09,2023-06-12,4.0
10913,2263,2023-06-09,UPI,Delivered,5,2023-06-10,2023-06-15,5.0
10914,1521,2023-06-09,UPI,Delivered,5,2023-06-10,2023-06-13,4.0
10915,2972,2023-06-09,COD,Delivered,5,2023-06-09,2023-06-15,2.0
10916,2134,2023-06-10,UPI,Delivered,5,2023-06-11,2023-06-14,5.0
10917,1007,2023-06-10,COD,Delivered,5,2023-06-10,2023-06-12,4.0
10918,2108,2023-06-10,Credit Card,Delivered,5,2023-06-12,2023-06-17,5.0
10919,2202,2023-06-10,Debit Card,Delivered,5,2023-06-12,2023-06-15,4.0
10920,701,2023-06-10,UPI,Delivered,5,2023-06-12,2023-06-15,5.0
10921,2780,2023-06-10,UPI,Delivered,5,2023-06-11,2023-06-14,2.0
10922,1227,2023-06-10,Debit Card,Delivered,5,2023-06-11,2023-06-14,4.0
10923,2810,2023-06-10,UPI,Delivered,5,2023-06-11,2023-06-20,
10924,715,2023-06-10,UPI,Delivered,5,2023-06-10,2023-06-15,
10925,643,2023-06-10,UPI,Delivered,5,2023-06-12,2023-06-15,
10926,2629,2023-06-10,Debit Card,Delivered,5,2023-06-10,2023-06-17,4.0
10927,2055,2023-06-10,Credit Card,Delivered,5,2023-06-12,2023-06-16,4.0
10928,2184,2023-06-11,Debit Card,Delivered,5,2023-06-13,2023-06-17,4.0
10929,933,2023-06-11,Debit Card,Delivered,5,2023-06-11,2023-06-15,5.0
10930,304,2023-06-11,UPI,Delivered,5,2023-06-12,2023-06-16,4.0
10931,1609,2023-06-11,COD,Delivered,5,2023-06-11,2023-06-16,5.0
10932,2614,2023-06-11,COD,Delivered,5,2023-06-12,2023-06-15,5.0
10933,760,2023-06-11,UPI,Delivered,5,2023-06-11,2023-06-16,5.0
10934,1098,2023-06-12,Credit Card,Delivered,5,2023-06-13,2023-06-16,
10935,1934,2023-06-12,UPI,Delivered,5,2023-06-14,2023-06-16,4.0
10936,1825,2023-06-12,COD,Delivered,5,2023-06-12,2023-06-17,
10937,307,2023-06-12,UPI,Delivered,5,2023-06-12,2023-06-15,
10938,2708,2023-06-12,UPI,Delivered,5,2023-06-13,2023-06-16,5.0
10939,92,2023-06-12,COD,Delivered,5,2023-06-13,2023-06-15,
10940,2762,2023-06-12,Debit Card,Delivered,5,2023-06-14,2023-06-18,4.0
10941,2769,2023-06-12,UPI,Delivered,5,2023-06-14,2023-06-18,5.0
10942,2167,2023-06-12,Debit Card,Delivered,5,2023-06-14,2023-06-19,4.0
10943,89,2023-06-12,COD,Delivered,5,2023-06-14,2023-06-19,4.0
10944,1210,2023-06-13,UPI,Delivered,5,2023-06-14,2023-06-17,4.0
10945,1061,2023-06-13,Credit Card,Delivered,5,2023-06-14,2023-06-20,5.0
10946,1450,2023-06-13,Debit Card,Delivered,5,2023-06-13,2023-06-18,5.0
10947,2293,2023-06-13,Credit Card,Delivered,5,2023-06-13,2023-06-17,5.0
10948,2997,2023-06-13,Net Banking,Delivered,5,2023-06-13,2023-06-18,5.0
10949,422,2023-06-14,Credit Card,Delivered,5,2023-06-14,2023-06-19,
10950,2605,2023-06-14,Debit Card,Delivered,5,2023-06-14,2023-06-17,
10951,1974,2023-06-14,COD,Delivered,5,2023-06-16,2023-06-19,4.0
10952,1382,2023-06-14,UPI,Delivered,5,2023-06-15,2023-06-20,
10953,2654,2023-06-14,UPI,Delivered,5,2023-06-16,2023-06-19,
10954,2474,2023-06-15,Net Banking,Delivered,5,2023-06-15,2023-06-19,
10955,1915,2023-06-15,Debit Card,Delivered,5,2023-06-16,2023-06-18,
10956,2405,2023-06-15,UPI,Delivered,5,2023-06-16,2023-06-21,
10957,2100,2023-06-15,UPI,Delivered,5,2023-06-17,2023-06-21,3.0
10958,2676,2023-06-16,UPI,Delivered,5,2023-06-17,2023-06-19,3.0
10959,2669,2023-06-16,UPI,Delivered,5,2023-06-17,2023-06-19,5.0
10960,2443,2023-06-16,UPI,Delivered,5,2023-06-17,2023-06-22,
10961,1579,2023-06-16,Credit Card,Delivered,5,2023-06-16,2023-06-19,
10962,704,2023-06-16,UPI,Delivered,5,2023-06-16,2023-06-19,3.0
10963,2068,2023-06-16,Debit Card,Delivered,5,2023-06-16,2023-06-18,4.0
10964,1173,2023-06-16,Net Banking,Delivered,5,2023-06-17,2023-06-26,3.0
10965,1373,2023-06-17,Net Banking,Delivered,5,2023-06-17,2023-06-20,5.0
10966,1676,2023-06-17,COD,Delivered,5,2023-06-19,2023-06-22,
10967,459,2023-06-17,Credit Card,Delivered,5,2023-06-18,2023-06-23,
10968,2673,2023-06-17,Credit Card,Returned,5,2023-06-17,2023-06-22,3.0
10969,745,2023-06-17,Credit Card,Delivered,5,2023-06-18,2023-06-23,5.0
10970,1252,2023-06-17,UPI,Delivered,5,2023-06-18,2023-06-21,4.0
10971,997,2023-06-17,COD,Delivered,5,2023-06-17,2023-06-22,
10972,1264,2023-06-17,Debit Card,Cancelled,5,,,
10973,2828,2023-06-18,Debit Card,Cancelled,5,,,
10974,103,2023-06-18,UPI,Delivered,5,2023-06-20,2023-06-23,4.0
10975,2098,2023-06-18,UPI,Delivered,5,2023-06-20,2023-06-24,
10976,2892,2023-06-18,COD,Returned,5,2023-06-20,2023-06-23,4.0
10977,1617,2023-06-18,UPI,Delivered,5,2023-06-19,2023-06-22,5.0
10978,2121,2023-06-18,UPI,Delivered,5,2023-06-20,2023-06-25,
10979,1095,2023-06-18,Debit Card,Delivered,5,2023-06-19,2023-06-23,4.0
10980,1949,2023-06-18,Debit Card,Delivered,5,2023-06-20,2023-06-22,
10981,2033,2023-06-18,UPI,Delivered,5,2023-06-19,2023-06-24,
10982,2937,2023-06-18,UPI,Delivered,5,2023-06-20,2023-06-23,4.0
10983,716,2023-06-18,COD,Delivered,5,2023-06-18,2023-06-21,5.0
10984,1219,2023-06-19,COD,Delivered,5,2023-06-21,2023-06-25,4.0
10985,250,2023-06-19,Credit Card,Delivered,5,2023-06-19,2023-06-22,4.0
10986,2487,2023-06-19,COD,Delivered,5,2023-06-21,2023-06-24,
10987,2850,2023-06-19,UPI,Delivered,5,2023-06-20,2023-06-25,5.0
10988,810,2023-06-19,Debit Card,Returned,5,2023-06-20,2023-06-23,
10989,2039,2023-06-19,Credit Card,Delivered,5,2023-06-20,2023-06-24,
10990,1031,2023-06-19,COD,Delivered,5,2023-06-21,2023-06-27,
10991,2707,2023-06-20,COD,Delivered,5,2023-06-22,2023-06-26,
10992,652,2023-06-20,UPI,Delivered,5,2023-06-20,2023-06-22,5.0
10993,2813,2023-06-20,UPI,Delivered,5,2023-06-20,2023-06-25,4.0
10994,2381,2023-06-20,COD,Delivered,5,2023-06-22,2023-06-28,
10995,2921,2023-06-21,UPI,Delivered,5,2023-06-23,2023-06-25,5.0
10996,1048,2023-06-21,Debit Card,Delivered,5,2023-06-21,2023-06-25,
10997,818,2023-06-21,Credit Card,Delivered,5,2023-06-21,2023-06-25,5.0
10998,1981,2023-06-21,UPI,Delivered,5,2023-06-21,2023-06-24,5.0
10999,2817,2023-06-21,Debit Card,Delivered,5,2023-06-21,2023-06-24,
11000,1285,2023-06-22,Credit Card,Delivered,5,2023-06-22,2023-06-28,3.0
11001,852,2023-06-22,COD,Delivered,5,2023-06-24,2023-06-30,4.0
11002,67,2023-06-22,UPI,Delivered,5,2023-06-24,2023-06-30,5.0
11003,2824,2023-06-22,UPI,Delivered,5,2023-06-23,2023-06-26,5.0
11004,2834,2023-06-22,UPI,Delivered,5,2023-06-23,2023-07-01,
11005,2995,2023-06-23,UPI,Delivered,5,2023-06-25,2023-06-29,5.0
11006,594,2023-06-23,Debit Card,Delivered,5,2023-06-25,2023-06-28,4.0
11007,1856,2023-06-23,UPI,Delivered,5,2023-06-23,2023-06-26,5.0
11008,1028,2023-06-23,UPI,Delivered,5,2023-06-24,2023-06-28,4.0
11009,2400,2023-06-24,Net Banking,Delivered,5,2023-06-24,2023-06-28,5.0
11010,1274,2023-06-24,UPI,Delivered,5,2023-06-25,2023-07-01,4.0
11011,1632,2023-06-24,UPI,Delivered,5,2023-06-25,2023-06-29,4.0
11012,2407,2023-06-24,COD,Delivered,5,2023-06-26,2023-06-30,5.0
11013,124,2023-06-24,Debit Card,Delivered,5,2023-06-26,2023-06-29,4.0
11014,1396,2023-06-24,UPI,Delivered,5,2023-06-25,2023-06-28,
11015,2219,2023-06-24,Net Banking,Delivered,5,2023-06-26,2023-07-01,5.0
11016,572,2023-06-24,Credit Card,Delivered,5,2023-06-25,2023-07-04,
11017,306,2023-06-25,UPI,Delivered,5,2023-06-26,2023-06-28,4.0
11018,597,2023-06-25,UPI,Delivered,5,2023-06-27,2023-07-03,
11019,333,2023-06-25,Net Banking,Delivered,5,2023-06-26,2023-07-01,
11020,2386,2023-06-25,UPI,Delivered,5,2023-06-25,2023-07-01,4.0
11021,1869,2023-06-25,COD,Delivered,5,2023-06-26,2023-06-28,5.0
11022,787,2023-06-25,UPI,Delivered,5,2023-06-26,2023-06-30,4.0
11023,2206,2023-06-25,UPI,Delivered,5,2023-06-27,2023-07-02,5.0
11024,1126,2023-06-25,COD,Delivered,5,2023-06-25,2023-06-29,5.0
11025,2950,2023-06-25,Net Banking,Delivered,5,2023-06-26,2023-06-29,
11026,1567,2023-06-25,UPI,Delivered,5,2023-06-26,2023-06-30,5.0
11027,152,2023-06-25,UPI,Delivered,5,2023-06-27,2023-07-03,4.0
11028,1243,2023-06-25,Debit Card,Delivered,5,2023-06-27,2023-06-30,4.0
11029,66,2023-06-25,Credit Card,Delivered,5,2023-06-25,2023-06-28,5.0
11030,226,2023-06-25,UPI,Delivered,5,2023-06-25,2023-06-30,4.0
11031,1246,2023-06-26,UPI,Delivered,5,2023-06-26,2023-06-29,5.0
11032,1999,2023-06-26,Net Banking,Delivered,5,2023-06-26,2023-06-29,
11033,1266,2023-06-26,UPI,Delivered,5,2023-06-27,2023-06-30,5.0
11034,2452,2023-06-26,UPI,Delivered,5,2023-06-28,2023-07-01,5.0
11035,2451,2023-06-26,UPI,Delivered,5,2023-06-27,2023-06-30,4.0
11036,1551,2023-06-26,UPI,Delivered,5,2023-06-28,2023-07-03,4.0
11037,207,2023-06-26,Credit Card,Delivered,5,2023-06-27,2023-06-30,5.0
11038,2601,2023-06-26,UPI,Delivered,5,2023-06-27,2023-07-03,4.0
11039,1617,2023-06-27,Debit Card,Delivered,5,2023-06-29,2023-07-02,
11040,1336,2023-06-27,UPI,Delivered,5,2023-06-28,2023-07-01,
11041,753,2023-06-27,UPI,Delivered,5,2023-06-28,2023-07-01,4.0
11042,435,2023-06-27,COD,Delivered,5,2023-06-27,2023-06-29,5.0
11043,366,2023-06-27,Credit Card,Delivered,5,2023-06-28,2023-07-04,
11044,410,2023-06-27,UPI,Delivered,5,2023-06-27,2023-06-30,4.0
11045,1268,2023-06-27,UPI,Delivered,5,2023-06-28,2023-07-01,5.0
11046,1526,2023-06-27,Credit Card,Delivered,5,2023-06-28,2023-06-30,5.0
11047,1142,2023-06-27,COD,Delivered,5,2023-06-27,2023-07-02,5.0
11048,1840,2023-06-27,Debit Card,Delivered,5,2023-06-28,2023-07-04,4.0
11049,2827,2023-06-27,COD,Delivered,5,2023-06-27,2023-07-01,5.0
11050,1349,2023-06-27,UPI,Delivered,5,2023-06-29,2023-07-02,4.0
11051,1007,2023-06-28,Net Banking,Delivered,5,2023-06-28,2023-07-02,
11052,1095,2023-06-28,UPI,Delivered,5,2023-06-29,2023-07-01,5.0
11053,2223,2023-06-28,UPI,Delivered,5,2023-06-28,2023-07-01,4.0
11054,1922,2023-06-28,Credit Card,Delivered,5,2023-06-28,2023-07-01,
11055,308,2023-06-28,UPI,Delivered,5,2023-06-28,2023-07-02,4.0
11056,1449,2023-06-28,Credit Card,Delivered,5,2023-06-28,2023-07-04,3.0
11057,2829,2023-06-28,UPI,Delivered,5,2023-06-29,2023-07-03,5.0
11058,2491,2023-06-29,COD,Delivered,5,2023-07-01,2023-07-09,1.0
11059,1993,2023-06-29,COD,Delivered,5,2023-07-01,2023-07-04,4.0
11060,1557,2023-06-29,Debit Card,Delivered,5,2023-06-30,2023-07-05,5.0
11061,1689,2023-06-29,Credit Card,Delivered,5,2023-06-30,2023-07-05,5.0
11062,991,2023-06-29,UPI,Delivered,5,2023-07-01,2023-07-07,3.0
11063,1255,2023-06-30,COD,Delivered,5,2023-07-02,2023-07-05,
11064,436,2023-06-30,Credit Card,Cancelled,5,,,
11065,1269,2023-06-30,Credit Card,Delivered,5,2023-07-01,2023-07-06,4.0
11066,1644,2023-06-30,UPI,Delivered,5,2023-06-30,2023-07-06,5.0
11067,847,2023-06-30,UPI,Delivered,5,2023-06-30,2023-07-02,4.0
11068,377,2023-06-30,UPI,Delivered,5,2023-07-02,2023-07-05,
11069,2296,2023-06-30,Debit Card,Delivered,5,2023-07-02,2023-07-06,5.0
11070,2622,2023-06-30,COD,Delivered,5,2023-07-01,2023-07-04,
11071,1061,2023-07-01,Net Banking,Delivered,5,2023-07-03,2023-07-10,4.0
11072,853,2023-07-01,Credit Card,Delivered,5,2023-07-01,2023-07-05,5.0
11073,1592,2023-07-01,Credit Card,Delivered,5,2023-07-03,2023-07-09,5.0
11074,1153,2023-07-01,COD,Delivered,5,2023-07-02,2023-07-06,4.0
11075,1682,2023-07-01,UPI,Delivered,5,2023-07-02,2023-07-07,4.0
11076,2666,2023-07-01,Credit Card,Delivered,5,2023-07-03,2023-07-06,4.0
11077,1379,2023-07-01,Debit Card,Delivered,5,2023-07-01,2023-07-07,
11078,1729,2023-07-01,UPI,Delivered,5,2023-07-02,2023-07-05,4.0
11079,2227,2023-07-02,UPI,Returned,5,2023-07-02,2023-07-05,5.0
11080,1811,2023-07-02,UPI,Delivered,5,2023-07-03,2023-07-07,5.0
11081,328,2023-07-02,Credit Card,Delivered,5,2023-07-03,2023-07-06,
11082,1646,2023-07-02,UPI,Delivered,5,2023-07-03,2023-07-09,4.0
11083,1005,2023-07-02,UPI,Delivered,5,2023-07-04,2023-07-07,
11084,1510,2023-07-02,UPI,Delivered,5,2023-07-04,2023-07-07,
11085,2545,2023-07-02,COD,Delivered,5,2023-07-04,2023-07-07,5.0
11086,1396,2023-07-02,COD,Delivered,5,2023-07-04,2023-07-07,5.0
11087,2086,2023-07-03,COD,Cancelled,5,,,
11088,2048,2023-07-03,COD,Delivered,5,2023-07-05,2023-07-09,
11089,729,2023-07-03,UPI,Delivered,5,2023-07-05,2023-07-11,3.0
11090,844,2023-07-03,UPI,Delivered,5,2023-07-03,2023-07-08,4.0
11091,571,2023-07-04,Credit Card,Delivered,5,2023-07-04,2023-07-06,4.0
11092,86,2023-07-04,Credit Card,Delivered,5,2023-07-05,2023-07-09,
11093,55,2023-07-04,Debit Card,Delivered,5,2023-07-04,2023-07-07,4.0
11094,499,2023-07-04,UPI,Delivered,5,2023-07-06,2023-07-09,5.0
11095,1047,2023-07-04,COD,Delivered,5,2023-07-06,2023-07-10,4.0
11096,1977,2023-07-04,UPI,Delivered,5,2023-07-04,2023-07-07,
11097,1028,2023-07-04,Credit Card,Delivered,5,2023-07-04,2023-07-08,5.0
11098,2553,2023-07-04,COD,Cancelled,5,,,
11099,2037,2023-07-04,Credit Card,Delivered,5,2023-07-06,2023-07-09,
11100,1866,2023-07-05,COD,Delivered,5,2023-07-07,2023-07-10,4.0
11101,2348,2023-07-05,COD,Delivered,5,2023-07-06,2023-07-08,4.0
11102,1423,2023-07-05,COD,Delivered,5,2023-07-07,2023-07-13,4.0
11103,1282,2023-07-05,COD,Delivered,5,2023-07-06,2023-07-09,
11104,1594,2023-07-05,UPI,Delivered,5,2023-07-07,2023-07-12,5.0
11105,2614,2023-07-05,UPI,Delivered,5,2023-07-05,2023-07-09,5.0
11106,223,2023-07-05,COD,Delivered,5,2023-07-06,2023-07-09,4.0
11107,248,2023-07-06,Credit Card,Delivered,5,2023-07-06,2023-07-10,4.0
11108,2161,2023-07-06,Debit Card,Delivered,5,2023-07-06,2023-07-09,4.0
11109,1037,2023-07-06,UPI,Delivered,5,2023-07-06,2023-07-10,5.0
11110,1302,2023-07-06,UPI,Delivered,5,2023-07-06,2023-07-09,4.0
11111,1902,2023-07-06,Credit Card,Delivered,5,2023-07-08,2023-07-10,
11112,1567,2023-07-06,Net Banking,Delivered,5,2023-07-08,2023-07-13,4.0
11113,665,2023-07-07,UPI,Delivered,5,2023-07-08,2023-07-11,
11114,2427,2023-07-07,UPI,Delivered,5,2023-07-09,2023-07-14,4.0
11115,1544,2023-07-07,UPI,Delivered,5,2023-07-08,2023-07-15,4.0
11116,1934,2023-07-07,Credit Card,Delivered,5,2023-07-08,2023-07-11,4.0
11117,2487,2023-07-07,UPI,Delivered,5,2023-07-08,2023-07-12,
11118,864,2023-07-07,Debit Card,Delivered,5,2023-07-08,2023-07-14,
11119,2801,2023-07-07,UPI,Delivered,5,2023-07-08,2023-07-11,
11120,2139,2023-07-07,UPI,Delivered,5,2023-07-09,2023-07-12,4.0
11121,1558,2023-07-07,UPI,Delivered,5,2023-07-09,2023-07-14,
11122,2819,2023-07-07,UPI,Delivered,5,2023-07-07,2023-07-12,
11123,825,2023-07-07,COD,Delivered,5,2023-07-09,2023-07-12,5.0
11124,1194,2023-07-08,COD,Returned,5,2023-07-08,2023-07-14,4.0
11124,1194,2023-07-08,COD,Returned,5,2023-07-08,2023-07-14,4.0
11125,659,2023-07-08,COD,Delivered,5,2023-07-10,2023-07-12,5.0
11126,1400,2023-07-08,COD,Delivered,5,2023-07-10,2023-07-13,4.0
11127,1095,2023-07-08,UPI,Delivered,5,2023-07-10,2023-07-13,5.0
11128,2962,2023-07-08,COD,Delivered,5,2023-07-09,2023-07-12,5.0
11129,1361,2023-07-08,Credit Card,Delivered,5,2023-07-10,2023-07-14,5.0
11130,306,2023-07-08,COD,Delivered,5,2023-07-10,2023-07-12,
11131,1303,2023-07-09,Debit Card,Delivered,5,2023-07-11,2023-07-14,5.0
11132,919,2023-07-09,UPI,Delivered,5,2023-07-11,2023-07-15,4.0
11133,2121,2023-07-09,UPI,Delivered,5,2023-07-10,2023-07-13,
11134,2775,2023-07-10,UPI,Delivered,5,2023-07-12,2023-07-15,
11135,2158,2023-07-10,UPI,Delivered,5,2023-07-12,2023-07-19,4.0
11136,490,2023-07-10,Credit Card,Delivered,5,2023-07-11,2023-07-15,
11137,2232,2023-07-11,Net Banking,Delivered,5,2023-07-13,2023-07-16,5.0
11138,1012,2023-07-11,UPI,Delivered,5,2023-07-12,2023-07-16,
11139,209,2023-07-11,Credit Card,Delivered,5,2023-07-13,2023-07-20,
11140,2476,2023-07-11,Credit Card,Delivered,5,2023-07-12,2023-07-16,3.0
11141,1199,2023-07-11,UPI,Delivered,5,2023-07-13,2023-07-17,5.0
11142,2463,2023-07-11,UPI,Delivered,5,2023-07-13,2023-07-18,4.0
11143,120,2023-07-11,Credit Card,Delivered,5,2023-07-11,2023-07-13,5.0
11144,357,2023-07-11,Credit Card,Delivered,5,2023-07-11,2023-07-15,
11145,2931,2023-07-11,UPI,Delivered,5,2023-07-11,2023-07-19,
11146,2810,2023-07-11,UPI,Delivered,5,2023-07-13,2023-07-17,5.0
11147,1364,2023-07-11,UPI,Delivered,5,2023-07-12,2023-07-15,
11148,759,2023-07-12,COD,Delivered,5,2023-07-14,2023-07-18,4.0
11149,850,2023-07-12,COD,Delivered,5,2023-07-12,2023-07-19,4.0
11150,1682,2023-07-12,UPI,Delivered,5,2023-07-13,2023-07-18,
11151,2921,2023-07-12,Debit Card,Delivered,5,2023-07-12,2023-07-16,5.0
11152,2073,2023-07-12,COD,Delivered,5,2023-07-14,2023-07-20,3.0
11153,1622,2023-07-12,UPI,Delivered,5,2023-07-12,2023-07-16,
11154,1242,2023-07-12,UPI,Returned,5,2023-07-12,2023-07-15,4.0
11155,2980,2023-07-12,UPI,Delivered,5,2023-07-13,2023-07-18,4.0
11156,249,2023-07-12,UPI,Delivered,5,2023-07-12,2023-07-15,5.0
11156,249,2023-07-12,UPI,Delivered,5,2023-07-12,2023-07-15,5.0
11157,484,2023-07-12,COD,Delivered,5,2023-07-14,2023-07-17,4.0
11158,2041,2023-07-13,COD,Returned,5,2023-07-13,2023-07-17,3.0
11159,2086,2023-07-13,Credit Card,Delivered,5,2023-07-14,2023-07-23,3.0
11160,673,2023-07-13,UPI,Delivered,5,2023-07-14,2023-07-17,5.0
11161,2828,2023-07-13,COD,Delivered,5,2023-07-13,2023-07-17,
11162,1441,2023-07-13,UPI,Delivered,5,2023-07-13,2023-07-18,4.0
11163,2398,2023-07-14,UPI,Delivered,5,2023-07-16,2023-07-20,
11164,2033,2023-07-14,UPI,Delivered,5,2023-07-15,2023-07-20,4.0
11165,248,2023-07-14,COD,Delivered,5,2023-07-14,2023-07-16,5.0
11166,32,2023-07-14,Debit Card,Cancelled,5,,,
11167,2800,2023-07-14,Debit Card,Delivered,5,2023-07-14,2023-07-17,5.0
11168,1819,2023-07-14,Debit Card,Delivered,5,2023-07-14,2023-07-17,
11169,760,2023-07-14,UPI,Delivered,5,2023-07-15,2023-07-19,
11170,1591,2023-07-14,UPI,Delivered,5,2023-07-14,2023-07-17,4.0
11171,2427,2023-07-14,COD,Delivered,5,2023-07-15,2023-07-18,3.0
11172,2071,2023-07-15,COD,Delivered,5,2023-07-17,2023-07-22,4.0
11173,2170,2023-07-15,Credit Card,Delivered,5,2023-07-16,2023-07-22,4.0
11174,2109,2023-07-15,UPI,Delivered,5,2023-07-16,2023-07-20,5.0
11175,418,2023-07-15,Net Banking,Returned,5,2023-07-16,2023-07-20,4.0
11176,1165,2023-07-15,UPI,Delivered,5,2023-07-17,2023-07-21,5.0
11177,1142,2023-07-15,UPI,Delivered,5,2023-07-16,2023-07-20,4.0
11178,1091,2023-07-16,UPI,Delivered,5,2023-07-18,2023-07-21,4.0
11179,2840,2023-07-16,UPI,Delivered,5,2023-07-16,2023-07-20,3.0
11180,1403,2023-07-16,Debit Card,Delivered,5,2023-07-18,2023-07-22,4.0
11181,630,2023-07-16,Debit Card,Returned,5,2023-07-17,2023-07-21,4.0
11182,1169,2023-07-16,UPI,Delivered,5,2023-07-18,2023-07-21,4.0
11183,818,2023-07-16,UPI,Delivered,5,2023-07-18,2023-07-21,4.0
11184,130,2023-07-16,Credit Card,Delivered,5,2023-07-18,2023-07-22,5.0
11185,863,2023-07-17,Credit Card,Delivered,5,2023-07-17,2023-07-22,5.0
11186,1001,2023-07-17,UPI,Delivered,5,2023-07-18,2023-07-21,4.0
11187,1940,2023-07-17,UPI,Delivered,5,2023-07-17,2023-07-21,
11188,2956,2023-07-17,COD,Delivered,5,2023-07-18,2023-07-22,5.0
11189,1928,2023-07-17,Net Banking,Delivered,5,2023-07-18,2023-07-22,5.0
11190,21,2023-07-17,UPI,Delivered,5,2023-07-17,2023-07-19,5.0
11191,2635,2023-07-17,Debit Card,Cancelled,5,,,
11192,1272,2023-07-19,COD,Delivered,5,2023-07-21,2023-07-27,3.0
11193,1558,2023-07-19,UPI,Delivered,5,2023-07-21,2023-07-26,4.0
11194,1785,2023-07-19,COD,Delivered,5,2023-07-21,2023-07-23,
11195,284,2023-07-19,Credit Card,Delivered,5,2023-07-21,2023-07-24,
11196,1740,2023-07-20,Credit Card,Delivered,5,2023-07-22,2023-07-26,4.0
11197,2997,2023-07-20,Credit Card,Delivered,5,2023-07-21,2023-07-26,
11198,2695,2023-07-20,UPI,Delivered,5,2023-07-21,2023-07-23,4.0
11199,1541,2023-07-20,COD,Delivered,5,2023-07-20,2023-07-26,5.0
11200,2940,2023-07-20,Debit Card,Delivered,5,2023-07-21,2023-07-25,5.0
11201,1380,2023-07-20,UPI,Delivered,5,2023-07-21,2023-07-24,4.0
11202,578,2023-07-20,Credit Card,Delivered,5,2023-07-20,2023-07-26,4.0
11203,1739,2023-07-20,Net Banking,Delivered,5,2023-07-20,2023-07-23,
11204,245,2023-07-21,COD,Delivered,5,2023-07-21,2023-07-25,
11205,690,2023-07-21,Debit Card,Delivered,5,2023-07-23,2023-07-29,3.0
11206,2839,2023-07-21,UPI,Delivered,5,2023-07-22,2023-07-29,3.0
11207,519,2023-07-21,UPI,Delivered,5,2023-07-21,2023-07-27,
11208,2589,2023-07-21,UPI,Delivered,5,2023-07-23,2023-07-30,
11209,2532,2023-07-21,COD,Delivered,5,2023-07-22,2023-07-26,5.0
11210,313,2023-07-21,COD,Delivered,5,2023-07-22,2023-07-25,3.0
11211,2611,2023-07-21,COD,Delivered,5,2023-07-22,2023-07-30,2.0
11212,1849,2023-07-21,UPI,Delivered,5,2023-07-22,2023-07-26,5.0
11213,751,2023-07-21,Net Banking,Delivered,5,2023-07-22,2023-07-27,4.0
11214,2451,2023-07-21,Net Banking,Delivered,5,2023-07-21,2023-07-23,4.0
11215,1423,2023-07-21,Debit Card,Delivered,5,2023-07-23,2023-07-27,4.0
11216,1242,2023-07-22,COD,Returned,5,2023-07-24,2023-07-27,4.0
11217,2952,2023-07-22,Credit Card,Delivered,5,2023-07-24,2023-07-28,4.0
11218,1850,2023-07-22,UPI,Delivered,5,2023-07-24,2023-07-26,
11219,2400,2023-07-22,UPI,Delivered,5,2023-07-22,2023-07-26,4.0
11220,1246,2023-07-22,UPI,Delivered,5,2023-07-24,2023-08-01,
11221,1083,2023-07-22,UPI,Delivered,5,2023-07-22,2023-07-26,4.0
11222,1534,2023-07-22,Debit Card,Delivered,5,2023-07-23,2023-07-28,4.0
11223,2779,2023-07-22,UPI,Delivered,5,2023-07-23,2023-07-28,
11224,358,2023-07-22,UPI,Delivered,5,2023-07-23,2023-07-31,3.0
11225,1291,2023-07-23,UPI,Delivered,5,2023-07-25,2023-07-31,4.0
11226,1231,2023-07-23,Debit Card,Delivered,5,2023-07-24,2023-07-27,5.0
11227,1669,2023-07-23,COD,Delivered,5,2023-07-24,2023-07-26,5.0
11228,1978,2023-07-24,UPI,Delivered,5,2023-07-24,2023-07-26,4.0
11229,1592,2023-07-24,COD,Delivered,5,2023-07-26,2023-07-30,
11230,1203,2023-07-24,Net Banking,Delivered,5,2023-07-25,2023-07-28,4.0
11231,643,2023-07-24,Debit Card,Cancelled,5,,,
11232,2170,2023-07-24,Debit Card,Returned,5,2023-07-25,2023-07-29,4.0
11233,2719,2023-07-24,Debit Card,Delivered,5,2023-07-25,2023-07-29,4.0
11234,1413,2023-07-24,Net Banking,Delivered,5,2023-07-26,2023-08-02,3.0
11235,1851,2023-07-24,UPI,Delivered,5,2023-07-25,2023-08-01,3.0
11236,153,2023-07-24,COD,Delivered,5,2023-07-25,2023-07-29,
11237,2908,2023-07-24,UPI,Cancelled,5,,,
11238,1031,2023-07-25,UPI,Delivered,5,2023-07-25,2023-07-31,
11239,2427,2023-07-25,Debit Card,Delivered,5,2023-07-27,2023-07-31,5.0
11240,401,2023-07-25,COD,Delivered,5,2023-07-26,2023-07-31,
11241,139,2023-07-25,COD,Delivered,5,2023-07-27,2023-07-29,4.0
11242,1122,2023-07-25,COD,Delivered,5,2023-07-26,2023-07-31,5.0
11243,54,2023-07-25,COD,Delivered,5,2023-07-25,2023-07-28,5.0
11244,1379,2023-07-25,Credit Card,Delivered,5,2023-07-26,2023-07-28,5.0
11245,1940,2023-07-25,COD,Delivered,5,2023-07-26,2023-07-31,
11246,2317,2023-07-25,UPI,Delivered,5,2023-07-27,2023-07-30,5.0
11247,949,2023-07-26,UPI,Cancelled,5,,,
11248,932,2023-07-26,Credit Card,Delivered,5,2023-07-26,2023-07-30,4.0
11249,768,2023-07-26,Credit Card,Delivered,5,2023-07-28,2023-07-31,
11250,2772,2023-07-26,Debit Card,Delivered,5,2023-07-27,2023-07-30,5.0
11251,2640,2023-07-26,COD,Delivered,5,2023-07-27,2023-07-30,5.0
11252,581,2023-07-26,UPI,Delivered,5,2023-07-27,2023-08-01,5.0
11253,190,2023-07-26,COD,Delivered,5,2023-07-28,2023-08-02,
11254,1301,2023-07-27,Debit Card,Delivered,5,2023-07-29,2023-08-03,3.0
11255,274,2023-07-27,Net Banking,Delivered,5,2023-07-29,2023-08-01,4.0
11256,2210,2023-07-27,UPI,Delivered,5,2023-07-29,2023-08-04,3.0
11257,2138,2023-07-27,Debit Card,Delivered,5,2023-07-27,2023-07-31,
11258,235,2023-07-27,COD,Delivered,5,2023-07-28,2023-08-03,
11259,2184,2023-07-27,Credit Card,Delivered,5,2023-07-29,2023-08-01,4.0
11260,2547,2023-07-27,UPI,Delivered,5,2023-07-29,2023-08-01,4.0
11261,2159,2023-07-28,UPI,Delivered,5,2023-07-29,2023-08-01,5.0
11262,2039,2023-07-28,UPI,Delivered,5,2023-07-28,2023-07-31,5.0
11263,2281,2023-07-28,Credit Card,Delivered,5,2023-07-28,2023-07-30,
11264,1526,2023-07-28,Debit Card,Cancelled,5,,,
11265,2446,2023-07-29,Credit Card,Delivered,5,2023-07-31,2023-08-04,
11266,1969,2023-07-29,Debit Card,Delivered,5,2023-07-31,2023-08-06,4.0
11267,1846,2023-07-29,UPI,Delivered,5,2023-07-31,2023-08-06,
11268,2842,2023-07-29,UPI,Delivered,5,2023-07-29,2023-08-05,4.0
11269,1062,2023-07-29,COD,Delivered,5,2023-07-30,2023-08-01,5.0
11270,1616,2023-07-29,COD,Delivered,5,2023-07-31,2023-08-06,3.0
11271,1085,2023-07-29,Debit Card,Delivered,5,2023-07-29,2023-08-06,
11272,595,2023-07-29,COD,Delivered,5,2023-07-30,2023-08-03,4.0
11273,1091,2023-07-29,Net Banking,Cancelled,5,,,
11274,1657,2023-07-29,Net Banking,Delivered,5,2023-07-31,2023-08-04,5.0
11275,554,2023-07-30,Debit Card,Delivered,5,2023-07-30,2023-08-05,5.0
11276,2995,2023-07-30,UPI,Delivered,5,2023-07-30,2023-08-05,
11277,2829,2023-07-30,UPI,Delivered,5,2023-08-01,2023-08-11,2.0
11278,2563,2023-07-30,Debit Card,Delivered,5,2023-07-31,2023-08-05,
11279,400,2023-07-30,Credit Card,Delivered,5,2023-08-01,2023-08-05,4.0
11280,2823,2023-07-30,UPI,Delivered,5,2023-07-31,2023-08-03,4.0
11281,86,2023-07-30,UPI,Delivered,5,2023-07-30,2023-08-02,5.0
11282,812,2023-07-30,COD,Delivered,5,2023-07-30,2023-08-03,5.0
11283,21,2023-07-30,UPI,Delivered,5,2023-07-30,2023-08-02,5.0
11284,1937,2023-07-31,COD,Delivered,5,2023-08-02,2023-08-07,
11285,2376,2023-07-31,COD,Delivered,5,2023-07-31,2023-08-02,4.0
11286,2323,2023-07-31,Debit Card,Delivered,5,2023-08-02,2023-08-07,4.0
11287,1263,2023-07-31,UPI,Cancelled,5,,,
11288,2614,2023-07-31,COD,Delivered,5,2023-08-01,2023-08-06,
11289,1917,2023-07-31,Debit Card,Delivered,5,2023-08-02,2023-08-05,
11290,979,2023-08-01,UPI,Delivered,5,2023-08-03,2023-08-06,4.0
11291,1345,2023-08-01,Debit Card,Delivered,5,2023-08-01,2023-08-04,4.0
11292,1560,2023-08-01,UPI,Delivered,5,2023-08-03,2023-08-06,5.0
11293,2527,2023-08-02,Debit Card,Delivered,5,2023-08-04,2023-08-08,4.0
11294,475,2023-08-02,COD,Returned,5,2023-08-04,2023-08-07,5.0
11295,1191,2023-08-02,Credit Card,Delivered,5,2023-08-02,2023-08-05,4.0
11296,3,2023-08-02,Net Banking,Delivered,5,2023-08-02,2023-08-06,5.0
11297,484,2023-08-02,Credit Card,Delivered,5,2023-08-02,2023-08-04,
11298,2573,2023-08-02,COD,Delivered,5,2023-08-04,2023-08-09,4.0
11299,1647,2023-08-02,COD,Returned,5,2023-08-04,2023-08-09,5.0
11300,668,2023-08-02,UPI,Delivered,5,2023-08-02,2023-08-05,5.0
11301,2782,2023-08-02,COD,Delivered,5,2023-08-03,2023-08-10,4.0
11302,854,2023-08-02,COD,Delivered,5,2023-08-03,2023-08-06,5.0
11303,2051,2023-08-02,UPI,Delivered,5,2023-08-03,2023-08-07,4.0
11304,1954,2023-08-03,COD,Delivered,5,2023-08-05,2023-08-09,5.0
11305,1551,2023-08-03,UPI,Delivered,5,2023-08-05,2023-08-10,
11306,1933,2023-08-03,UPI,Delivered,5,2023-08-03,2023-08-07,2.0
11307,1391,2023-08-03,UPI,Delivered,5,2023-08-04,2023-08-07,4.0
11308,1534,2023-08-03,Credit Card,Delivered,5,2023-08-03,2023-08-06,4.0
11309,2245,2023-08-04,UPI,Delivered,5,2023-08-04,2023-08-09,4.0
11310,1926,2023-08-04,UPI,Delivered,5,2023-08-06,2023-08-12,4.0
11311,1056,2023-08-04,Net Banking,Delivered,5,2023-08-06,2023-08-15,3.0
11312,836,2023-08-04,Credit Card,Delivered,5,2023-08-04,2023-08-07,
11313,39,2023-08-04,COD,Delivered,5,2023-08-05,2023-08-08,5.0
11314,1781,2023-08-04,UPI,Delivered,5,2023-08-04,2023-08-08,4.0
11315,2516,2023-08-04,UPI,Delivered,5,2023-08-05,2023-08-09,4.0
11316,1386,2023-08-04,COD,Delivered,5,2023-08-04,2023-08-09,4.0
11317,970,2023-08-04,UPI,Delivered,5,2023-08-05,2023-08-10,5.0
11318,1644,2023-08-04,Credit Card,Delivered,5,2023-08-06,2023-08-09,
11319,1150,2023-08-04,Net Banking,Delivered,5,2023-08-04,2023-08-07,4.0
11320,93,2023-08-04,UPI,Delivered,5,2023-08-05,2023-08-09,4.0
11321,459,2023-08-04,Credit Card,Cancelled,5,,,
11322,1733,2023-08-04,Debit Card,Delivered,5,2023-08-05,2023-08-08,
11323,2209,2023-08-04,UPI,Delivered,5,2023-08-06,2023-08-10,5.0
11324,692,2023-08-05,Debit Card,Delivered,5,2023-08-07,2023-08-10,
11325,2071,2023-08-05,Credit Card,Delivered,5,2023-08-06,2023-08-10,
11326,1682,2023-08-05,UPI,Cancelled,5,,,
11327,2707,2023-08-05,Credit Card,Delivered,5,2023-08-06,2023-08-08,5.0
11328,92,2023-08-05,Credit Card,Delivered,5,2023-08-06,2023-08-10,
11329,1995,2023-08-05,Debit Card,Delivered,5,2023-08-06,2023-08-09,
11330,2945,2023-08-05,COD,Delivered,5,2023-08-06,2023-08-11,
11331,1276,2023-08-06,COD,Delivered,5,2023-08-08,2023-08-14,4.0
11332,1959,2023-08-06,UPI,Delivered,5,2023-08-08,2023-08-14,
11333,47,2023-08-06,Net Banking,Delivered,5,2023-08-07,2023-08-12,5.0
11334,2552,2023-08-06,COD,Delivered,5,2023-08-06,2023-08-12,
11335,1851,2023-08-06,UPI,Delivered,5,2023-08-07,2023-08-15,2.0
11336,221,2023-08-06,UPI,Delivered,5,2023-08-08,2023-08-13,
11337,1223,2023-08-06,UPI,Delivered,5,2023-08-08,2023-08-13,5.0
11338,2800,2023-08-06,UPI,Delivered,5,2023-08-06,2023-08-08,4.0
11339,2993,2023-08-06,Credit Card,Delivered,5,2023-08-07,2023-08-12,4.0
11340,11,2023-08-07,UPI,Delivered,5,2023-08-09,2023-08-13,
11341,1867,2023-08-07,Net Banking,Delivered,5,2023-08-08,2023-08-15,
11342,2210,2023-08-07,Credit Card,Delivered,5,2023-08-09,2023-08-14,4.0
11343,2049,2023-08-07,UPI,Delivered,5,2023-08-09,2023-08-12,4.0
11344,1396,2023-08-07,Net Banking,Delivered,5,2023-08-07,2023-08-11,4.0
11345,678,2023-08-07,Credit Card,Delivered,5,2023-08-08,2023-08-13,5.0
11346,1400,2023-08-07,UPI,Delivered,5,2023-08-07,2023-08-10,3.0
11347,1140,2023-08-08,UPI,Delivered,5,2023-08-10,2023-08-21,1.0
11348,1578,2023-08-08,Debit Card,Delivered,5,2023-08-08,2023-08-12,5.0
11349,2445,2023-08-08,Credit Card,Delivered,5,2023-08-09,2023-08-11,5.0
11350,895,2023-08-08,Debit Card,Delivered,5,2023-08-09,2023-08-13,
11351,401,2023-08-08,COD,Delivered,5,2023-08-09,2023-08-12,
11352,578,2023-08-08,Debit Card,Delivered,5,2023-08-09,2023-08-12,4.0
11352,578,2023-08-08,Debit Card,Delivered,5,2023-08-09,2023-08-12,4.0
11353,2918,2023-08-08,COD,Delivered,5,2023-08-10,2023-08-14,5.0
11354,2737,2023-08-09,COD,Delivered,5,2023-08-09,2023-08-13,
11355,2220,2023-08-09,Debit Card,Delivered,5,2023-08-10,2023-08-16,4.0
11356,536,2023-08-09,UPI,Delivered,5,2023-08-09,2023-08-14,5.0
11357,2062,2023-08-09,Credit Card,Delivered,5,2023-08-10,2023-08-13,5.0
11358,1321,2023-08-09,Credit Card,Cancelled,5,,,
11359,182,2023-08-09,Credit Card,Delivered,5,2023-08-09,2023-08-13,5.0
11360,1078,2023-08-09,UPI,Delivered,5,2023-08-09,2023-08-12,
11361,82,2023-08-09,Debit Card,Delivered,5,2023-08-09,2023-08-13,
11362,1143,2023-08-09,UPI,Delivered,5,2023-08-11,2023-08-15,5.0
11363,978,2023-08-10,Credit Card,Delivered,5,2023-08-12,2023-08-16,
11364,2846,2023-08-10,UPI,Delivered,5,2023-08-10,2023-08-14,5.0
11365,2206,2023-08-10,COD,Delivered,5,2023-08-11,2023-08-14,
11366,2052,2023-08-10,UPI,Delivered,5,2023-08-10,2023-08-12,5.0
11367,2931,2023-08-11,Debit Card,Delivered,5,2023-08-11,2023-08-16,4.0
11368,378,2023-08-11,Debit Card,Delivered,5,2023-08-11,2023-08-15,5.0
11369,2095,2023-08-11,UPI,Delivered,5,2023-08-13,2023-08-18,
11370,1563,2023-08-11,COD,Delivered,5,2023-08-11,2023-08-13,
11371,2452,2023-08-11,COD,Delivered,5,2023-08-13,2023-08-15,
11372,571,2023-08-11,COD,Delivered,5,2023-08-11,2023-08-13,5.0
11373,1785,2023-08-11,Net Banking,Delivered,5,2023-08-11,2023-08-14,
11374,2159,2023-08-11,Credit Card,Delivered,5,2023-08-11,2023-08-14,5.0
11374,2159,2023-08-11,Credit Card,Delivered,5,2023-08-11,2023-08-14,5.0
11375,2207,2023-08-11,COD,Delivered,5,2023-08-11,2023-08-15,5.0
11376,1781,2023-08-11,COD,Delivered,5,2023-08-11,2023-08-16,3.0
11377,1268,2023-08-11,COD,Returned,5,2023-08-11,2023-08-16,5.0
11378,159,2023-08-11,COD,Delivered,5,2023-08-12,2023-08-17,4.0
11379,2448,2023-08-11,Debit Card,Delivered,5,2023-08-11,2023-08-16,5.0
11380,2521,2023-08-12,Credit Card,Delivered,5,2023-08-13,2023-08-16,5.0
11381,1519,2023-08-12,Credit Card,Cancelled,5,,,
11382,250,2023-08-12,UPI,Delivered,5,2023-08-13,2023-08-18,
11383,2529,2023-08-12,Debit Card,Delivered,5,2023-08-13,2023-08-15,
11384,548,2023-08-12,UPI,Delivered,5,2023-08-14,2023-08-21,4.0
11385,711,2023-08-12,Debit Card,Delivered,5,2023-08-13,2023-08-18,
11386,1403,2023-08-12,Credit Card,Delivered,5,2023-08-14,2023-08-17,4.0
11386,1403,2023-08-12,Credit Card,Delivered,5,2023-08-14,2023-08-17,4.0
11387,542,2023-08-12,UPI,Delivered,5,2023-08-14,2023-08-16,
11388,2348,2023-08-13,UPI,Delivered,5,2023-08-13,2023-08-16,3.0
11389,2614,2023-08-13,UPI,Delivered,5,2023-08-15,2023-08-18,5.0
11390,2013,2023-08-13,Debit Card,Delivered,5,2023-08-14,2023-08-17,
11391,2335,2023-08-13,UPI,Delivered,5,2023-08-14,2023-08-17,
11392,1602,2023-08-13,UPI,Delivered,5,2023-08-15,2023-08-18,4.0
11393,1567,2023-08-13,UPI,Delivered,5,2023-08-13,2023-08-18,5.0
11394,751,2023-08-13,UPI,Delivered,5,2023-08-14,2023-08-17,5.0
11395,2607,2023-08-13,UPI,Delivered,5,2023-08-13,2023-08-18,
11396,55,2023-08-14,UPI,Delivered,5,2023-08-14,2023-08-17,5.0
11397,2908,2023-08-14,Debit Card,Delivered,5,2023-08-16,2023-08-22,
11398,1356,2023-08-14,COD,Delivered,5,2023-08-16,2023-08-22,3.0
11399,2548,2023-08-14,Net Banking,Delivered,5,2023-08-14,2023-08-20,4.0
11400,708,2023-08-14,UPI,Delivered,5,2023-08-14,2023-08-19,
11400,708,2023-08-14,UPI,Delivered,5,2023-08-14,2023-08-19,
11401,1291,2023-08-15,UPI,Delivered,5,2023-08-15,2023-08-20,5.0
11402,1907,2023-08-15,UPI,Delivered,5,2023-08-16,2023-08-18,
11403,845,2023-08-15,Debit Card,Delivered,5,2023-08-15,2023-08-18,
11404,1179,2023-08-15,UPI,Delivered,5,2023-08-17,2023-08-20,5.0
11405,265,2023-08-15,UPI,Delivered,5,2023-08-16,2023-08-20,
11406,1202,2023-08-15,Credit Card,Delivered,5,2023-08-17,2023-08-21,5.0
11407,2421,2023-08-15,UPI,Delivered,5,2023-08-16,2023-08-23,2.0
11408,1792,2023-08-16,Credit Card,Returned,5,2023-08-18,2023-08-21,4.0
11409,1344,2023-08-16,Debit Card,Delivered,5,2023-08-16,2023-08-20,
11410,2251,2023-08-16,COD,Delivered,5,2023-08-18,2023-08-24,
11411,1216,2023-08-16,UPI,Delivered,5,2023-08-16,2023-08-21,3.0
11412,800,2023-08-16,UPI,Delivered,5,2023-08-17,2023-08-20,4.0
11413,1341,2023-08-16,Credit Card,Delivered,5,2023-08-17,2023-08-22,4.0
11414,1761,2023-08-16,UPI,Delivered,5,2023-08-17,2023-08-19,5.0
11415,284,2023-08-16,UPI,Delivered,5,2023-08-16,2023-08-19,5.0
11416,120,2023-08-16,Credit Card,Delivered,5,2023-08-16,2023-08-18,5.0
11417,509,2023-08-16,UPI,Delivered,5,2023-08-17,2023-08-22,4.0
11418,1221,2023-08-16,UPI,Delivered,5,2023-08-17,2023-08-20,5.0
11419,140,2023-08-17,Debit Card,Delivered,5,2023-08-17,2023-08-23,4.0
11420,1107,2023-08-17,COD,Delivered,5,2023-08-19,2023-08-21,
11421,1927,2023-08-17,UPI,Delivered,5,2023-08-17,2023-08-24,3.0
11422,488,2023-08-17,Credit Card,Delivered,5,2023-08-17,2023-08-20,4.0
11423,1703,2023-08-17,Net Banking,Delivered,5,2023-08-17,2023-08-20,5.0
11424,728,2023-08-17,UPI,Delivered,5,2023-08-17,2023-08-22,
11425,563,2023-08-17,Debit Card,Delivered,5,2023-08-17,2023-08-21,
11426,1829,2023-08-17,UPI,Delivered,5,2023-08-19,2023-08-22,5.0
11427,2224,2023-08-17,COD,Delivered,5,2023-08-18,2023-08-21,5.0
11428,1380,2023-08-17,UPI,Delivered,5,2023-08-17,2023-08-24,4.0
11429,774,2023-08-18,UPI,Delivered,5,2023-08-19,2023-08-24,4.0
11430,2904,2023-08-18,Net Banking,Cancelled,5,,,
11431,926,2023-08-18,Debit Card,Delivered,5,2023-08-20,2023-08-23,
11432,49,2023-08-18,UPI,Delivered,5,2023-08-20,2023-08-27,3.0
11433,358,2023-08-18,COD,Delivered,5,2023-08-19,2023-08-22,4.0
11434,2622,2023-08-18,COD,Delivered,5,2023-08-19,2023-08-21,5.0
11435,2802,2023-08-19,Credit Card,Delivered,5,2023-08-19,2023-08-25,
11436,1131,2023-08-19,UPI,Delivered,5,2023-08-21,2023-08-23,5.0
11437,539,2023-08-19,UPI,Delivered,5,2023-08-19,2023-08-23,5.0
11438,2023,2023-08-19,Net Banking,Delivered,5,2023-08-19,2023-08-22,5.0
11439,531,2023-08-19,UPI,Delivered,5,2023-08-20,2023-08-23,4.0
11440,21,2023-08-19,UPI,Delivered,5,2023-08-19,2023-08-22,5.0
11441,1496,2023-08-19,UPI,Delivered,5,2023-08-21,2023-08-24,3.0
11442,436,2023-08-19,UPI,Delivered,5,2023-08-19,2023-08-23,
11443,704,2023-08-20,Credit Card,Delivered,5,2023-08-22,2023-08-26,
11444,46,2023-08-20,UPI,Delivered,5,2023-08-20,2023-08-25,5.0
11445,489,2023-08-20,UPI,Delivered,5,2023-08-21,2023-08-26,4.0
11446,1423,2023-08-20,UPI,Delivered,5,2023-08-21,2023-08-29,4.0
11447,78,2023-08-20,UPI,Delivered,5,2023-08-22,2023-08-24,4.0
11448,360,2023-08-20,UPI,Delivered,5,2023-08-22,2023-08-26,
11449,2292,2023-08-20,UPI,Delivered,5,2023-08-22,2023-08-26,5.0
11450,2011,2023-08-20,COD,Delivered,5,2023-08-21,2023-08-24,
11451,1316,2023-08-20,UPI,Delivered,5,2023-08-22,2023-08-25,5.0
11452,1561,2023-08-21,UPI,Delivered,5,2023-08-22,2023-08-29,3.0
11453,2398,2023-08-21,Credit Card,Delivered,5,2023-08-21,2023-08-24,4.0
11454,2266,2023-08-21,COD,Delivered,5,2023-08-21,2023-08-25,4.0
11455,1740,2023-08-21,Debit Card,Delivered,5,2023-08-22,2023-08-25,5.0
11456,1104,2023-08-21,Net Banking,Delivered,5,2023-08-23,2023-08-26,4.0
11457,372,2023-08-21,UPI,Delivered,5,2023-08-21,2023-08-23,5.0
11458,73,2023-08-21,UPI,Delivered,5,2023-08-21,2023-08-26,
11459,266,2023-08-21,UPI,Delivered,5,2023-08-22,2023-08-25,4.0
11460,1832,2023-08-21,UPI,Delivered,5,2023-08-21,2023-08-24,5.0
11461,294,2023-08-22,Net Banking,Delivered,5,2023-08-24,2023-08-28,5.0
11462,2838,2023-08-22,Credit Card,Delivered,5,2023-08-24,2023-08-30,5.0
11463,835,2023-08-22,COD,Delivered,5,2023-08-24,2023-08-27,4.0
11464,1644,2023-08-22,Net Banking,Delivered,5,2023-08-24,2023-08-28,4.0
11465,2316,2023-08-22,COD,Delivered,5,2023-08-22,2023-08-27,4.0
11466,1850,2023-08-22,UPI,Delivered,5,2023-08-22,2023-08-25,5.0
11467,2182,2023-08-22,COD,Delivered,5,2023-08-24,2023-08-27,
11468,2013,2023-08-22,Credit Card,Delivered,5,2023-08-22,2023-08-29,5.0
11469,1326,2023-08-22,UPI,Delivered,5,2023-08-24,2023-08-27,5.0
11470,2545,2023-08-22,Credit Card,Returned,5,2023-08-23,2023-08-27,
11471,1870,2023-08-22,COD,Delivered,5,2023-08-22,2023-08-26,5.0
11472,2922,2023-08-22,COD,Delivered,5,2023-08-23,2023-08-27,
11473,245,2023-08-22,UPI,Delivered,5,2023-08-23,2023-08-28,5.0
11474,2605,2023-08-22,COD,Delivered,5,2023-08-24,2023-08-28,
11475,250,2023-08-23,Credit Card,Delivered,5,2023-08-24,2023-08-27,5.0
11476,1377,2023-08-23,Debit Card,Delivered,5,2023-08-24,2023-08-27,5.0
11477,1146,2023-08-23,UPI,Delivered,5,2023-08-25,2023-08-30,3.0
11478,917,2023-08-23,UPI,Delivered,5,2023-08-23,2023-08-28,
11479,1866,2023-08-23,UPI,Delivered,5,2023-08-23,2023-08-27,4.0
11480,2390,2023-08-23,COD,Cancelled,5,,,
11481,1223,2023-08-23,Net Banking,Delivered,5,2023-08-24,2023-08-30,
11482,2780,2023-08-23,UPI,Delivered,5,2023-08-23,2023-08-28,
11483,187,2023-08-23,UPI,Delivered,5,2023-08-23,2023-08-28,4.0
11484,2041,2023-08-23,UPI,Delivered,5,2023-08-24,2023-08-29,4.0
11485,2758,2023-08-23,COD,Delivered,5,2023-08-23,2023-08-29,
11486,1989,2023-08-24,Credit Card,Cancelled,5,,,
11487,2032,2023-08-24,Credit Card,Delivered,5,2023-08-26,2023-08-31,4.0
11488,754,2023-08-24,UPI,Delivered,5,2023-08-26,2023-08-28,5.0
11489,2259,2023-08-25,UPI,Delivered,5,2023-08-26,2023-08-30,
11490,1234,2023-08-25,COD,Delivered,5,2023-08-25,2023-08-28,
11491,2209,2023-08-25,Credit Card,Delivered,5,2023-08-27,2023-09-02,
11492,182,2023-08-25,UPI,Delivered,5,2023-08-26,2023-08-29,4.0
11493,1395,2023-08-25,UPI,Delivered,5,2023-08-25,2023-08-28,4.0
11494,1809,2023-08-25,UPI,Delivered,5,2023-08-25,2023-08-28,5.0
11495,47,2023-08-25,UPI,Cancelled,5,,,
11496,1682,2023-08-26,UPI,Delivered,5,2023-08-28,2023-09-03,5.0
11497,2328,2023-08-26,Debit Card,Delivered,5,2023-08-27,2023-09-02,4.0
11498,1823,2023-08-26,UPI,Delivered,5,2023-08-26,2023-08-29,5.0
11499,61,2023-08-26,UPI,Delivered,5,2023-08-26,2023-08-31,4.0
11500,1756,2023-08-26,Credit Card,Delivered,5,2023-08-26,2023-08-30,4.0
11501,1645,2023-08-26,UPI,Delivered,5,2023-08-26,2023-08-31,5.0
11502,2232,2023-08-26,Credit Card,Delivered,5,2023-08-26,2023-08-29,4.0
11503,2174,2023-08-26,COD,Delivered,5,2023-08-28,2023-08-31,
11504,2782,2023-08-26,UPI,Delivered,5,2023-08-28,2023-08-31,5.0
11505,335,2023-08-26,COD,Delivered,5,2023-08-28,2023-08-31,
11506,1267,2023-08-27,UPI,Delivered,5,2023-08-27,2023-09-01,
11507,1944,2023-08-27,UPI,Returned,5,2023-08-28,2023-08-31,4.0
11508,1655,2023-08-27,UPI,Delivered,5,2023-08-28,2023-08-31,4.0
11509,1396,2023-08-27,Debit Card,Delivered,5,2023-08-28,2023-08-30,
11510,108,2023-08-27,UPI,Cancelled,5,,,
11511,2087,2023-08-27,COD,Delivered,5,2023-08-28,2023-09-03,4.0
11512,2292,2023-08-27,UPI,Delivered,5,2023-08-29,2023-09-02,
11513,1517,2023-08-27,Debit Card,Delivered,5,2023-08-29,2023-09-10,1.0
11514,111,2023-08-27,UPI,Delivered,5,2023-08-29,2023-09-02,
11515,2783,2023-08-27,UPI,Delivered,5,2023-08-29,2023-09-02,5.0
11516,1028,2023-08-27,Debit Card,Delivered,5,2023-08-27,2023-08-29,
11517,34,2023-08-27,UPI,Delivered,5,2023-08-29,2023-09-02,3.0
11518,1373,2023-08-27,UPI,Delivered,5,2023-08-28,2023-08-31,4.0
11519,770,2023-08-27,Credit Card,Delivered,5,2023-08-29,2023-09-01,5.0
11520,2012,2023-08-27,Debit Card,Delivered,5,2023-08-28,2023-09-01,5.0
11521,2363,2023-08-28,Debit Card,Cancelled,5,,,
11522,2277,2023-08-28,UPI,Delivered,5,2023-08-29,2023-09-03,5.0
11523,1917,2023-08-28,UPI,Delivered,5,2023-08-30,2023-09-04,5.0
11524,143,2023-08-28,UPI,Delivered,5,2023-08-28,2023-09-04,4.0
11525,643,2023-08-28,UPI,Cancelled,5,,,
11526,673,2023-08-28,UPI,Delivered,5,2023-08-28,2023-09-01,5.0
11527,1150,2023-08-29,UPI,Delivered,5,2023-08-29,2023-09-03,4.0
11528,1442,2023-08-29,UPI,Delivered,5,2023-08-31,2023-09-08,4.0
11529,1657,2023-08-29,Credit Card,Delivered,5,2023-08-30,2023-09-05,
11530,1892,2023-08-29,UPI,Delivered,5,2023-08-30,2023-09-03,4.0
11531,648,2023-08-29,UPI,Delivered,5,2023-08-31,2023-09-04,4.0
11532,2668,2023-08-29,UPI,Delivered,5,2023-08-29,2023-09-04,4.0
11533,1040,2023-08-29,UPI,Delivered,5,2023-08-31,2023-09-04,3.0
11534,1175,2023-08-29,COD,Delivered,5,2023-08-29,2023-08-31,
11535,367,2023-08-30,UPI,Delivered,5,2023-08-30,2023-09-02,4.0
11535,367,2023-08-30,UPI,Delivered,5,2023-08-30,2023-09-02,4.0
11536,1522,2023-08-30,UPI,Returned,5,2023-09-01,2023-09-06,5.0
11537,1579,2023-08-30,COD,Delivered,5,2023-09-01,2023-09-03,5.0
11538,1345,2023-08-30,UPI,Delivered,5,2023-09-01,2023-09-05,
11539,1144,2023-08-30,UPI,Delivered,5,2023-09-01,2023-09-05,
11540,294,2023-08-30,COD,Delivered,5,2023-09-01,2023-09-05,4.0
11541,1128,2023-08-30,Debit Card,Delivered,5,2023-08-30,2023-09-04,5.0
11542,2047,2023-08-30,Net Banking,Delivered,5,2023-09-01,2023-09-06,5.0
11543,2649,2023-08-30,COD,Cancelled,5,,,
11544,563,2023-08-30,Debit Card,Delivered,5,2023-09-01,2023-09-04,5.0
11545,768,2023-08-31,UPI,Delivered,5,2023-09-02,2023-09-05,4.0
11546,1891,2023-08-31,Credit Card,Cancelled,5,,,
11547,227,2023-08-31,UPI,Delivered,5,2023-09-02,2023-09-06,4.0
11548,1192,2023-08-31,Credit Card,Delivered,5,2023-09-01,2023-09-04,
11549,1690,2023-08-31,COD,Delivered,5,2023-08-31,2023-09-06,3.0
11550,1251,2023-08-31,UPI,Delivered,5,2023-09-01,2023-09-09,3.0
11551,1244,2023-08-31,COD,Delivered,5,2023-08-31,2023-09-05,
11552,1785,2023-08-31,Credit Card,Delivered,5,2023-09-02,2023-09-06,4.0
11553,1850,2023-08-31,UPI,Delivered,5,2023-09-01,2023-09-05,5.0
11554,39,2023-08-31,COD,Delivered,5,2023-08-31,2023-09-03,5.0
11555,2555,2023-09-01,Credit Card,Delivered,5,2023-09-02,2023-09-06,5.0
11556,2661,2023-09-01,Credit Card,Delivered,5,2023-09-02,2023-09-07,4.0
11557,2005,2023-09-01,Credit Card,Delivered,5,2023-09-03,2023-09-08,4.0
11558,989,2023-09-01,UPI,Delivered,5,2023-09-03,2023-09-09,
11559,882,2023-09-01,UPI,Delivered,5,2023-09-01,2023-09-05,5.0
11560,347,2023-09-01,Debit Card,Delivered,5,2023-09-01,2023-09-03,
11561,519,2023-09-01,COD,Delivered,5,2023-09-02,2023-09-05,5.0
11562,459,2023-09-01,Debit Card,Delivered,5,2023-09-03,2023-09-06,5.0
11563,1219,2023-09-01,COD,Delivered,5,2023-09-03,2023-09-09,3.0
11564,2377,2023-09-01,COD,Delivered,5,2023-09-03,2023-09-05,5.0
11565,1387,2023-09-02,UPI,Delivered,5,2023-09-04,2023-09-09,4.0
11566,2631,2023-09-02,COD,Delivered,5,2023-09-03,2023-09-08,
11567,1558,2023-09-02,COD,Delivered,5,2023-09-04,2023-09-08,5.0
11568,2893,2023-09-02,UPI,Delivered,5,2023-09-04,2023-09-08,
11569,1070,2023-09-02,UPI,Delivered,5,2023-09-02,2023-09-10,3.0
11570,237,2023-09-02,COD,Delivered,5,2023-09-02,2023-09-07,5.0
11571,1900,2023-09-02,Net Banking,Delivered,5,2023-09-02,2023-09-04,
11572,2831,2023-09-02,Net Banking,Delivered,5,2023-09-04,2023-09-07,4.0
11573,668,2023-09-02,Credit Card,Delivered,5,2023-09-04,2023-09-07,4.0
11574,2037,2023-09-02,COD,Delivered,5,2023-09-02,2023-09-05,5.0
11575,86,2023-09-03,Credit Card,Delivered,5,2023-09-05,2023-09-09,4.0
11576,1714,2023-09-03,COD,Delivered,5,2023-09-03,2023-09-09,4.0
11577,478,2023-09-03,Debit Card,Delivered,5,2023-09-05,2023-09-11,4.0
11578,386,2023-09-03,COD,Delivered,5,2023-09-04,2023-09-08,5.0
11579,2823,2023-09-03,Net Banking,Delivered,5,2023-09-04,2023-09-07,4.0
11580,885,2023-09-04,UPI,Delivered,5,2023-09-06,2023-09-11,4.0
11581,2107,2023-09-04,Net Banking,Delivered,5,2023-09-06,2023-09-11,4.0
11582,1538,2023-09-04,Debit Card,Delivered,5,2023-09-06,2023-09-10,4.0
11583,809,2023-09-04,UPI,Cancelled,5,,,
11584,1097,2023-09-04,UPI,Delivered,5,2023-09-05,2023-09-08,4.0
11585,2903,2023-09-04,Debit Card,Delivered,5,2023-09-06,2023-09-10,
11586,692,2023-09-04,UPI,Delivered,5,2023-09-06,2023-09-12,4.0
11587,2427,2023-09-04,UPI,Delivered,5,2023-09-05,2023-09-09,5.0
11588,1703,2023-09-05,Credit Card,Delivered,5,2023-09-06,2023-09-10,
11589,916,2023-09-05,UPI,Delivered,5,2023-09-05,2023-09-08,4.0
11590,1254,2023-09-05,UPI,Cancelled,5,,,
11591,1147,2023-09-05,COD,Delivered,5,2023-09-07,2023-09-10,5.0
11592,49,2023-09-05,UPI,Delivered,5,2023-09-05,2023-09-12,
11593,1560,2023-09-06,Debit Card,Delivered,5,2023-09-08,2023-09-11,
11594,1497,2023-09-06,UPI,Delivered,5,2023-09-08,2023-09-13,5.0
11595,731,2023-09-06,COD,Delivered,5,2023-09-08,2023-09-12,
11596,1511,2023-09-06,UPI,Delivered,5,2023-09-08,2023-09-13,
11597,1316,2023-09-06,COD,Cancelled,5,,,
11598,1640,2023-09-06,Debit Card,Delivered,5,2023-09-08,2023-09-11,3.0
11599,1718,2023-09-06,COD,Delivered,5,2023-09-07,2023-09-10,5.0
11600,774,2023-09-06,Credit Card,Delivered,5,2023-09-07,2023-09-13,5.0
11601,34,2023-09-06,Credit Card,Delivered,5,2023-09-07,2023-09-11,
11601,34,2023-09-06,Credit Card,Delivered,5,2023-09-07,2023-09-11,
11602,1112,2023-09-06,UPI,Delivered,5,2023-09-08,2023-09-14,4.0
11603,2789,2023-09-06,Credit Card,Delivered,5,2023-09-08,2023-09-14,3.0
11604,1867,2023-09-06,Credit Card,Delivered,5,2023-09-06,2023-09-10,
11605,900,2023-09-07,Debit Card,Delivered,5,2023-09-08,2023-09-13,
11606,976,2023-09-07,UPI,Delivered,5,2023-09-07,2023-09-10,3.0
11607,1345,2023-09-07,Credit Card,Delivered,5,2023-09-09,2023-09-12,5.0
11608,1944,2023-09-07,Credit Card,Delivered,5,2023-09-08,2023-09-12,4.0
11609,1657,2023-09-07,Credit Card,Delivered,5,2023-09-07,2023-09-10,
11610,221,2023-09-07,Debit Card,Delivered,5,2023-09-09,2023-09-14,5.0
11611,2914,2023-09-07,UPI,Delivered,5,2023-09-09,2023-09-13,5.0
11612,2650,2023-09-08,Credit Card,Delivered,5,2023-09-10,2023-09-13,5.0
11613,2953,2023-09-08,UPI,Delivered,5,2023-09-09,2023-09-14,
11614,917,2023-09-08,COD,Delivered,5,2023-09-09,2023-09-14,5.0
11615,159,2023-09-09,COD,Delivered,5,2023-09-10,2023-09-14,3.0
11616,1521,2023-09-09,UPI,Delivered,5,2023-09-11,2023-09-13,
11617,1814,2023-09-09,UPI,Delivered,5,2023-09-11,2023-09-13,5.0
11618,2052,2023-09-09,Debit Card,Delivered,5,2023-09-10,2023-09-13,
11619,2991,2023-09-09,COD,Returned,5,2023-09-10,2023-09-14,5.0
11620,2671,2023-09-10,UPI,Delivered,5,2023-09-10,2023-09-19,
11621,1150,2023-09-10,Credit Card,Delivered,5,2023-09-10,2023-09-15,5.0
11622,1655,2023-09-10,UPI,Delivered,5,2023-09-11,2023-09-13,
11623,1123,2023-09-10,COD,Cancelled,5,,,
11624,1441,2023-09-10,UPI,Delivered,5,2023-09-10,2023-09-13,5.0
11625,2400,2023-09-10,COD,Delivered,5,2023-09-10,2023-09-16,5.0
11626,1380,2023-09-10,Debit Card,Delivered,5,2023-09-11,2023-09-15,
11627,2063,2023-09-10,COD,Delivered,5,2023-09-12,2023-09-19,4.0
11628,753,2023-09-11,Net Banking,Delivered,5,2023-09-11,2023-09-16,5.0
11629,1321,2023-09-11,Credit Card,Delivered,5,2023-09-12,2023-09-18,3.0
11629,1321,2023-09-11,Credit Card,Delivered,5,2023-09-12,2023-09-18,3.0
11630,2067,2023-09-11,Debit Card,Delivered,5,2023-09-11,2023-09-15,4.0
11631,1012,2023-09-11,Debit Card,Delivered,5,2023-09-13,2023-09-16,4.0
11632,11,2023-09-11,COD,Cancelled,5,,,
11633,1451,2023-09-11,Credit Card,Delivered,5,2023-09-12,2023-09-18,
11634,2761,2023-09-11,UPI,Delivered,5,2023-09-12,2023-09-15,4.0
11635,2231,2023-09-11,Net Banking,Delivered,5,2023-09-12,2023-09-16,4.0
11636,2230,2023-09-11,UPI,Delivered,5,2023-09-13,2023-09-18,4.0
11637,1770,2023-09-11,Net Banking,Delivered,5,2023-09-12,2023-09-15,
11638,2201,2023-09-11,UPI,Delivered,5,2023-09-13,2023-09-16,4.0
11639,554,2023-09-12,Credit Card,Delivered,5,2023-09-13,2023-09-16,3.0
11640,2823,2023-09-12,Net Banking,Returned,5,2023-09-12,2023-09-17,4.0
11641,2695,2023-09-12,Debit Card,Delivered,5,2023-09-13,2023-09-17,
11642,1687,2023-09-12,Credit Card,Delivered,5,2023-09-14,2023-09-18,4.0
11643,1145,2023-09-12,UPI,Delivered,5,2023-09-14,2023-09-22,4.0
11644,2871,2023-09-12,UPI,Delivered,5,2023-09-12,2023-09-15,3.0
11645,2825,2023-09-12,UPI,Delivered,5,2023-09-14,2023-09-20,
11646,1332,2023-09-12,Credit Card,Delivered,5,2023-09-14,2023-09-25,
11647,719,2023-09-12,Credit Card,Delivered,5,2023-09-12,2023-09-15,
11648,1203,2023-09-12,UPI,Delivered,5,2023-09-13,2023-09-18,
11649,2625,2023-09-12,UPI,Delivered,5,2023-09-14,2023-09-18,5.0
11650,2962,2023-09-13,Net Banking,Delivered,5,2023-09-13,2023-09-18,5.0
11651,1594,2023-09-13,COD,Delivered,5,2023-09-14,2023-09-17,
11652,524,2023-09-13,Credit Card,Delivered,5,2023-09-14,2023-09-17,5.0
11653,2225,2023-09-14,Net Banking,Cancelled,5,,,
11654,1312,2023-09-14,Credit Card,Delivered,5,2023-09-16,2023-09-20,5.0
11655,2232,2023-09-14,UPI,Delivered,5,2023-09-16,2023-09-22,5.0
11656,2245,2023-09-14,UPI,Delivered,5,2023-09-14,2023-09-19,4.0
11657,989,2023-09-14,COD,Delivered,5,2023-09-14,2023-09-18,5.0
11658,597,2023-09-14,UPI,Delivered,5,2023-09-16,2023-09-19,
11659,2567,2023-09-14,UPI,Delivered,5,2023-09-16,2023-09-18,3.0
11660,1843,2023-09-14,Net Banking,Delivered,5,2023-09-15,2023-09-19,4.0
11661,2398,2023-09-14,Debit Card,Delivered,5,2023-09-16,2023-09-20,
11662,505,2023-09-14,COD,Delivered,5,2023-09-14,2023-09-16,4.0
11663,2826,2023-09-14,COD,Delivered,5,2023-09-15,2023-09-21,
11664,2051,2023-09-15,Debit Card,Delivered,5,2023-09-17,2023-09-21,5.0
11665,1949,2023-09-15,UPI,Delivered,5,2023-09-15,2023-09-18,4.0
11666,2480,2023-09-15,COD,Delivered,5,2023-09-17,2023-09-22,
11667,787,2023-09-15,UPI,Delivered,5,2023-09-16,2023-09-21,5.0
11668,2448,2023-09-15,UPI,Delivered,5,2023-09-16,2023-09-19,
11669,2068,2023-09-15,Net Banking,Delivered,5,2023-09-15,2023-09-17,4.0
11670,2330,2023-09-15,UPI,Delivered,5,2023-09-15,2023-09-18,5.0
11670,2330,2023-09-15,UPI,Delivered,5,2023-09-15,2023-09-18,5.0
11671,2997,2023-09-16,UPI,Delivered,5,2023-09-17,2023-09-22,4.0
11672,1052,2023-09-16,UPI,Delivered,5,2023-09-18,2023-09-26,
11673,1533,2023-09-16,COD,Delivered,5,2023-09-17,2023-09-19,4.0
11674,41,2023-09-16,Net Banking,Delivered,5,2023-09-18,2023-09-25,4.0
11675,595,2023-09-16,UPI,Delivered,5,2023-09-18,2023-09-23,5.0
11676,153,2023-09-17,UPI,Delivered,5,2023-09-19,2023-09-25,4.0
11677,1095,2023-09-17,Debit Card,Delivered,5,2023-09-19,2023-09-24,5.0
11678,1665,2023-09-17,Debit Card,Delivered,5,2023-09-19,2023-09-22,5.0
11679,1285,2023-09-17,UPI,Delivered,5,2023-09-19,2023-09-22,
11680,531,2023-09-17,UPI,Returned,5,2023-09-18,2023-09-22,
11681,1632,2023-09-17,Credit Card,Delivered,5,2023-09-18,2023-09-22,
11682,2738,2023-09-17,UPI,Delivered,5,2023-09-18,2023-09-21,
11683,1576,2023-09-17,COD,Delivered,5,2023-09-18,2023-09-21,5.0
11684,256,2023-09-17,UPI,Delivered,5,2023-09-18,2023-09-21,4.0
11685,1128,2023-09-18,COD,Delivered,5,2023-09-19,2023-09-23,
11686,8,2023-09-18,Debit Card,Delivered,5,2023-09-18,2023-09-25,
11687,2325,2023-09-18,Debit Card,Delivered,5,2023-09-19,2023-09-22,
11688,2855,2023-09-18,COD,Delivered,5,2023-09-19,2023-09-24,4.0
11689,1796,2023-09-18,UPI,Delivered,5,2023-09-18,2023-09-22,
11690,2381,2023-09-18,UPI,Delivered,5,2023-09-18,2023-09-21,5.0
11691,2513,2023-09-19,Credit Card,Cancelled,5,,,
11692,2226,2023-09-19,COD,Delivered,5,2023-09-21,2023-09-25,
11693,900,2023-09-19,COD,Delivered,5,2023-09-20,2023-09-22,5.0
11694,2794,2023-09-19,UPI,Delivered,5,2023-09-19,2023-09-23,5.0
11695,2165,2023-09-19,COD,Delivered,5,2023-09-19,2023-09-23,5.0
11696,1413,2023-09-19,UPI,Delivered,5,2023-09-21,2023-09-25,5.0
11697,882,2023-09-19,UPI,Delivered,5,2023-09-21,2023-09-25,
11698,1626,2023-09-19,UPI,Delivered,5,2023-09-19,2023-09-22,3.0
11699,2302,2023-09-19,COD,Delivered,5,2023-09-19,2023-09-25,2.0
11700,2719,2023-09-20,Credit Card,Delivered,5,2023-09-22,2023-09-25,3.0
11701,359,2023-09-20,Credit Card,Delivered,5,2023-09-22,2023-09-28,4.0
11702,1761,2023-09-20,COD,Delivered,5,2023-09-21,2023-09-24,5.0
11703,61,2023-09-20,UPI,Delivered,5,2023-09-22,2023-09-25,
11704,792,2023-09-20,UPI,Delivered,5,2023-09-21,2023-09-23,
11704,792,2023-09-20,UPI,Delivered,5,2023-09-21,2023-09-23,
11705,2022,2023-09-20,UPI,Delivered,5,2023-09-20,2023-09-24,5.0
11706,370,2023-09-20,UPI,Delivered,5,2023-09-20,2023-09-23,5.0
11707,2650,2023-09-20,Credit Card,Delivered,5,2023-09-22,2023-09-27,4.0
11708,2098,2023-09-20,UPI,Delivered,5,2023-09-21,2023-09-25,
11709,1707,2023-09-21,COD,Delivered,5,2023-09-23,2023-09-27,
11710,1846,2023-09-21,COD,Delivered,5,2023-09-22,2023-09-25,5.0
11711,2363,2023-09-21,COD,Delivered,5,2023-09-21,2023-09-24,4.0
11712,133,2023-09-21,UPI,Delivered,5,2023-09-23,2023-09-29,5.0
11713,261,2023-09-21,Credit Card,Delivered,5,2023-09-23,2023-09-26,
11714,1131,2023-09-21,UPI,Delivered,5,2023-09-23,2023-09-25,5.0
11715,1103,2023-09-21,UPI,Delivered,5,2023-09-22,2023-09-26,4.0
11716,2848,2023-09-21,Debit Card,Delivered,5,2023-09-23,2023-09-26,
11717,1439,2023-09-21,Credit Card,Delivered,5,2023-09-21,2023-09-25,5.0
11718,1326,2023-09-22,Debit Card,Delivered,5,2023-09-22,2023-09-26,
11719,461,2023-09-22,COD,Delivered,5,2023-09-22,2023-09-24,5.0
11720,1571,2023-09-22,UPI,Delivered,5,2023-09-22,2023-09-25,4.0
11721,2668,2023-09-22,COD,Delivered,5,2023-09-23,2023-09-27,4.0
11722,1332,2023-09-22,UPI,Delivered,5,2023-09-23,2023-10-01,5.0
11723,1267,2023-09-22,Net Banking,Delivered,5,2023-09-23,2023-09-29,4.0
11724,1100,2023-09-22,Debit Card,Delivered,5,2023-09-23,2023-09-28,5.0
11725,2107,2023-09-22,UPI,Delivered,5,2023-09-22,2023-09-25,4.0
11726,1834,2023-09-22,UPI,Delivered,5,2023-09-24,2023-09-28,4.0
11727,323,2023-09-22,UPI,Delivered,5,2023-09-23,2023-09-28,4.0
11728,1718,2023-09-22,COD,Delivered,5,2023-09-23,2023-09-29,5.0
11729,486,2023-09-23,UPI,Delivered,5,2023-09-24,2023-10-02,4.0
11730,1008,2023-09-23,COD,Delivered,5,2023-09-24,2023-09-28,5.0
11731,1892,2023-09-23,UPI,Delivered,5,2023-09-24,2023-10-01,3.0
11732,1885,2023-09-23,Net Banking,Delivered,5,2023-09-24,2023-10-01,
11733,2503,2023-09-23,UPI,Delivered,5,2023-09-24,2023-09-28,
11734,1179,2023-09-23,Debit Card,Returned,5,2023-09-24,2023-09-28,3.0
11735,418,2023-09-23,COD,Delivered,5,2023-09-25,2023-09-27,5.0
11736,1667,2023-09-23,UPI,Delivered,5,2023-09-25,2023-10-03,4.0
11737,2507,2023-09-23,UPI,Delivered,5,2023-09-23,2023-09-27,5.0
11738,846,2023-09-23,Credit Card,Delivered,5,2023-09-23,2023-09-26,
11739,2420,2023-09-23,Debit Card,Delivered,5,2023-09-23,2023-09-26,5.0
11740,1441,2023-09-24,COD,Returned,5,2023-09-24,2023-09-28,5.0
11741,1513,2023-09-24,UPI,Delivered,5,2023-09-26,2023-10-01,4.0
11742,1931,2023-09-24,COD,Delivered,5,2023-09-24,2023-09-30,3.0
11743,1268,2023-09-24,COD,Delivered,5,2023-09-24,2023-09-28,4.0
11744,2414,2023-09-24,COD,Delivered,5,2023-09-24,2023-09-29,4.0
11745,2633,2023-09-24,UPI,Cancelled,5,,,
11746,790,2023-09-24,UPI,Delivered,5,2023-09-25,2023-10-02,3.0
11747,2850,2023-09-24,Net Banking,Delivered,5,2023-09-24,2023-09-29,
11748,1345,2023-09-24,Debit Card,Cancelled,5,,,
11749,784,2023-09-24,Debit Card,Delivered,5,2023-09-26,2023-09-29,
11750,1386,2023-09-24,COD,Delivered,5,2023-09-26,2023-09-30,
11751,1677,2023-09-25,UPI,Delivered,5,2023-09-26,2023-09-29,4.0
11752,1425,2023-09-25,COD,Delivered,5,2023-09-27,2023-09-29,
11752,1425,2023-09-25,COD,Delivered,5,2023-09-27,2023-09-29,
11753,1070,2023-09-25,Debit Card,Delivered,5,2023-09-25,2023-10-02,4.0
11754,2096,2023-09-25,COD,Delivered,5,2023-09-25,2023-09-29,4.0
11755,878,2023-09-25,COD,Delivered,5,2023-09-27,2023-10-02,3.0
11756,728,2023-09-25,Credit Card,Delivered,5,2023-09-25,2023-10-01,4.0
11757,1123,2023-09-25,UPI,Delivered,5,2023-09-25,2023-09-30,4.0
11758,1444,2023-09-25,COD,Delivered,5,2023-09-25,2023-09-28,5.0
11759,2019,2023-09-25,COD,Delivered,5,2023-09-26,2023-09-30,
11760,659,2023-09-25,UPI,Delivered,5,2023-09-26,2023-09-30,
11761,1385,2023-09-26,Net Banking,Delivered,5,2023-09-27,2023-09-30,4.0
11762,949,2023-09-26,UPI,Delivered,5,2023-09-27,2023-10-04,1.0
11763,2977,2023-09-26,UPI,Delivered,5,2023-09-26,2023-09-30,
11764,2499,2023-09-26,Net Banking,Delivered,5,2023-09-26,2023-10-01,4.0
11765,885,2023-09-26,Debit Card,Delivered,5,2023-09-28,2023-10-02,4.0
11766,2746,2023-09-26,COD,Delivered,5,2023-09-26,2023-09-30,5.0
11767,2751,2023-09-26,COD,Delivered,5,2023-09-27,2023-09-30,
11768,2765,2023-09-26,Credit Card,Delivered,5,2023-09-28,2023-10-03,
11769,1216,2023-09-27,UPI,Delivered,5,2023-09-27,2023-10-06,
11770,1803,2023-09-27,COD,Delivered,5,2023-09-27,2023-10-02,5.0
11771,1172,2023-09-27,Credit Card,Delivered,5,2023-09-29,2023-10-02,
11772,2501,2023-09-27,Credit Card,Delivered,5,2023-09-27,2023-09-30,
11773,2871,2023-09-28,Credit Card,Delivered,5,2023-09-28,2023-09-30,5.0
11774,653,2023-09-28,UPI,Delivered,5,2023-09-29,2023-10-02,
11775,2590,2023-09-28,UPI,Delivered,5,2023-09-28,2023-10-01,4.0
11776,2463,2023-09-28,Debit Card,Cancelled,5,,,
11777,114,2023-09-28,COD,Delivered,5,2023-09-28,2023-10-05,3.0
11778,1793,2023-09-28,Credit Card,Delivered,5,2023-09-30,2023-10-04,
11778,1793,2023-09-28,Credit Card,Delivered,5,2023-09-30,2023-10-04,
11779,738,2023-09-28,UPI,Delivered,5,2023-09-30,2023-10-05,4.0
11780,2181,2023-09-28,UPI,Delivered,5,2023-09-29,2023-10-04,
11781,1458,2023-09-28,COD,Delivered,5,2023-09-28,2023-10-01,
11782,2994,2023-09-28,UPI,Delivered,5,2023-09-30,2023-10-05,4.0
11783,1928,2023-09-28,Credit Card,Delivered,5,2023-09-29,2023-10-03,4.0
11784,2436,2023-09-28,Debit Card,Delivered,5,2023-09-30,2023-10-04,5.0
11785,1512,2023-09-29,UPI,Delivered,5,2023-10-01,2023-10-05,3.0
11786,2841,2023-09-29,Debit Card,Delivered,5,2023-09-30,2023-10-06,4.0
11787,2265,2023-09-29,COD,Delivered,5,2023-10-01,2023-10-09,2.0
11788,2996,2023-09-30,UPI,Delivered,5,2023-10-02,2023-10-05,4.0
11789,1666,2023-09-30,UPI,Delivered,5,2023-10-01,2023-10-07,5.0
11790,2545,2023-09-30,UPI,Delivered,5,2023-10-01,2023-10-07,4.0
11791,2309,2023-09-30,Debit Card,Delivered,5,2023-10-01,2023-10-04,4.0
11792,1379,2023-09-30,COD,Cancelled,5,,,
11793,486,2023-09-30,Debit Card,Delivered,5,2023-09-30,2023-10-06,
11794,649,2023-09-30,Net Banking,Delivered,5,2023-10-01,2023-10-07,4.0
11795,1501,2023-10-01,Debit Card,Returned,5,2023-10-01,2023-10-03,5.0
11796,1665,2023-10-01,UPI,Delivered,5,2023-10-01,2023-10-04,4.0
11797,2321,2023-10-01,UPI,Delivered,5,2023-10-03,2023-10-05,5.0
11798,2968,2023-10-01,Debit Card,Delivered,5,2023-10-02,2023-10-05,5.0
11799,1927,2023-10-01,Debit Card,Delivered,5,2023-10-02,2023-10-06,5.0
11800,368,2023-10-01,Credit Card,Delivered,5,2023-10-03,2023-10-07,5.0
11801,1941,2023-10-01,Credit Card,Delivered,5,2023-10-01,2023-10-05,
11802,1604,2023-10-01,UPI,Delivered,5,2023-10-03,2023-10-05,4.0
11803,72,2023-10-01,UPI,Delivered,5,2023-10-02,2023-10-07,
11804,238,2023-10-01,Debit Card,Delivered,5,2023-10-01,2023-10-05,4.0
11805,2503,2023-10-01,COD,Delivered,5,2023-10-01,2023-10-03,5.0
11806,2327,2023-10-01,COD,Delivered,5,2023-10-02,2023-10-07,5.0
11807,108,2023-10-02,UPI,Delivered,5,2023-10-04,2023-10-07,
11808,2839,2023-10-02,COD,Delivered,5,2023-10-04,2023-10-10,
11809,2439,2023-10-02,UPI,Delivered,5,2023-10-02,2023-10-06,5.0
11810,571,2023-10-02,UPI,Delivered,5,2023-10-03,2023-10-07,
11811,1361,2023-10-02,COD,Delivered,5,2023-10-03,2023-10-07,4.0
11812,2631,2023-10-02,Net Banking,Delivered,5,2023-10-03,2023-10-07,5.0
11813,2403,2023-10-02,COD,Delivered,5,2023-10-03,2023-10-07,5.0
11814,1597,2023-10-02,UPI,Delivered,5,2023-10-04,2023-10-07,5.0
11815,367,2023-10-02,UPI,Delivered,5,2023-10-02,2023-10-05,4.0
11816,1011,2023-10-03,COD,Delivered,5,2023-10-04,2023-10-07,
11817,2284,2023-10-03,COD,Delivered,5,2023-10-03,2023-10-06,5.0
11818,1978,2023-10-03,Credit Card,Delivered,5,2023-10-03,2023-10-07,
11819,41,2023-10-03,UPI,Delivered,5,2023-10-04,2023-10-09,3.0
11820,719,2023-10-03,Credit Card,Delivered,5,2023-10-03,2023-10-06,5.0
11821,2803,2023-10-03,UPI,Delivered,5,2023-10-05,2023-10-08,
11822,316,2023-10-03,UPI,Delivered,5,2023-10-04,2023-10-08,5.0
11823,505,2023-10-03,Debit Card,Delivered,5,2023-10-04,2023-10-14,3.0
11824,891,2023-10-04,UPI,Delivered,5,2023-10-05,2023-10-07,5.0
11825,1761,2023-10-04,Debit Card,Delivered,5,2023-10-05,2023-10-12,4.0
11826,2521,2023-10-04,Debit Card,Delivered,5,2023-10-06,2023-10-13,
11827,1809,2023-10-04,Credit Card,Delivered,5,2023-10-05,2023-10-07,4.0
11828,846,2023-10-04,UPI,Delivered,5,2023-10-06,2023-10-11,5.0
11829,1102,2023-10-04,COD,Delivered,5,2023-10-06,2023-10-10,
11830,1266,2023-10-04,Credit Card,Delivered,5,2023-10-04,2023-10-09,4.0
11831,82,2023-10-04,COD,Delivered,5,2023-10-06,2023-10-09,4.0
11832,1488,2023-10-04,UPI,Delivered,5,2023-10-06,2023-10-10,5.0
11833,2332,2023-10-05,Credit Card,Delivered,5,2023-10-06,2023-10-09,4.0
11834,2147,2023-10-05,Net Banking,Delivered,5,2023-10-05,2023-10-08,4.0
11835,2660,2023-10-05,UPI,Delivered,5,2023-10-05,2023-10-09,5.0
11836,510,2023-10-05,UPI,Delivered,5,2023-10-05,2023-10-11,4.0
11837,1689,2023-10-05,COD,Delivered,5,2023-10-07,2023-10-11,5.0
11838,2340,2023-10-05,Credit Card,Delivered,5,2023-10-06,2023-10-11,4.0
11838,2340,2023-10-05,Credit Card,Delivered,5,2023-10-06,2023-10-11,4.0
11839,2145,2023-10-06,UPI,Delivered,5,2023-10-07,2023-10-11,5.0
11840,2161,2023-10-06,Net Banking,Delivered,5,2023-10-07,2023-10-14,
11841,1931,2023-10-06,UPI,Delivered,5,2023-10-07,2023-10-11,5.0
11842,1621,2023-10-06,Debit Card,Delivered,5,2023-10-06,2023-10-11,5.0
11843,2394,2023-10-06,COD,Delivered,5,2023-10-08,2023-10-14,4.0
11844,119,2023-10-06,COD,Delivered,5,2023-10-07,2023-10-10,
11845,1276,2023-10-06,Credit Card,Delivered,5,2023-10-07,2023-10-10,5.0
11846,2174,2023-10-06,UPI,Delivered,5,2023-10-08,2023-10-11,
11847,2155,2023-10-06,COD,Delivered,5,2023-10-08,2023-10-10,5.0
11848,372,2023-10-06,COD,Delivered,5,2023-10-08,2023-10-14,4.0
11849,2919,2023-10-06,UPI,Delivered,5,2023-10-08,2023-10-13,3.0
11850,2535,2023-10-06,UPI,Delivered,5,2023-10-07,2023-10-11,5.0
11851,1851,2023-10-06,Credit Card,Delivered,5,2023-10-07,2023-10-10,5.0
11852,401,2023-10-06,UPI,Delivered,5,2023-10-08,2023-10-13,5.0
11853,55,2023-10-07,COD,Delivered,5,2023-10-09,2023-10-15,5.0
11854,913,2023-10-07,COD,Delivered,5,2023-10-07,2023-10-09,5.0
11855,2615,2023-10-07,UPI,Delivered,5,2023-10-07,2023-10-11,5.0
11856,1622,2023-10-07,COD,Delivered,5,2023-10-07,2023-10-11,5.0
11857,2855,2023-10-07,COD,Delivered,5,2023-10-09,2023-10-16,4.0
11858,1820,2023-10-07,Debit Card,Delivered,5,2023-10-07,2023-10-13,4.0
11859,2362,2023-10-08,Net Banking,Delivered,5,2023-10-10,2023-10-14,4.0
11860,374,2023-10-08,UPI,Cancelled,5,,,
11861,2031,2023-10-08,COD,Delivered,5,2023-10-08,2023-10-10,5.0
11862,2464,2023-10-08,UPI,Delivered,5,2023-10-08,2023-10-12,
11863,1333,2023-10-08,Credit Card,Returned,5,2023-10-10,2023-10-13,4.0
11864,1435,2023-10-08,Credit Card,Delivered,5,2023-10-08,2023-10-10,4.0
11865,2588,2023-10-08,UPI,Delivered,5,2023-10-10,2023-10-16,5.0
11866,899,2023-10-08,Debit Card,Delivered,5,2023-10-09,2023-10-14,5.0
11867,1746,2023-10-08,Credit Card,Delivered,5,2023-10-08,2023-10-12,5.0
11868,354,2023-10-08,Credit Card,Delivered,5,2023-10-08,2023-10-11,5.0
11869,554,2023-10-08,Credit Card,Delivered,5,2023-10-08,2023-10-10,5.0
11870,1025,2023-10-08,UPI,Delivered,5,2023-10-08,2023-10-12,
11871,1666,2023-10-08,UPI,Delivered,5,2023-10-10,2023-10-19,
11872,2801,2023-10-09,UPI,Delivered,5,2023-10-10,2023-10-15,
11873,834,2023-10-09,Net Banking,Delivered,5,2023-10-09,2023-10-13,
11874,1344,2023-10-09,COD,Delivered,5,2023-10-10,2023-10-15,5.0
11875,1037,2023-10-09,Credit Card,Delivered,5,2023-10-09,2023-10-14,4.0
11876,1092,2023-10-09,Debit Card,Delivered,5,2023-10-10,2023-10-16,4.0
11877,770,2023-10-09,Debit Card,Delivered,5,2023-10-09,2023-10-12,
11878,1956,2023-10-09,UPI,Delivered,5,2023-10-09,2023-10-15,3.0
11879,2650,2023-10-09,UPI,Delivered,5,2023-10-11,2023-10-15,5.0
11880,916,2023-10-09,Credit Card,Delivered,5,2023-10-11,2023-10-13,4.0
11881,2400,2023-10-09,UPI,Delivered,5,2023-10-11,2023-10-15,
11882,2591,2023-10-10,COD,Cancelled,5,,,
11883,2708,2023-10-10,UPI,Delivered,5,2023-10-12,2023-10-15,
11884,2575,2023-10-10,Credit Card,Delivered,5,2023-10-10,2023-10-15,4.0
11885,806,2023-10-10,Credit Card,Delivered,5,2023-10-12,2023-10-18,3.0
11886,1380,2023-10-10,COD,Delivered,5,2023-10-11,2023-10-14,
11887,180,2023-10-10,Net Banking,Delivered,5,2023-10-12,2023-10-16,
11888,2348,2023-10-10,UPI,Delivered,5,2023-10-12,2023-10-15,5.0
11889,643,2023-10-10,UPI,Delivered,5,2023-10-12,2023-10-15,
11890,2286,2023-10-10,Debit Card,Delivered,5,2023-10-11,2023-10-16,5.0
11891,716,2023-10-10,UPI,Delivered,5,2023-10-12,2023-10-17,
11892,501,2023-10-10,UPI,Delivered,5,2023-10-10,2023-10-14,
11893,1685,2023-10-10,Debit Card,Delivered,5,2023-10-10,2023-10-14,3.0
11894,2719,2023-10-10,UPI,Delivered,5,2023-10-10,2023-10-14,4.0
11895,2837,2023-10-11,UPI,Delivered,5,2023-10-12,2023-10-16,5.0
11896,1878,2023-10-11,Credit Card,Delivered,5,2023-10-12,2023-10-16,
11897,2799,2023-10-11,Credit Card,Delivered,5,2023-10-12,2023-10-14,4.0
11898,2220,2023-10-11,COD,Delivered,5,2023-10-12,2023-10-15,
11899,422,2023-10-11,UPI,Delivered,5,2023-10-11,2023-10-14,
11900,1369,2023-10-11,UPI,Delivered,5,2023-10-13,2023-10-19,3.0
11901,2452,2023-10-11,Debit Card,Delivered,5,2023-10-11,2023-10-14,5.0
11902,294,2023-10-11,COD,Delivered,5,2023-10-11,2023-10-17,4.0
11903,2,2023-10-11,UPI,Delivered,5,2023-10-11,2023-10-16,5.0
11904,2763,2023-10-12,Debit Card,Delivered,5,2023-10-12,2023-10-16,4.0
11905,1680,2023-10-12,Debit Card,Delivered,5,2023-10-14,2023-10-17,5.0
11906,665,2023-10-12,UPI,Delivered,5,2023-10-13,2023-10-17,4.0
11907,908,2023-10-12,UPI,Delivered,5,2023-10-14,2023-10-18,5.0
11908,1396,2023-10-12,Debit Card,Delivered,5,2023-10-13,2023-10-18,5.0
11909,906,2023-10-12,UPI,Delivered,5,2023-10-14,2023-10-19,
11910,2625,2023-10-12,UPI,Delivered,5,2023-10-13,2023-10-16,5.0
11911,2328,2023-10-12,Credit Card,Delivered,5,2023-10-12,2023-10-17,4.0
11912,1514,2023-10-12,UPI,Delivered,5,2023-10-12,2023-10-15,4.0
11913,1208,2023-10-12,UPI,Cancelled,5,,,
11914,2114,2023-10-12,Credit Card,Delivered,5,2023-10-13,2023-10-17,5.0
11915,2168,2023-10-12,COD,Delivered,5,2023-10-12,2023-10-16,4.0
11916,2540,2023-10-13,COD,Delivered,5,2023-10-15,2023-10-17,4.0
11917,510,2023-10-13,UPI,Delivered,5,2023-10-13,2023-10-19,1.0
11918,1449,2023-10-13,UPI,Delivered,5,2023-10-15,2023-10-21,
11919,78,2023-10-13,Net Banking,Delivered,5,2023-10-13,2023-10-15,
11920,498,2023-10-13,Debit Card,Delivered,5,2023-10-15,2023-10-17,4.0
11921,1028,2023-10-13,Debit Card,Delivered,5,2023-10-15,2023-10-19,5.0
11922,757,2023-10-13,UPI,Delivered,5,2023-10-14,2023-10-20,4.0
11923,2381,2023-10-13,UPI,Delivered,5,2023-10-14,2023-10-20,
11924,2049,2023-10-13,UPI,Delivered,5,2023-10-15,2023-10-18,
11925,2994,2023-10-14,COD,Delivered,5,2023-10-16,2023-10-20,3.0
11926,1785,2023-10-14,COD,Delivered,5,2023-10-15,2023-10-18,4.0
11927,2403,2023-10-14,UPI,Delivered,5,2023-10-14,2023-10-17,5.0
11928,1591,2023-10-14,Debit Card,Delivered,5,2023-10-14,2023-10-17,
11929,597,2023-10-14,COD,Delivered,5,2023-10-16,2023-10-21,5.0
11930,2746,2023-10-14,COD,Returned,5,2023-10-16,2023-10-21,4.0
11931,1100,2023-10-14,Credit Card,Returned,5,2023-10-16,2023-10-20,4.0
11932,335,2023-10-14,UPI,Delivered,5,2023-10-14,2023-10-19,3.0
11933,697,2023-10-14,Net Banking,Delivered,5,2023-10-15,2023-10-19,
11934,762,2023-10-14,UPI,Delivered,5,2023-10-14,2023-10-17,5.0
11935,488,2023-10-14,UPI,Delivered,5,2023-10-15,2023-10-19,5.0
11936,1023,2023-10-14,UPI,Delivered,5,2023-10-14,2023-10-20,4.0
11937,2588,2023-10-15,Credit Card,Delivered,5,2023-10-16,2023-10-19,5.0
11938,2423,2023-10-15,UPI,Returned,5,2023-10-16,2023-10-20,4.0
11939,283,2023-10-15,Credit Card,Delivered,5,2023-10-15,2023-10-20,5.0
11940,2519,2023-10-15,Net Banking,Delivered,5,2023-10-16,2023-10-19,4.0
11941,1799,2023-10-15,Credit Card,Delivered,5,2023-10-16,2023-10-21,4.0
11942,1874,2023-10-15,Net Banking,Delivered,5,2023-10-16,2023-10-20,
11943,1761,2023-10-15,COD,Delivered,5,2023-10-15,2023-10-17,
11944,2848,2023-10-15,COD,Delivered,5,2023-10-15,2023-10-18,5.0
11945,2362,2023-10-15,Debit Card,Delivered,5,2023-10-15,2023-10-18,4.0
11946,2314,2023-10-15,COD,Delivered,5,2023-10-15,2023-10-20,4.0
11947,261,2023-10-15,Credit Card,Delivered,5,2023-10-17,2023-10-19,
11948,1451,2023-10-15,UPI,Delivered,5,2023-10-15,2023-10-20,5.0
11949,2928,2023-10-16,COD,Delivered,5,2023-10-16,2023-10-20,
11950,1661,2023-10-16,Credit Card,Delivered,5,2023-10-16,2023-10-21,4.0
11951,1125,2023-10-16,COD,Delivered,5,2023-10-17,2023-10-22,4.0
11952,2832,2023-10-16,UPI,Delivered,5,2023-10-16,2023-10-22,3.0
11953,250,2023-10-16,UPI,Delivered,5,2023-10-17,2023-10-21,
11954,1606,2023-10-16,COD,Delivered,5,2023-10-16,2023-10-18,5.0
11955,197,2023-10-16,Debit Card,Delivered,5,2023-10-17,2023-10-22,4.0
11956,2855,2023-10-16,Credit Card,Delivered,5,2023-10-18,2023-10-23,
11957,2590,2023-10-16,COD,Delivered,5,2023-10-17,2023-10-20,5.0
11958,461,2023-10-16,Credit Card,Delivered,5,2023-10-18,2023-10-22,
11959,1800,2023-10-17,UPI,Delivered,5,2023-10-17,2023-10-22,3.0
11960,751,2023-10-17,Debit Card,Delivered,5,2023-10-18,2023-10-23,4.0
11961,1042,2023-10-17,UPI,Cancelled,5,,,
11962,2842,2023-10-17,Credit Card,Delivered,5,2023-10-18,2023-10-24,4.0
11963,2124,2023-10-17,UPI,Delivered,5,2023-10-19,2023-10-24,5.0
11964,2929,2023-10-17,UPI,Delivered,5,2023-10-19,2023-10-22,
11965,1922,2023-10-17,Net Banking,Delivered,5,2023-10-19,2023-10-22,
11966,2990,2023-10-17,UPI,Delivered,5,2023-10-18,2023-10-24,
11967,682,2023-10-17,COD,Delivered,5,2023-10-18,2023-10-22,4.0
11968,292,2023-10-18,Debit Card,Delivered,5,2023-10-20,2023-10-22,
11969,1825,2023-10-18,UPI,Delivered,5,2023-10-20,2023-10-28,
11970,1752,2023-10-18,COD,Delivered,5,2023-10-20,2023-10-24,5.0
11971,2304,2023-10-18,UPI,Cancelled,5,,,
11972,2794,2023-10-18,Credit Card,Delivered,5,2023-10-18,2023-10-22,4.0
11973,1434,2023-10-18,COD,Delivered,5,2023-10-20,2023-10-24,5.0
11974,541,2023-10-18,COD,Delivered,5,2023-10-18,2023-10-21,5.0
11975,2082,2023-10-18,UPI,Delivered,5,2023-10-20,2023-10-24,5.0
11976,159,2023-10-18,COD,Cancelled,5,,,
11977,1218,2023-10-18,Net Banking,Delivered,5,2023-10-20,2023-10-23,5.0
11978,1880,2023-10-18,Credit Card,Delivered,5,2023-10-19,2023-10-24,3.0
11979,1813,2023-10-18,Debit Card,Delivered,5,2023-10-18,2023-10-20,
11980,1060,2023-10-18,UPI,Delivered,5,2023-10-20,2023-10-22,
11981,1903,2023-10-19,UPI,Delivered,5,2023-10-21,2023-10-26,4.0
11982,2592,2023-10-19,Credit Card,Delivered,5,2023-10-19,2023-10-22,4.0
11983,1080,2023-10-19,UPI,Returned,5,2023-10-19,2023-10-24,
11984,328,2023-10-19,Debit Card,Delivered,5,2023-10-21,2023-10-24,4.0
11985,2230,2023-10-19,UPI,Delivered,5,2023-10-20,2023-10-24,
11986,719,2023-10-19,UPI,Delivered,5,2023-10-20,2023-10-26,5.0
11987,1866,2023-10-19,Credit Card,Delivered,5,2023-10-21,2023-10-26,5.0
11988,1494,2023-10-19,UPI,Delivered,5,2023-10-20,2023-10-22,
11989,549,2023-10-19,Credit Card,Delivered,5,2023-10-20,2023-10-25,5.0
11990,1696,2023-10-19,Credit Card,Delivered,5,2023-10-21,2023-10-25,5.0
11991,1235,2023-10-19,UPI,Delivered,5,2023-10-19,2023-10-21,4.0
11992,1258,2023-10-19,UPI,Cancelled,5,,,
11993,757,2023-10-20,UPI,Delivered,5,2023-10-21,2023-10-26,4.0
11994,223,2023-10-20,Credit Card,Delivered,5,2023-10-22,2023-10-26,4.0
11995,1541,2023-10-20,UPI,Delivered,5,2023-10-20,2023-10-28,3.0
11996,2184,2023-10-20,Debit Card,Delivered,5,2023-10-22,2023-10-26,3.0
11997,153,2023-10-20,Debit Card,Delivered,5,2023-10-20,2023-10-23,4.0
11998,1441,2023-10-20,UPI,Delivered,5,2023-10-21,2023-10-25,3.0
11999,1428,2023-10-20,UPI,Delivered,5,2023-10-22,2023-10-25,5.0
12000,647,2023-10-20,UPI,Delivered,5,2023-10-20,2023-10-23,
12001,459,2023-10-20,UPI,Delivered,5,2023-10-22,2023-10-26,5.0
12002,1406,2023-10-20,UPI,Delivered,5,2023-10-21,2023-10-24,4.0
12003,509,2023-10-20,Net Banking,Cancelled,5,,,
12004,1959,2023-10-20,UPI,Delivered,5,2023-10-21,2023-10-25,
12005,1264,2023-10-20,UPI,Delivered,5,2023-10-20,2023-10-23,4.0
12006,1840,2023-10-20,COD,Delivered,5,2023-10-22,2023-10-28,
12007,2655,2023-10-20,COD,Delivered,5,2023-10-20,2023-10-25,4.0
12008,1153,2023-10-20,Credit Card,Returned,5,2023-10-20,2023-10-23,4.0
12009,1561,2023-10-21,Credit Card,Delivered,5,2023-10-23,2023-10-25,4.0
12010,2781,2023-10-21,UPI,Delivered,5,2023-10-21,2023-10-24,5.0
12011,1221,2023-10-21,COD,Delivered,5,2023-10-21,2023-10-24,
12012,885,2023-10-21,Credit Card,Delivered,5,2023-10-22,2023-10-25,3.0
12013,1743,2023-10-21,Credit Card,Delivered,5,2023-10-23,2023-10-26,5.0
12014,1667,2023-10-21,UPI,Returned,5,2023-10-23,2023-10-27,
12015,1685,2023-10-21,Credit Card,Delivered,5,2023-10-22,2023-10-25,4.0
12016,835,2023-10-21,Debit Card,Delivered,5,2023-10-22,2023-10-24,4.0
12017,478,2023-10-21,UPI,Delivered,5,2023-10-23,2023-10-30,4.0
12018,2680,2023-10-22,Credit Card,Delivered,5,2023-10-22,2023-10-25,5.0
12019,1757,2023-10-22,UPI,Delivered,5,2023-10-24,2023-10-28,
12020,221,2023-10-22,COD,Delivered,5,2023-10-24,2023-10-28,
12021,702,2023-10-22,UPI,Delivered,5,2023-10-23,2023-10-27,4.0
12022,1333,2023-10-22,COD,Delivered,5,2023-10-23,2023-10-25,
12023,325,2023-10-22,Credit Card,Delivered,5,2023-10-23,2023-10-28,5.0
12024,574,2023-10-22,Credit Card,Delivered,5,2023-10-23,2023-10-26,4.0
12025,427,2023-10-22,UPI,Delivered,5,2023-10-24,2023-10-31,
12026,2420,2023-10-22,Credit Card,Delivered,5,2023-10-23,2023-10-30,3.0
12027,2022,2023-10-23,UPI,Delivered,5,2023-10-23,2023-10-28,5.0
12028,1965,2023-10-23,UPI,Delivered,5,2023-10-25,2023-10-29,4.0
12029,816,2023-10-23,UPI,Delivered,5,2023-10-23,2023-10-27,5.0
12030,2660,2023-10-23,UPI,Delivered,5,2023-10-23,2023-10-28,4.0
12031,1816,2023-10-23,COD,Returned,5,2023-10-23,2023-10-25,3.0
12032,1587,2023-10-24,UPI,Delivered,5,2023-10-24,2023-10-27,
12033,2940,2023-10-24,COD,Delivered,5,2023-10-25,2023-10-29,5.0
12034,306,2023-10-24,COD,Delivered,5,2023-10-26,2023-10-29,5.0
12035,2005,2023-10-24,Debit Card,Delivered,5,2023-10-24,2023-10-27,5.0
12036,738,2023-10-24,UPI,Delivered,5,2023-10-24,2023-10-28,
12037,1934,2023-10-24,Credit Card,Delivered,5,2023-10-25,2023-10-31,4.0
12038,728,2023-10-24,COD,Delivered,5,2023-10-25,2023-10-31,
12039,1459,2023-10-24,UPI,Delivered,5,2023-10-26,2023-10-29,5.0
12040,2652,2023-10-24,UPI,Delivered,5,2023-10-25,2023-10-31,4.0
12041,32,2023-10-25,UPI,Delivered,5,2023-10-26,2023-10-29,
12042,204,2023-10-25,Credit Card,Delivered,5,2023-10-26,2023-10-30,4.0
12043,2095,2023-10-25,UPI,Delivered,5,2023-10-25,2023-10-31,4.0
12044,1444,2023-10-25,UPI,Delivered,5,2023-10-27,2023-10-29,5.0
12045,669,2023-10-25,Debit Card,Delivered,5,2023-10-27,2023-10-30,5.0
12046,472,2023-10-25,Credit Card,Delivered,5,2023-10-27,2023-10-29,5.0
12047,712,2023-10-25,UPI,Delivered,5,2023-10-25,2023-10-28,3.0
12048,1756,2023-10-25,COD,Delivered,5,2023-10-25,2023-10-30,4.0
12049,836,2023-10-25,UPI,Delivered,5,2023-10-25,2023-10-28,5.0
12050,2235,2023-10-25,UPI,Cancelled,5,,,
12051,1571,2023-10-25,UPI,Cancelled,5,,,
12052,1563,2023-10-25,UPI,Delivered,5,2023-10-27,2023-11-01,5.0
12053,1377,2023-10-25,Credit Card,Delivered,5,2023-10-27,2023-11-01,
12054,1099,2023-10-25,UPI,Delivered,5,2023-10-25,2023-10-29,4.0
12055,931,2023-10-25,COD,Delivered,5,2023-10-27,2023-10-30,
12056,1100,2023-10-26,COD,Delivered,5,2023-10-28,2023-11-02,4.0
12057,1225,2023-10-26,UPI,Cancelled,5,,,
12058,2264,2023-10-26,COD,Delivered,5,2023-10-26,2023-11-02,3.0
12059,2030,2023-10-26,Credit Card,Delivered,5,2023-10-26,2023-10-29,5.0
12060,3000,2023-10-26,COD,Returned,5,2023-10-27,2023-11-01,
12061,871,2023-10-26,UPI,Delivered,5,2023-10-27,2023-11-01,5.0
12062,1049,2023-10-26,Debit Card,Delivered,5,2023-10-27,2023-10-31,5.0
12063,113,2023-10-26,UPI,Delivered,5,2023-10-28,2023-11-01,4.0
12064,1575,2023-10-26,UPI,Delivered,5,2023-10-27,2023-11-02,
12065,1814,2023-10-26,COD,Delivered,5,2023-10-27,2023-10-31,4.0
12066,1843,2023-10-26,UPI,Delivered,5,2023-10-27,2023-10-30,
12067,1993,2023-10-26,Credit Card,Delivered,5,2023-10-26,2023-11-03,3.0
12068,236,2023-10-27,UPI,Delivered,5,2023-10-27,2023-11-01,4.0
12069,2906,2023-10-27,COD,Delivered,5,2023-10-29,2023-11-04,
12070,15,2023-10-27,UPI,Delivered,5,2023-10-27,2023-10-31,5.0
12071,2481,2023-10-27,UPI,Delivered,5,2023-10-29,2023-11-02,4.0
12072,2486,2023-10-27,Debit Card,Cancelled,5,,,
12073,2882,2023-10-27,UPI,Returned,5,2023-10-28,2023-10-31,5.0
12074,668,2023-10-27,UPI,Delivered,5,2023-10-29,2023-10-31,4.0
12075,2348,2023-10-27,Debit Card,Delivered,5,2023-10-27,2023-11-03,3.0
12076,1541,2023-10-27,Net Banking,Cancelled,5,,,
12077,1718,2023-10-28,COD,Delivered,5,2023-10-29,2023-11-01,5.0
12078,1813,2023-10-28,UPI,Delivered,5,2023-10-29,2023-11-01,4.0
12079,2781,2023-10-28,UPI,Delivered,5,2023-10-30,2023-11-03,3.0
12080,2733,2023-10-28,COD,Delivered,5,2023-10-30,2023-11-02,5.0
12081,1361,2023-10-28,UPI,Delivered,5,2023-10-29,2023-11-02,4.0
12082,1060,2023-10-28,COD,Delivered,5,2023-10-29,2023-11-02,4.0
12083,2928,2023-10-28,Credit Card,Delivered,5,2023-10-28,2023-11-03,4.0
12084,2421,2023-10-28,COD,Delivered,5,2023-10-29,2023-11-03,5.0
12085,1434,2023-10-28,UPI,Delivered,5,2023-10-29,2023-11-04,3.0
12086,2055,2023-10-29,COD,Delivered,5,2023-10-29,2023-11-05,
12087,1513,2023-10-29,UPI,Delivered,5,2023-10-29,2023-11-06,4.0
12088,1502,2023-10-29,Debit Card,Delivered,5,2023-10-31,2023-11-04,5.0
12089,2160,2023-10-29,UPI,Delivered,5,2023-10-31,2023-11-03,5.0
12090,2249,2023-10-29,Credit Card,Delivered,5,2023-10-29,2023-11-01,4.0
12091,54,2023-10-29,UPI,Delivered,5,2023-10-31,2023-11-03,
12092,2977,2023-10-29,UPI,Delivered,5,2023-10-29,2023-11-04,4.0
12093,2321,2023-10-29,Credit Card,Delivered,5,2023-10-29,2023-10-31,4.0
12094,312,2023-10-29,UPI,Delivered,5,2023-10-29,2023-11-01,5.0
12095,2016,2023-10-29,Net Banking,Delivered,5,2023-10-29,2023-11-02,5.0
12096,2489,2023-10-29,COD,Delivered,5,2023-10-29,2023-11-02,
12097,227,2023-10-29,Debit Card,Cancelled,5,,,
12098,1126,2023-10-30,Credit Card,Delivered,5,2023-10-31,2023-11-07,3.0
12099,1615,2023-10-30,UPI,Delivered,5,2023-10-30,2023-11-01,
12100,501,2023-10-30,UPI,Delivered,5,2023-10-30,2023-11-04,
12101,1628,2023-10-30,UPI,Delivered,5,2023-10-30,2023-11-03,5.0
12102,1867,2023-10-30,Credit Card,Delivered,5,2023-10-31,2023-11-05,
12103,783,2023-10-30,COD,Delivered,5,2023-10-31,2023-11-02,5.0
12104,1621,2023-10-30,UPI,Cancelled,5,,,
12105,2794,2023-10-30,UPI,Delivered,5,2023-10-30,2023-11-03,5.0
12106,2811,2023-10-30,UPI,Delivered,5,2023-10-30,2023-11-03,
12107,2145,2023-10-30,Credit Card,Returned,5,2023-10-31,2023-11-04,4.0
12108,819,2023-10-30,UPI,Delivered,5,2023-10-30,2023-11-04,5.0
12109,2474,2023-10-30,UPI,Delivered,5,2023-11-01,2023-11-04,4.0
12110,41,2023-10-30,UPI,Delivered,5,2023-10-30,2023-11-02,4.0
12111,700,2023-10-30,UPI,Delivered,5,2023-10-31,2023-11-03,5.0
12112,2147,2023-10-31,Debit Card,Delivered,5,2023-11-01,2023-11-06,3.0
12113,1083,2023-10-31,Net Banking,Delivered,5,2023-10-31,2023-11-03,5.0
12114,1165,2023-10-31,UPI,Delivered,5,2023-11-01,2023-11-07,5.0
12115,1932,2023-10-31,UPI,Delivered,5,2023-11-01,2023-11-04,5.0
12116,1937,2023-10-31,UPI,Delivered,5,2023-10-31,2023-11-04,5.0
12117,1220,2023-10-31,COD,Delivered,5,2023-11-01,2023-11-08,3.0
12118,207,2023-10-31,Credit Card,Delivered,5,2023-10-31,2023-11-05,
12119,138,2023-11-01,Credit Card,Delivered,5,2023-11-02,2023-11-05,5.0
12120,1571,2023-11-01,Credit Card,Delivered,5,2023-11-01,2023-11-04,5.0
12121,2730,2023-11-01,COD,Delivered,5,2023-11-01,2023-11-06,4.0
12122,1375,2023-11-01,UPI,Delivered,5,2023-11-03,2023-11-11,4.0
12123,992,2023-11-01,UPI,Delivered,5,2023-11-03,2023-11-08,4.0
12124,2097,2023-11-01,UPI,Delivered,5,2023-11-03,2023-11-12,4.0
12125,1324,2023-11-01,Credit Card,Delivered,5,2023-11-03,2023-11-08,5.0
12126,2062,2023-11-01,UPI,Returned,5,2023-11-02,2023-11-05,
12127,364,2023-11-02,COD,Delivered,5,2023-11-04,2023-11-07,5.0
12127,364,2023-11-02,COD,Delivered,5,2023-11-04,2023-11-07,5.0
12128,2299,2023-11-02,Debit Card,Delivered,5,2023-11-04,2023-11-06,
12129,2216,2023-11-02,COD,Delivered,5,2023-11-02,2023-11-07,4.0
12130,1274,2023-11-02,Net Banking,Delivered,5,2023-11-02,2023-11-07,5.0
12131,2213,2023-11-02,Credit Card,Delivered,5,2023-11-03,2023-11-08,5.0
12132,1114,2023-11-02,COD,Delivered,5,2023-11-03,2023-11-08,5.0
12133,240,2023-11-02,Debit Card,Delivered,5,2023-11-02,2023-11-10,3.0
12134,2499,2023-11-03,UPI,Delivered,5,2023-11-04,2023-11-07,4.0
12135,1597,2023-11-03,Debit Card,Delivered,5,2023-11-03,2023-11-06,4.0
12136,2445,2023-11-03,Net Banking,Delivered,5,2023-11-04,2023-11-07,
12137,2702,2023-11-03,COD,Delivered,5,2023-11-04,2023-11-10,3.0
12138,734,2023-11-03,Debit Card,Delivered,5,2023-11-05,2023-11-10,
12139,1832,2023-11-03,UPI,Delivered,5,2023-11-03,2023-11-06,
12140,165,2023-11-03,COD,Delivered,5,2023-11-04,2023-11-08,
12141,2665,2023-11-03,UPI,Delivered,5,2023-11-04,2023-11-09,5.0
12142,1184,2023-11-04,Debit Card,Delivered,5,2023-11-06,2023-11-09,5.0
12143,594,2023-11-04,Debit Card,Delivered,5,2023-11-05,2023-11-11,4.0
12144,147,2023-11-04,Credit Card,Cancelled,5,,,
12145,1964,2023-11-04,UPI,Delivered,5,2023-11-05,2023-11-07,4.0
12146,361,2023-11-04,Debit Card,Cancelled,5,,,
12147,283,2023-11-04,UPI,Delivered,5,2023-11-05,2023-11-11,5.0
12148,630,2023-11-04,UPI,Delivered,5,2023-11-05,2023-11-09,4.0
12149,2434,2023-11-04,UPI,Delivered,5,2023-11-05,2023-11-08,5.0
12150,1150,2023-11-04,Debit Card,Delivered,5,2023-11-04,2023-11-07,5.0
12151,548,2023-11-04,UPI,Delivered,5,2023-11-05,2023-11-09,
12152,587,2023-11-04,UPI,Delivered,5,2023-11-04,2023-11-09,4.0
12153,840,2023-11-04,COD,Delivered,5,2023-11-05,2023-11-09,
12154,221,2023-11-04,Credit Card,Delivered,5,2023-11-04,2023-11-06,4.0
12155,965,2023-11-04,COD,Delivered,5,2023-11-05,2023-11-11,
12156,925,2023-11-04,Credit Card,Delivered,5,2023-11-05,2023-11-12,4.0
12157,1810,2023-11-05,UPI,Delivered,5,2023-11-05,2023-11-08,5.0
12158,2081,2023-11-05,COD,Delivered,5,2023-11-07,2023-11-13,3.0
12159,2438,2023-11-05,UPI,Delivered,5,2023-11-07,2023-11-17,3.0
12160,1990,2023-11-05,Net Banking,Delivered,5,2023-11-06,2023-11-12,
12161,1451,2023-11-05,UPI,Delivered,5,2023-11-06,2023-11-10,
12162,2401,2023-11-05,COD,Delivered,5,2023-11-06,2023-11-11,4.0
12162,2401,2023-11-05,COD,Delivered,5,2023-11-06,2023-11-11,4.0
12163,1100,2023-11-05,Credit Card,Delivered,5,2023-11-05,2023-11-12,3.0
12164,2012,2023-11-05,COD,Delivered,5,2023-11-05,2023-11-07,5.0
12165,1264,2023-11-05,UPI,Cancelled,5,,,
12166,1747,2023-11-05,Debit Card,Delivered,5,2023-11-06,2023-11-12,4.0
12167,1123,2023-11-06,UPI,Delivered,5,2023-11-06,2023-11-12,4.0
12168,1770,2023-11-06,COD,Delivered,5,2023-11-06,2023-11-10,5.0
12169,2353,2023-11-06,UPI,Delivered,5,2023-11-07,2023-11-11,5.0
12170,581,2023-11-06,Credit Card,Delivered,5,2023-11-06,2023-11-14,3.0
12171,90,2023-11-06,Debit Card,Cancelled,5,,,
12172,1664,2023-11-06,Credit Card,Delivered,5,2023-11-07,2023-11-14,
12173,1175,2023-11-06,COD,Delivered,5,2023-11-08,2023-11-11,4.0
12174,517,2023-11-06,Debit Card,Delivered,5,2023-11-06,2023-11-08,5.0
12175,2949,2023-11-07,UPI,Delivered,5,2023-11-07,2023-11-12,
12176,1666,2023-11-07,COD,Delivered,5,2023-11-07,2023-11-13,4.0
12177,1095,2023-11-07,Credit Card,Returned,5,2023-11-09,2023-11-12,5.0
12178,852,2023-11-07,Credit Card,Delivered,5,2023-11-09,2023-11-13,5.0
12179,1052,2023-11-07,UPI,Cancelled,5,,,
12180,1949,2023-11-07,Credit Card,Delivered,5,2023-11-08,2023-11-11,
12181,2540,2023-11-07,COD,Delivered,5,2023-11-09,2023-11-14,4.0
12182,787,2023-11-07,COD,Delivered,5,2023-11-09,2023-11-11,4.0
12183,2011,2023-11-08,COD,Delivered,5,2023-11-10,2023-11-18,4.0
12184,1677,2023-11-08,Debit Card,Delivered,5,2023-11-09,2023-11-12,5.0
12185,1427,2023-11-08,UPI,Delivered,5,2023-11-09,2023-11-11,4.0
12186,1073,2023-11-08,Credit Card,Delivered,5,2023-11-08,2023-11-13,4.0
12187,2913,2023-11-08,UPI,Delivered,5,2023-11-08,2023-11-13,4.0
12188,1615,2023-11-08,Debit Card,Delivered,5,2023-11-09,2023-11-12,4.0
12189,2694,2023-11-08,UPI,Delivered,5,2023-11-08,2023-11-15,4.0
12190,2501,2023-11-08,Net Banking,Delivered,5,2023-11-10,2023-11-15,4.0
12191,1418,2023-11-08,UPI,Delivered,5,2023-11-09,2023-11-13,
12192,1285,2023-11-09,UPI,Delivered,5,2023-11-11,2023-11-15,
12193,2739,2023-11-09,COD,Delivered,5,2023-11-11,2023-11-14,
12194,393,2023-11-09,UPI,Delivered,5,2023-11-10,2023-11-14,4.0
12195,1581,2023-11-09,UPI,Delivered,5,2023-11-10,2023-11-14,
12196,1008,2023-11-09,Credit Card,Delivered,5,2023-11-09,2023-11-12,5.0
12197,2098,2023-11-09,Net Banking,Delivered,5,2023-11-11,2023-11-17,4.0
12198,899,2023-11-09,UPI,Delivered,5,2023-11-10,2023-11-16,3.0
12199,2502,2023-11-10,UPI,Delivered,5,2023-11-11,2023-11-14,
12200,1517,2023-11-10,UPI,Delivered,5,2023-11-10,2023-11-13,
12201,694,2023-11-10,Credit Card,Delivered,5,2023-11-12,2023-11-15,5.0
12202,2216,2023-11-10,UPI,Delivered,5,2023-11-10,2023-11-13,5.0
12203,2748,2023-11-10,Credit Card,Delivered,5,2023-11-12,2023-11-18,5.0
12204,2139,2023-11-10,Credit Card,Delivered,5,2023-11-10,2023-11-14,
12205,2251,2023-11-11,COD,Delivered,5,2023-11-12,2023-11-17,4.0
12206,1732,2023-11-11,Debit Card,Delivered,5,2023-11-11,2023-11-15,5.0
12207,535,2023-11-11,Debit Card,Delivered,5,2023-11-13,2023-11-17,3.0
12208,2865,2023-11-11,Credit Card,Delivered,5,2023-11-12,2023-11-18,5.0
12209,1843,2023-11-11,UPI,Delivered,5,2023-11-12,2023-11-16,4.0
12210,2521,2023-11-11,UPI,Delivered,5,2023-11-13,2023-11-16,
12211,287,2023-11-11,Credit Card,Delivered,5,2023-11-11,2023-11-14,5.0
12212,2231,2023-11-11,UPI,Returned,5,2023-11-12,2023-11-15,5.0
12213,2168,2023-11-11,UPI,Delivered,5,2023-11-12,2023-11-15,
12214,2919,2023-11-11,UPI,Delivered,5,2023-11-13,2023-11-16,5.0
12215,2581,2023-11-11,UPI,Delivered,5,2023-11-12,2023-11-17,5.0
12216,2960,2023-11-12,UPI,Delivered,5,2023-11-14,2023-11-18,
12217,1481,2023-11-12,Credit Card,Delivered,5,2023-11-13,2023-11-17,4.0
12218,799,2023-11-12,COD,Delivered,5,2023-11-12,2023-11-18,4.0
12219,2937,2023-11-12,UPI,Delivered,5,2023-11-14,2023-11-19,
12220,138,2023-11-12,COD,Delivered,5,2023-11-13,2023-11-17,3.0
12221,263,2023-11-12,UPI,Delivered,5,2023-11-14,2023-11-16,5.0
12222,1571,2023-11-13,Net Banking,Delivered,5,2023-11-15,2023-11-18,3.0
12223,1244,2023-11-13,Credit Card,Delivered,5,2023-11-13,2023-11-16,
12224,2438,2023-11-13,Credit Card,Delivered,5,2023-11-13,2023-11-17,
12225,624,2023-11-13,Debit Card,Delivered,5,2023-11-15,2023-11-18,4.0
12226,2611,2023-11-13,Credit Card,Delivered,5,2023-11-14,2023-11-17,
12227,1892,2023-11-13,UPI,Delivered,5,2023-11-15,2023-11-22,4.0
12228,2448,2023-11-13,UPI,Delivered,5,2023-11-15,2023-11-19,
12229,410,2023-11-13,Net Banking,Delivered,5,2023-11-14,2023-11-17,4.0
12230,1400,2023-11-13,COD,Returned,5,2023-11-15,2023-11-19,
12231,1451,2023-11-13,Credit Card,Delivered,5,2023-11-15,2023-11-17,5.0
12232,960,2023-11-13,COD,Delivered,5,2023-11-14,2023-11-18,
12233,2500,2023-11-13,UPI,Cancelled,5,,,
12234,1714,2023-11-14,Credit Card,Delivered,5,2023-11-15,2023-11-18,
12235,2542,2023-11-14,Credit Card,Delivered,5,2023-11-14,2023-11-17,
12236,1179,2023-11-14,UPI,Delivered,5,2023-11-15,2023-11-18,5.0
12237,549,2023-11-14,COD,Delivered,5,2023-11-14,2023-11-17,5.0
12238,94,2023-11-14,COD,Delivered,5,2023-11-16,2023-11-19,
12239,1177,2023-11-14,COD,Delivered,5,2023-11-15,2023-11-18,5.0
12240,1033,2023-11-14,Debit Card,Delivered,5,2023-11-16,2023-11-18,
12241,1219,2023-11-14,UPI,Delivered,5,2023-11-15,2023-11-20,5.0
12242,1512,2023-11-14,COD,Delivered,5,2023-11-14,2023-11-18,
12243,1114,2023-11-14,UPI,Delivered,5,2023-11-16,2023-11-19,
12244,1931,2023-11-14,COD,Delivered,5,2023-11-15,2023-11-19,5.0
12245,1078,2023-11-14,UPI,Delivered,5,2023-11-14,2023-11-17,
12246,213,2023-11-15,COD,Delivered,5,2023-11-17,2023-11-21,4.0
12247,153,2023-11-15,Debit Card,Delivered,5,2023-11-15,2023-11-18,4.0
12248,1213,2023-11-15,UPI,Delivered,5,2023-11-16,2023-11-21,5.0
12249,1386,2023-11-15,UPI,Delivered,5,2023-11-15,2023-11-18,
12250,1488,2023-11-15,Credit Card,Delivered,5,2023-11-17,2023-11-22,
12251,517,2023-11-15,UPI,Delivered,5,2023-11-16,2023-11-18,
12252,2124,2023-11-16,COD,Delivered,5,2023-11-17,2023-11-20,5.0
12253,175,2023-11-16,UPI,Delivered,5,2023-11-18,2023-11-23,4.0
12254,2844,2023-11-16,UPI,Delivered,5,2023-11-17,2023-11-22,5.0
12255,1071,2023-11-16,UPI,Delivered,5,2023-11-17,2023-11-20,4.0
12256,893,2023-11-16,UPI,Delivered,5,2023-11-17,2023-11-21,5.0
12257,2958,2023-11-16,UPI,Delivered,5,2023-11-18,2023-11-24,4.0
12258,1696,2023-11-16,COD,Delivered,5,2023-11-17,2023-11-22,5.0
12259,1236,2023-11-16,Debit Card,Delivered,5,2023-11-16,2023-11-25,3.0
12260,2850,2023-11-16,COD,Delivered,5,2023-11-16,2023-11-28,3.0
12261,2063,2023-11-17,UPI,Delivered,5,2023-11-18,2023-11-23,
12262,1497,2023-11-17,UPI,Delivered,5,2023-11-19,2023-11-22,
12263,2209,2023-11-17,UPI,Delivered,5,2023-11-19,2023-11-23,4.0
12264,1897,2023-11-17,Credit Card,Cancelled,5,,,
12265,2058,2023-11-17,UPI,Delivered,5,2023-11-18,2023-11-23,
12266,2457,2023-11-17,UPI,Delivered,5,2023-11-19,2023-11-22,
12267,2674,2023-11-17,Debit Card,Delivered,5,2023-11-19,2023-11-24,4.0
12268,2474,2023-11-17,UPI,Delivered,5,2023-11-17,2023-11-19,4.0
12269,2763,2023-11-17,Credit Card,Delivered,5,2023-11-18,2023-11-20,
12270,2306,2023-11-17,Credit Card,Delivered,5,2023-11-19,2023-11-23,5.0
12271,2739,2023-11-17,Debit Card,Delivered,5,2023-11-19,2023-11-23,4.0
12272,2403,2023-11-17,UPI,Delivered,5,2023-11-17,2023-11-20,
12273,2475,2023-11-17,Debit Card,Delivered,5,2023-11-18,2023-11-22,4.0
12274,69,2023-11-18,UPI,Delivered,5,2023-11-20,2023-11-26,4.0
12275,2122,2023-11-18,UPI,Delivered,5,2023-11-20,2023-11-24,5.0
12276,832,2023-11-18,UPI,Delivered,5,2023-11-20,2023-11-23,5.0
12277,1003,2023-11-18,UPI,Cancelled,5,,,
12278,1799,2023-11-18,Credit Card,Delivered,5,2023-11-20,2023-11-25,4.0
12279,1886,2023-11-18,COD,Delivered,5,2023-11-19,2023-11-24,4.0
12280,2820,2023-11-18,COD,Delivered,5,2023-11-19,2023-11-21,5.0
12281,373,2023-11-18,UPI,Delivered,5,2023-11-18,2023-11-23,4.0
12282,283,2023-11-18,UPI,Delivered,5,2023-11-18,2023-11-22,4.0
12283,1218,2023-11-18,UPI,Delivered,5,2023-11-18,2023-11-26,2.0
12284,623,2023-11-18,Net Banking,Delivered,5,2023-11-20,2023-11-23,4.0
12285,738,2023-11-18,UPI,Delivered,5,2023-11-18,2023-11-24,4.0
12286,809,2023-11-18,Credit Card,Delivered,5,2023-11-18,2023-11-22,5.0
12287,643,2023-11-18,UPI,Delivered,5,2023-11-20,2023-11-27,3.0
12288,1059,2023-11-18,COD,Delivered,5,2023-11-18,2023-11-21,4.0
12289,1964,2023-11-18,Credit Card,Delivered,5,2023-11-18,2023-11-21,5.0
12290,2695,2023-11-19,UPI,Delivered,5,2023-11-19,2023-11-22,5.0
12291,2656,2023-11-19,Credit Card,Cancelled,5,,,
12292,779,2023-11-19,Debit Card,Delivered,5,2023-11-21,2023-11-23,
12293,1875,2023-11-19,Credit Card,Delivered,5,2023-11-21,2023-11-25,4.0
12294,1818,2023-11-19,Net Banking,Delivered,5,2023-11-21,2023-11-26,5.0
12295,2811,2023-11-19,COD,Delivered,5,2023-11-21,2023-11-24,5.0
12296,2600,2023-11-19,Credit Card,Delivered,5,2023-11-21,2023-11-24,5.0
12297,2330,2023-11-19,Net Banking,Delivered,5,2023-11-21,2023-11-27,5.0
12298,613,2023-11-19,COD,Delivered,5,2023-11-20,2023-11-22,
12299,1333,2023-11-19,UPI,Cancelled,5,,,
12300,38,2023-11-20,COD,Delivered,5,2023-11-21,2023-11-25,
12301,673,2023-11-20,Credit Card,Delivered,5,2023-11-20,2023-11-22,5.0
12302,501,2023-11-20,Credit Card,Delivered,5,2023-11-22,2023-11-25,
12303,1306,2023-11-20,Credit Card,Delivered,5,2023-11-21,2023-11-26,
12304,1630,2023-11-20,COD,Delivered,5,2023-11-21,2023-11-23,
12305,277,2023-11-20,COD,Delivered,5,2023-11-21,2023-11-25,4.0
12306,1787,2023-11-20,UPI,Delivered,5,2023-11-21,2023-11-24,5.0
12307,1469,2023-11-20,Debit Card,Delivered,5,2023-11-22,2023-11-25,
12308,2821,2023-11-20,Debit Card,Delivered,5,2023-11-22,2023-11-28,
12309,2261,2023-11-20,COD,Delivered,5,2023-11-22,2023-11-26,5.0
12310,1834,2023-11-20,Credit Card,Delivered,5,2023-11-22,2023-11-27,4.0
12311,73,2023-11-20,UPI,Delivered,5,2023-11-20,2023-11-22,5.0
12312,25,2023-11-21,UPI,Delivered,5,2023-11-22,2023-11-27,
12313,2225,2023-11-21,UPI,Delivered,5,2023-11-22,2023-11-25,
12314,354,2023-11-21,UPI,Delivered,5,2023-11-22,2023-11-25,4.0
12315,532,2023-11-21,UPI,Delivered,5,2023-11-22,2023-11-27,
12316,2160,2023-11-21,UPI,Delivered,5,2023-11-23,2023-11-30,4.0
12317,1123,2023-11-21,COD,Delivered,5,2023-11-23,2023-12-02,2.0
12318,2305,2023-11-21,UPI,Delivered,5,2023-11-23,2023-11-26,3.0
12319,496,2023-11-21,UPI,Delivered,5,2023-11-22,2023-11-24,4.0
12320,675,2023-11-21,COD,Delivered,5,2023-11-21,2023-11-23,5.0
12321,1707,2023-11-21,UPI,Delivered,5,2023-11-21,2023-11-24,5.0
12321,1707,2023-11-21,UPI,Delivered,5,2023-11-21,2023-11-24,5.0
12322,548,2023-11-22,Debit Card,Delivered,5,2023-11-24,2023-11-30,
12323,1578,2023-11-22,COD,Delivered,5,2023-11-22,2023-11-26,
12324,1113,2023-11-22,UPI,Cancelled,5,,,
12325,1158,2023-11-22,Credit Card,Delivered,5,2023-11-23,2023-11-27,4.0
12326,1983,2023-11-22,UPI,Delivered,5,2023-11-24,2023-11-27,5.0
12327,1099,2023-11-22,Credit Card,Cancelled,5,,,
12328,716,2023-11-22,Credit Card,Delivered,5,2023-11-23,2023-11-25,4.0
12329,1990,2023-11-22,UPI,Delivered,5,2023-11-23,2023-11-28,
12330,347,2023-11-22,Credit Card,Delivered,5,2023-11-22,2023-11-26,5.0
12331,1659,2023-11-22,Credit Card,Delivered,5,2023-11-23,2023-11-26,
12332,2585,2023-11-22,UPI,Delivered,5,2023-11-22,2023-11-27,4.0
12332,2585,2023-11-22,UPI,Delivered,5,2023-11-22,2023-11-27,4.0
12333,2652,2023-11-23,UPI,Delivered,5,2023-11-25,2023-11-29,4.0
12334,2032,2023-11-23,Credit Card,Delivered,5,2023-11-23,2023-11-29,3.0
12335,797,2023-11-23,UPI,Delivered,5,2023-11-23,2023-11-27,
12336,1483,2023-11-23,Debit Card,Delivered,5,2023-11-24,2023-11-29,5.0
12337,429,2023-11-23,COD,Delivered,5,2023-11-24,2023-11-29,
12338,120,2023-11-23,COD,Delivered,5,2023-11-25,2023-11-28,
12339,1957,2023-11-23,UPI,Delivered,5,2023-11-25,2023-11-28,4.0
12340,573,2023-11-24,Credit Card,Delivered,5,2023-11-25,2023-11-30,4.0
12341,2592,2023-11-24,Debit Card,Delivered,5,2023-11-25,2023-11-30,5.0
12342,1929,2023-11-24,Debit Card,Delivered,5,2023-11-25,2023-11-28,4.0
12343,7,2023-11-24,Net Banking,Delivered,5,2023-11-25,2023-11-28,
12344,1581,2023-11-24,Credit Card,Delivered,5,2023-11-24,2023-11-27,5.0
12345,538,2023-11-24,UPI,Delivered,5,2023-11-24,2023-11-26,
12346,1434,2023-11-24,UPI,Delivered,5,2023-11-26,2023-11-30,
12347,540,2023-11-24,COD,Delivered,5,2023-11-26,2023-11-29,
12348,2694,2023-11-24,Debit Card,Delivered,5,2023-11-26,2023-11-28,
12349,1194,2023-11-24,COD,Delivered,5,2023-11-26,2023-12-04,3.0
12350,1780,2023-11-24,Debit Card,Delivered,5,2023-11-25,2023-11-27,5.0
12351,924,2023-11-24,Net Banking,Delivered,5,2023-11-26,2023-12-02,4.0
12352,1025,2023-11-24,Credit Card,Delivered,5,2023-11-24,2023-12-01,3.0
12353,2540,2023-11-24,Net Banking,Delivered,5,2023-11-24,2023-11-29,5.0
12354,1593,2023-11-25,COD,Delivered,5,2023-11-25,2023-11-30,
12355,2872,2023-11-25,COD,Delivered,5,2023-11-27,2023-12-01,
12356,734,2023-11-25,COD,Delivered,5,2023-11-26,2023-11-30,4.0
12357,246,2023-11-25,Credit Card,Delivered,5,2023-11-27,2023-12-03,3.0
12358,2016,2023-11-25,COD,Delivered,5,2023-11-27,2023-12-04,3.0
12359,2175,2023-11-25,Credit Card,Delivered,5,2023-11-25,2023-11-28,4.0
12360,1816,2023-11-25,COD,Delivered,5,2023-11-27,2023-11-29,
12361,1920,2023-11-25,COD,Delivered,5,2023-11-26,2023-12-02,
12362,690,2023-11-25,COD,Delivered,5,2023-11-27,2023-12-08,2.0
12363,1964,2023-11-25,Credit Card,Delivered,5,2023-11-25,2023-11-27,5.0
12364,799,2023-11-25,COD,Delivered,5,2023-11-27,2023-11-29,4.0
12365,1666,2023-11-26,COD,Delivered,5,2023-11-28,2023-12-04,
12366,213,2023-11-26,Debit Card,Delivered,5,2023-11-27,2023-11-30,
12367,1501,2023-11-26,Credit Card,Delivered,5,2023-11-28,2023-12-02,4.0
12368,2292,2023-11-26,COD,Delivered,5,2023-11-26,2023-11-30,
12369,2149,2023-11-26,COD,Delivered,5,2023-11-27,2023-12-01,4.0
12370,2081,2023-11-26,Credit Card,Delivered,5,2023-11-27,2023-12-01,5.0
12371,1060,2023-11-26,Credit Card,Delivered,5,2023-11-27,2023-11-29,5.0
12372,1575,2023-11-26,Debit Card,Returned,5,2023-11-26,2023-12-01,5.0
12373,611,2023-11-26,Debit Card,Delivered,5,2023-11-28,2023-12-02,
12374,1488,2023-11-26,UPI,Delivered,5,2023-11-26,2023-11-29,4.0
12375,1258,2023-11-26,UPI,Delivered,5,2023-11-26,2023-12-06,
12376,906,2023-11-27,COD,Delivered,5,2023-11-27,2023-12-01,4.0
12377,784,2023-11-27,COD,Delivered,5,2023-11-28,2023-12-01,3.0
12378,2019,2023-11-27,UPI,Delivered,5,2023-11-27,2023-12-03,4.0
12379,50,2023-11-27,COD,Cancelled,5,,,
12380,2230,2023-11-27,Credit Card,Delivered,5,2023-11-27,2023-12-01,4.0
12381,2385,2023-11-27,UPI,Delivered,5,2023-11-29,2023-12-03,
12382,609,2023-11-27,Debit Card,Delivered,5,2023-11-29,2023-12-02,5.0
12383,1383,2023-11-27,UPI,Delivered,5,2023-11-29,2023-12-03,5.0
12384,1062,2023-11-28,UPI,Delivered,5,2023-11-29,2023-12-02,
12385,2131,2023-11-28,Net Banking,Delivered,5,2023-11-29,2023-12-07,
12386,2434,2023-11-28,Credit Card,Delivered,5,2023-11-29,2023-12-03,5.0
12387,2456,2023-11-28,UPI,Delivered,5,2023-11-28,2023-12-03,4.0
12388,2421,2023-11-28,Credit Card,Delivered,5,2023-11-28,2023-12-03,
12389,1198,2023-11-28,Credit Card,Delivered,5,2023-11-28,2023-12-01,5.0
12390,2147,2023-11-28,Debit Card,Delivered,5,2023-11-29,2023-12-03,
12391,1225,2023-11-28,UPI,Delivered,5,2023-11-28,2023-12-01,4.0
12392,1165,2023-11-28,UPI,Delivered,5,2023-11-30,2023-12-03,
12393,2306,2023-11-28,Credit Card,Delivered,5,2023-11-28,2023-12-03,5.0
12394,2225,2023-11-28,Debit Card,Delivered,5,2023-11-29,2023-12-02,4.0
12395,1425,2023-11-28,COD,Delivered,5,2023-11-28,2023-12-01,4.0
12396,1945,2023-11-28,UPI,Delivered,5,2023-11-30,2023-12-06,5.0
12397,2801,2023-11-28,COD,Cancelled,5,,,
12398,663,2023-11-28,Net Banking,Delivered,5,2023-11-30,2023-12-04,4.0
12399,645,2023-11-29,UPI,Delivered,5,2023-12-01,2023-12-06,4.0
12400,656,2023-11-29,UPI,Delivered,5,2023-12-01,2023-12-08,
12401,524,2023-11-29,Debit Card,Delivered,5,2023-11-29,2023-12-03,5.0
12402,1810,2023-11-29,COD,Delivered,5,2023-11-30,2023-12-03,5.0
12403,387,2023-11-29,UPI,Delivered,5,2023-11-30,2023-12-06,5.0
12404,1897,2023-11-29,UPI,Delivered,5,2023-11-29,2023-12-03,4.0
12405,2883,2023-11-29,Debit Card,Delivered,5,2023-11-29,2023-12-03,3.0
12406,1108,2023-11-29,COD,Delivered,5,2023-11-29,2023-12-03,4.0
12407,1484,2023-11-29,UPI,Delivered,5,2023-11-30,2023-12-03,3.0
12408,815,2023-11-29,UPI,Delivered,5,2023-12-01,2023-12-06,5.0
12409,1140,2023-11-29,UPI,Delivered,5,2023-11-29,2023-12-05,3.0
12410,1396,2023-11-30,Net Banking,Delivered,5,2023-12-02,2023-12-06,
12411,1748,2023-11-30,Debit Card,Delivered,5,2023-11-30,2023-12-06,3.0
12412,1543,2023-11-30,Credit Card,Delivered,5,2023-12-02,2023-12-06,3.0
12413,459,2023-11-30,COD,Delivered,5,2023-11-30,2023-12-04,
12414,2322,2023-11-30,Credit Card,Returned,5,2023-11-30,2023-12-05,4.0
12415,2318,2023-11-30,COD,Delivered,5,2023-12-01,2023-12-04,
12416,2475,2023-11-30,UPI,Delivered,5,2023-11-30,2023-12-05,5.0
12417,988,2023-11-30,UPI,Cancelled,5,,,
12418,352,2023-11-30,Credit Card,Delivered,5,2023-12-01,2023-12-04,3.0
12419,2398,2023-11-30,UPI,Delivered,5,2023-11-30,2023-12-03,4.0
12420,2194,2023-11-30,COD,Delivered,5,2023-12-02,2023-12-05,5.0
12421,1114,2023-12-01,Credit Card,Delivered,5,2023-12-02,2023-12-06,5.0
12422,108,2023-12-01,UPI,Delivered,5,2023-12-01,2023-12-04,
12423,1900,2023-12-01,COD,Delivered,5,2023-12-01,2023-12-03,4.0
12424,1517,2023-12-01,Credit Card,Delivered,5,2023-12-01,2023-12-05,5.0
12425,1324,2023-12-01,Credit Card,Delivered,5,2023-12-02,2023-12-06,5.0
12426,1508,2023-12-01,UPI,Delivered,5,2023-12-02,2023-12-05,
12427,2581,2023-12-01,Net Banking,Delivered,5,2023-12-02,2023-12-06,5.0
12428,647,2023-12-01,Debit Card,Delivered,5,2023-12-01,2023-12-06,5.0
12429,2586,2023-12-01,COD,Delivered,5,2023-12-01,2023-12-04,5.0
12430,2655,2023-12-01,COD,Delivered,5,2023-12-01,2023-12-07,3.0
12431,2032,2023-12-02,Credit Card,Delivered,5,2023-12-03,2023-12-10,3.0
12432,11,2023-12-02,UPI,Delivered,5,2023-12-02,2023-12-06,4.0
12433,924,2023-12-02,Debit Card,Delivered,5,2023-12-04,2023-12-09,4.0
12434,1645,2023-12-02,UPI,Delivered,5,2023-12-03,2023-12-06,
12435,393,2023-12-02,Net Banking,Delivered,5,2023-12-02,2023-12-05,
12436,2348,2023-12-02,UPI,Delivered,5,2023-12-02,2023-12-06,5.0
12437,1260,2023-12-02,UPI,Delivered,5,2023-12-02,2023-12-07,5.0
12438,107,2023-12-02,Credit Card,Returned,5,2023-12-02,2023-12-06,
12439,67,2023-12-02,Credit Card,Delivered,5,2023-12-03,2023-12-06,
12440,489,2023-12-02,Debit Card,Delivered,5,2023-12-03,2023-12-07,
12441,2407,2023-12-03,COD,Delivered,5,2023-12-03,2023-12-05,4.0
12442,1561,2023-12-03,COD,Delivered,5,2023-12-05,2023-12-07,5.0
12443,2470,2023-12-03,COD,Delivered,5,2023-12-05,2023-12-10,4.0
12444,2825,2023-12-03,Credit Card,Delivered,5,2023-12-05,2023-12-08,
12445,75,2023-12-03,Credit Card,Delivered,5,2023-12-05,2023-12-07,5.0
12446,2077,2023-12-03,COD,Delivered,5,2023-12-05,2023-12-08,5.0
12447,1452,2023-12-03,UPI,Delivered,5,2023-12-05,2023-12-07,
12448,1529,2023-12-03,UPI,Delivered,5,2023-12-04,2023-12-10,4.0
12449,1612,2023-12-03,UPI,Delivered,5,2023-12-05,2023-12-07,4.0
12450,17,2023-12-03,Debit Card,Delivered,5,2023-12-05,2023-12-09,4.0
12451,2205,2023-12-03,Debit Card,Delivered,5,2023-12-03,2023-12-06,5.0
12452,2931,2023-12-03,UPI,Delivered,5,2023-12-03,2023-12-08,4.0
12453,225,2023-12-03,UPI,Delivered,5,2023-12-04,2023-12-09,5.0
12454,214,2023-12-03,UPI,Delivered,5,2023-12-03,2023-12-09,5.0
12455,1787,2023-12-03,Credit Card,Delivered,5,2023-12-05,2023-12-08,5.0
12456,679,2023-12-03,UPI,Cancelled,5,,,
12457,1744,2023-12-03,COD,Delivered,5,2023-12-05,2023-12-10,
12458,1557,2023-12-03,Net Banking,Delivered,5,2023-12-04,2023-12-06,4.0
12459,1236,2023-12-04,COD,Cancelled,5,,,
12460,1169,2023-12-04,COD,Delivered,5,2023-12-04,2023-12-09,4.0
12461,1829,2023-12-04,Net Banking,Delivered,5,2023-12-05,2023-12-08,
12462,2830,2023-12-04,COD,Delivered,5,2023-12-04,2023-12-08,
12463,2756,2023-12-04,Credit Card,Delivered,5,2023-12-05,2023-12-11,3.0
12464,2114,2023-12-04,COD,Cancelled,5,,,
12465,1239,2023-12-04,Credit Card,Delivered,5,2023-12-05,2023-12-11,5.0
12466,2731,2023-12-04,Credit Card,Delivered,5,2023-12-06,2023-12-08,
12467,1303,2023-12-05,UPI,Delivered,5,2023-12-07,2023-12-11,5.0
12468,2058,2023-12-05,Debit Card,Cancelled,5,,,
12469,2048,2023-12-05,COD,Delivered,5,2023-12-06,2023-12-08,3.0
12470,103,2023-12-05,Debit Card,Delivered,5,2023-12-05,2023-12-08,5.0
12471,1418,2023-12-05,UPI,Delivered,5,2023-12-05,2023-12-08,4.0
12472,2384,2023-12-05,Debit Card,Returned,5,2023-12-05,2023-12-11,4.0
12473,3000,2023-12-05,COD,Delivered,5,2023-12-05,2023-12-09,4.0
12474,1023,2023-12-05,COD,Delivered,5,2023-12-05,2023-12-08,4.0
12475,702,2023-12-06,Credit Card,Delivered,5,2023-12-08,2023-12-15,3.0
12476,525,2023-12-06,UPI,Delivered,5,2023-12-06,2023-12-12,4.0
12477,180,2023-12-06,UPI,Delivered,5,2023-12-08,2023-12-11,4.0
12478,175,2023-12-06,COD,Delivered,5,2023-12-06,2023-12-14,3.0
12479,1760,2023-12-06,UPI,Delivered,5,2023-12-06,2023-12-09,5.0
12480,1295,2023-12-06,COD,Delivered,5,2023-12-08,2023-12-11,4.0
12481,374,2023-12-06,UPI,Delivered,5,2023-12-06,2023-12-09,4.0
12482,2720,2023-12-06,Net Banking,Delivered,5,2023-12-08,2023-12-13,5.0
12483,2918,2023-12-06,Credit Card,Cancelled,5,,,
12484,2094,2023-12-06,Debit Card,Delivered,5,2023-12-06,2023-12-11,5.0
12485,2513,2023-12-06,Debit Card,Delivered,5,2023-12-06,2023-12-08,5.0
12486,573,2023-12-06,COD,Delivered,5,2023-12-06,2023-12-10,3.0
12487,2592,2023-12-06,COD,Delivered,5,2023-12-07,2023-12-12,
12488,2131,2023-12-06,UPI,Delivered,5,2023-12-08,2023-12-13,
12489,449,2023-12-06,UPI,Delivered,5,2023-12-06,2023-12-09,
12490,30,2023-12-06,UPI,Delivered,5,2023-12-06,2023-12-08,4.0
12491,2267,2023-12-06,Debit Card,Returned,5,2023-12-08,2023-12-11,5.0
12492,1922,2023-12-07,Debit Card,Delivered,5,2023-12-07,2023-12-11,4.0
12493,2247,2023-12-07,UPI,Delivered,5,2023-12-09,2023-12-13,5.0
12494,1756,2023-12-07,COD,Delivered,5,2023-12-07,2023-12-12,
12495,2949,2023-12-07,UPI,Delivered,5,2023-12-07,2023-12-13,
12496,2708,2023-12-07,UPI,Delivered,5,2023-12-08,2023-12-13,
12497,842,2023-12-07,UPI,Delivered,5,2023-12-07,2023-12-13,4.0
12498,2883,2023-12-07,COD,Delivered,5,2023-12-07,2023-12-13,3.0
12499,283,2023-12-07,UPI,Delivered,5,2023-12-09,2023-12-14,
12500,1481,2023-12-07,COD,Delivered,5,2023-12-07,2023-12-10,3.0
12501,953,2023-12-07,Debit Card,Delivered,5,2023-12-07,2023-12-12,4.0
12502,684,2023-12-07,Credit Card,Delivered,5,2023-12-09,2023-12-14,3.0
12503,1235,2023-12-07,UPI,Delivered,5,2023-12-08,2023-12-11,5.0
12504,1281,2023-12-07,COD,Delivered,5,2023-12-08,2023-12-13,4.0
12505,1171,2023-12-07,COD,Delivered,5,2023-12-09,2023-12-15,4.0
12506,2011,2023-12-08,Credit Card,Delivered,5,2023-12-10,2023-12-14,5.0
12507,1542,2023-12-08,UPI,Delivered,5,2023-12-08,2023-12-14,5.0
12508,2014,2023-12-08,UPI,Delivered,5,2023-12-09,2023-12-12,5.0
12509,762,2023-12-08,UPI,Delivered,5,2023-12-10,2023-12-13,
12510,1248,2023-12-08,UPI,Delivered,5,2023-12-08,2023-12-12,4.0
12511,623,2023-12-08,Debit Card,Delivered,5,2023-12-09,2023-12-12,5.0
12512,841,2023-12-09,UPI,Delivered,5,2023-12-09,2023-12-11,
12513,2879,2023-12-09,COD,Delivered,5,2023-12-09,2023-12-12,
12514,2920,2023-12-09,Credit Card,Delivered,5,2023-12-11,2023-12-19,2.0
12515,675,2023-12-09,Debit Card,Delivered,5,2023-12-10,2023-12-13,5.0
12516,2225,2023-12-09,Net Banking,Delivered,5,2023-12-09,2023-12-14,4.0
12517,1437,2023-12-09,Credit Card,Delivered,5,2023-12-10,2023-12-13,5.0
12518,1817,2023-12-09,UPI,Delivered,5,2023-12-09,2023-12-15,
12519,2878,2023-12-09,Credit Card,Delivered,5,2023-12-11,2023-12-13,
12520,2135,2023-12-10,Credit Card,Delivered,5,2023-12-10,2023-12-16,
12521,1198,2023-12-10,COD,Delivered,5,2023-12-10,2023-12-14,4.0
12522,1535,2023-12-10,COD,Delivered,5,2023-12-12,2023-12-15,
12523,2610,2023-12-10,Debit Card,Delivered,5,2023-12-10,2023-12-16,4.0
12524,697,2023-12-10,Net Banking,Delivered,5,2023-12-12,2023-12-16,5.0
12525,509,2023-12-10,UPI,Delivered,5,2023-12-10,2023-12-14,
12526,450,2023-12-10,UPI,Cancelled,5,,,
12527,1059,2023-12-10,UPI,Delivered,5,2023-12-11,2023-12-14,5.0
12528,1708,2023-12-10,Debit Card,Delivered,5,2023-12-10,2023-12-15,
12529,2245,2023-12-10,UPI,Delivered,5,2023-12-11,2023-12-17,4.0
12530,2203,2023-12-10,UPI,Delivered,5,2023-12-10,2023-12-13,2.0
12531,436,2023-12-10,Net Banking,Delivered,5,2023-12-11,2023-12-16,4.0
12532,2077,2023-12-10,UPI,Delivered,5,2023-12-10,2023-12-13,
12533,2202,2023-12-10,UPI,Delivered,5,2023-12-10,2023-12-13,5.0
12534,2196,2023-12-11,UPI,Delivered,5,2023-12-11,2023-12-16,4.0
12535,1729,2023-12-11,UPI,Delivered,5,2023-12-12,2023-12-20,
12536,2700,2023-12-11,UPI,Delivered,5,2023-12-13,2023-12-18,
12537,2470,2023-12-11,UPI,Delivered,5,2023-12-11,2023-12-16,4.0
12538,1519,2023-12-11,UPI,Delivered,5,2023-12-12,2023-12-15,4.0
12539,630,2023-12-11,COD,Delivered,5,2023-12-12,2023-12-14,5.0
12540,1539,2023-12-11,Credit Card,Delivered,5,2023-12-11,2023-12-16,
12541,1694,2023-12-11,Debit Card,Cancelled,5,,,
12542,694,2023-12-11,Debit Card,Delivered,5,2023-12-13,2023-12-17,
12543,1533,2023-12-11,COD,Delivered,5,2023-12-13,2023-12-17,5.0
12544,2716,2023-12-11,COD,Delivered,5,2023-12-11,2023-12-18,4.0
12545,863,2023-12-11,Credit Card,Delivered,5,2023-12-11,2023-12-15,4.0
12546,2751,2023-12-11,UPI,Delivered,5,2023-12-12,2023-12-15,
12547,2812,2023-12-12,UPI,Delivered,5,2023-12-14,2023-12-20,4.0
12548,1257,2023-12-12,UPI,Delivered,5,2023-12-12,2023-12-15,
12549,942,2023-12-12,COD,Delivered,5,2023-12-13,2023-12-19,
12550,1792,2023-12-12,Credit Card,Delivered,5,2023-12-13,2023-12-18,
12551,2426,2023-12-12,UPI,Delivered,5,2023-12-13,2023-12-18,3.0
12552,1927,2023-12-12,UPI,Delivered,5,2023-12-12,2023-12-17,5.0
12553,90,2023-12-12,COD,Delivered,5,2023-12-12,2023-12-19,4.0
12554,714,2023-12-12,Credit Card,Delivered,5,2023-12-12,2023-12-16,
12555,2863,2023-12-12,UPI,Cancelled,5,,,
12556,2330,2023-12-13,COD,Delivered,5,2023-12-15,2023-12-17,5.0
12557,2048,2023-12-13,Debit Card,Delivered,5,2023-12-15,2023-12-20,4.0
12558,663,2023-12-13,Credit Card,Delivered,5,2023-12-15,2023-12-18,4.0
12559,238,2023-12-13,Credit Card,Delivered,5,2023-12-15,2023-12-19,4.0
12560,2698,2023-12-13,Debit Card,Returned,5,2023-12-14,2023-12-17,5.0
12561,2653,2023-12-14,UPI,Delivered,5,2023-12-14,2023-12-17,
12562,2289,2023-12-14,Net Banking,Delivered,5,2023-12-16,2023-12-23,5.0
12563,107,2023-12-14,COD,Delivered,5,2023-12-16,2023-12-21,5.0
12564,1263,2023-12-14,Debit Card,Delivered,5,2023-12-14,2023-12-18,4.0
12565,1073,2023-12-14,Debit Card,Returned,5,2023-12-16,2023-12-21,5.0
12566,2904,2023-12-14,Net Banking,Delivered,5,2023-12-15,2023-12-19,5.0
12567,1160,2023-12-14,UPI,Returned,5,2023-12-16,2023-12-20,4.0
12568,819,2023-12-15,UPI,Delivered,5,2023-12-15,2023-12-20,
12569,623,2023-12-15,COD,Delivered,5,2023-12-16,2023-12-19,
12570,75,2023-12-15,UPI,Delivered,5,2023-12-15,2023-12-17,
12571,362,2023-12-15,Debit Card,Cancelled,5,,,
12572,2755,2023-12-15,Credit Card,Delivered,5,2023-12-16,2023-12-20,
12573,2801,2023-12-16,UPI,Cancelled,5,,,
12574,24,2023-12-16,UPI,Delivered,5,2023-12-18,2023-12-21,4.0
12575,2800,2023-12-16,COD,Delivered,5,2023-12-16,2023-12-22,
12576,1481,2023-12-16,UPI,Delivered,5,2023-12-18,2023-12-24,4.0
12577,2401,2023-12-16,UPI,Delivered,5,2023-12-16,2023-12-22,
12578,2584,2023-12-16,Credit Card,Delivered,5,2023-12-17,2023-12-21,5.0
12579,1918,2023-12-16,UPI,Delivered,5,2023-12-17,2023-12-22,5.0
12580,1796,2023-12-16,Debit Card,Delivered,5,2023-12-17,2023-12-20,5.0
12581,1766,2023-12-16,Net Banking,Delivered,5,2023-12-17,2023-12-23,
12582,713,2023-12-16,COD,Delivered,5,2023-12-17,2023-12-21,4.0
12583,368,2023-12-16,Debit Card,Delivered,5,2023-12-16,2023-12-19,5.0
12584,2038,2023-12-16,UPI,Delivered,5,2023-12-18,2023-12-24,4.0
12585,259,2023-12-16,Net Banking,Delivered,5,2023-12-17,2023-12-20,4.0
12586,384,2023-12-16,COD,Delivered,5,2023-12-16,2023-12-20,
12587,16,2023-12-17,COD,Delivered,5,2023-12-17,2023-12-21,4.0
12588,2199,2023-12-17,UPI,Delivered,5,2023-12-18,2023-12-24,4.0
12589,22,2023-12-17,UPI,Delivered,5,2023-12-19,2023-12-22,5.0
12590,1655,2023-12-17,UPI,Delivered,5,2023-12-19,2023-12-22,
12591,2895,2023-12-17,UPI,Delivered,5,2023-12-17,2023-12-21,
12592,1254,2023-12-17,UPI,Delivered,5,2023-12-18,2023-12-21,5.0
12593,1508,2023-12-18,COD,Returned,5,2023-12-18,2023-12-23,4.0
12594,1176,2023-12-18,UPI,Delivered,5,2023-12-20,2023-12-24,5.0
12595,184,2023-12-18,UPI,Delivered,5,2023-12-20,2023-12-24,
12596,1548,2023-12-18,COD,Delivered,5,2023-12-19,2023-12-23,3.0
12597,538,2023-12-18,Net Banking,Delivered,5,2023-12-19,2023-12-25,5.0
12598,2362,2023-12-18,UPI,Delivered,5,2023-12-20,2023-12-23,4.0
12599,78,2023-12-18,UPI,Delivered,5,2023-12-19,2023-12-21,
12600,1169,2023-12-19,COD,Delivered,5,2023-12-21,2023-12-28,3.0
12601,2737,2023-12-19,Net Banking,Returned,5,2023-12-19,2023-12-23,5.0
12602,860,2023-12-19,Debit Card,Delivered,5,2023-12-20,2023-12-28,4.0
12603,2122,2023-12-19,Credit Card,Cancelled,5,,,
12604,2135,2023-12-19,Debit Card,Delivered,5,2023-12-19,2023-12-22,4.0
12605,931,2023-12-19,COD,Delivered,5,2023-12-19,2023-12-23,4.0
12606,1554,2023-12-19,UPI,Delivered,5,2023-12-20,2023-12-22,
12607,2882,2023-12-19,Credit Card,Delivered,5,2023-12-21,2023-12-24,
12608,2280,2023-12-19,COD,Delivered,5,2023-12-19,2023-12-22,
12609,1406,2023-12-19,Debit Card,Delivered,5,2023-12-21,2023-12-24,4.0
12610,2796,2023-12-19,UPI,Delivered,5,2023-12-19,2023-12-21,
12611,1979,2023-12-19,COD,Delivered,5,2023-12-19,2023-12-22,5.0
12612,1427,2023-12-20,Debit Card,Delivered,5,2023-12-21,2023-12-24,
12613,2509,2023-12-20,UPI,Delivered,5,2023-12-20,2023-12-24,5.0
12614,1289,2023-12-20,UPI,Delivered,5,2023-12-21,2023-12-23,
12615,2507,2023-12-20,UPI,Delivered,5,2023-12-20,2023-12-26,5.0
12616,197,2023-12-20,Net Banking,Delivered,5,2023-12-22,2023-12-25,4.0
12617,1621,2023-12-20,UPI,Delivered,5,2023-12-21,2023-12-27,5.0
12618,1622,2023-12-20,COD,Cancelled,5,,,
12619,2011,2023-12-20,Credit Card,Delivered,5,2023-12-22,2023-12-26,
12620,248,2023-12-21,COD,Delivered,5,2023-12-21,2023-12-24,5.0
12621,2535,2023-12-21,Net Banking,Delivered,5,2023-12-22,2023-12-28,
12622,1896,2023-12-21,Net Banking,Delivered,5,2023-12-22,2023-12-25,
12623,886,2023-12-21,COD,Delivered,5,2023-12-22,2023-12-26,3.0
12624,1096,2023-12-21,UPI,Delivered,5,2023-12-22,2023-12-25,
12625,1672,2023-12-21,UPI,Delivered,5,2023-12-21,2023-12-23,
12626,111,2023-12-21,UPI,Delivered,5,2023-12-21,2023-12-25,
12627,1263,2023-12-21,Debit Card,Cancelled,5,,,
12628,2456,2023-12-21,UPI,Delivered,5,2023-12-21,2023-12-27,5.0
12629,303,2023-12-21,Credit Card,Delivered,5,2023-12-21,2023-12-26,
12630,2247,2023-12-21,UPI,Delivered,5,2023-12-21,2023-12-24,5.0
12631,508,2023-12-21,COD,Delivered,5,2023-12-21,2023-12-24,5.0
12632,2516,2023-12-22,UPI,Delivered,5,2023-12-24,2023-12-28,5.0
12633,93,2023-12-22,UPI,Delivered,5,2023-12-24,2023-12-28,5.0
12634,1593,2023-12-22,Credit Card,Delivered,5,2023-12-22,2023-12-25,
12635,984,2023-12-22,Credit Card,Delivered,5,2023-12-24,2023-12-30,
12636,2032,2023-12-22,COD,Cancelled,5,,,
12637,2904,2023-12-22,Debit Card,Delivered,5,2023-12-22,2023-12-25,5.0
12638,1597,2023-12-22,COD,Delivered,5,2023-12-24,2023-12-27,4.0
12639,1811,2023-12-22,UPI,Delivered,5,2023-12-22,2023-12-28,4.0
12640,2717,2023-12-22,UPI,Delivered,5,2023-12-22,2023-12-25,4.0
12640,2717,2023-12-22,UPI,Delivered,5,2023-12-22,2023-12-25,4.0
12641,899,2023-12-23,COD,Delivered,5,2023-12-24,2023-12-31,4.0
12642,1756,2023-12-23,UPI,Delivered,5,2023-12-25,2023-12-28,4.0
12643,713,2023-12-23,COD,Delivered,5,2023-12-23,2023-12-28,
12644,361,2023-12-23,Net Banking,Delivered,5,2023-12-25,2023-12-28,5.0
12645,153,2023-12-23,UPI,Delivered,5,2023-12-25,2023-12-27,
12646,145,2023-12-23,COD,Delivered,5,2023-12-24,2023-12-30,5.0
12647,17,2023-12-23,Credit Card,Delivered,5,2023-12-23,2023-12-26,5.0
12648,2610,2023-12-23,UPI,Cancelled,5,,,
12649,391,2023-12-23,Credit Card,Delivered,5,2023-12-25,2023-12-29,5.0
12650,856,2023-12-23,Debit Card,Delivered,5,2023-12-23,2023-12-25,
12651,2708,2023-12-23,Net Banking,Delivered,5,2023-12-24,2023-12-27,
12652,1658,2023-12-24,UPI,Delivered,5,2023-12-26,2023-12-29,5.0
12653,1655,2023-12-24,Debit Card,Cancelled,5,,,
12654,2382,2023-12-24,UPI,Delivered,5,2023-12-24,2023-12-28,4.0
12655,1477,2023-12-24,UPI,Delivered,5,2023-12-26,2023-12-28,
12656,469,2023-12-24,Debit Card,Delivered,5,2023-12-25,2023-12-29,5.0
12657,1386,2023-12-24,COD,Delivered,5,2023-12-24,2023-12-30,5.0
12658,771,2023-12-24,Debit Card,Returned,5,2023-12-24,2023-12-29,5.0
12659,2674,2023-12-24,Net Banking,Delivered,5,2023-12-25,2023-12-30,4.0
12660,407,2023-12-24,UPI,Delivered,5,2023-12-25,2023-12-30,4.0
12661,2404,2023-12-24,Credit Card,Cancelled,5,,,
12662,2156,2023-12-24,UPI,Delivered,5,2023-12-24,2023-12-31,
12663,1217,2023-12-24,COD,Delivered,5,2023-12-24,2023-12-27,
12664,2929,2023-12-25,UPI,Delivered,5,2023-12-25,2023-12-28,
12665,2322,2023-12-25,UPI,Delivered,5,2023-12-25,2023-12-29,5.0
12666,472,2023-12-25,COD,Delivered,5,2023-12-25,2023-12-27,
12667,2421,2023-12-25,UPI,Delivered,5,2023-12-26,2024-01-01,5.0
12668,2733,2023-12-25,Debit Card,Delivered,5,2023-12-25,2023-12-29,
12669,892,2023-12-25,Net Banking,Delivered,5,2023-12-25,2023-12-28,5.0
12670,165,2023-12-25,Credit Card,Delivered,5,2023-12-25,2023-12-29,
12671,1012,2023-12-25,Credit Card,Delivered,5,2023-12-27,2024-01-03,4.0
12672,924,2023-12-25,Net Banking,Delivered,5,2023-12-27,2024-01-02,5.0
12673,1507,2023-12-25,COD,Delivered,5,2023-12-25,2023-12-29,5.0
12674,1949,2023-12-25,UPI,Delivered,5,2023-12-26,2023-12-29,4.0
12675,906,2023-12-25,COD,Delivered,5,2023-12-26,2023-12-30,
12676,758,2023-12-26,Credit Card,Delivered,5,2023-12-27,2023-12-30,3.0
12677,2401,2023-12-26,COD,Delivered,5,2023-12-28,2024-01-03,
12678,2812,2023-12-26,Credit Card,Cancelled,5,,,
12679,384,2023-12-26,UPI,Delivered,5,2023-12-28,2024-01-01,4.0
12680,1232,2023-12-26,COD,Delivered,5,2023-12-26,2023-12-31,5.0
12681,2479,2023-12-26,UPI,Delivered,5,2023-12-28,2024-01-03,4.0
12682,1696,2023-12-26,COD,Delivered,5,2023-12-26,2023-12-31,4.0
12683,2591,2023-12-26,COD,Delivered,5,2023-12-28,2024-01-03,
12684,287,2023-12-26,Net Banking,Delivered,5,2023-12-28,2024-01-02,5.0
12685,1160,2023-12-26,UPI,Delivered,5,2023-12-27,2023-12-29,5.0
12686,902,2023-12-26,Credit Card,Delivered,5,2023-12-27,2024-01-03,3.0
12687,2688,2023-12-27,UPI,Delivered,5,2023-12-29,2024-01-01,5.0
12688,1945,2023-12-27,UPI,Delivered,5,2023-12-28,2024-01-01,5.0
12689,1751,2023-12-27,UPI,Delivered,5,2023-12-27,2023-12-31,
12690,193,2023-12-27,Credit Card,Delivered,5,2023-12-27,2023-12-30,3.0
12691,1119,2023-12-27,Credit Card,Delivered,5,2023-12-27,2024-01-01,5.0
12692,1093,2023-12-27,Net Banking,Delivered,5,2023-12-28,2023-12-31,5.0
12693,2881,2023-12-27,UPI,Delivered,5,2023-12-28,2024-01-01,5.0
12694,1194,2023-12-27,UPI,Delivered,5,2023-12-28,2024-01-01,
12695,712,2023-12-27,Debit Card,Delivered,5,2023-12-29,2024-01-03,5.0
12696,296,2023-12-28,UPI,Delivered,5,2023-12-30,2024-01-04,4.0
12697,2781,2023-12-28,Debit Card,Delivered,5,2023-12-30,2024-01-02,
12698,1281,2023-12-28,Debit Card,Delivered,5,2023-12-30,2024-01-02,
12699,2895,2023-12-28,Debit Card,Cancelled,5,,,
12700,1994,2023-12-28,Debit Card,Delivered,5,2023-12-29,2024-01-01,
12701,2920,2023-12-28,COD,Returned,5,2023-12-29,2024-01-02,
12702,1617,2023-12-28,Net Banking,Delivered,5,2023-12-30,2024-01-02,5.0
12703,753,2023-12-28,UPI,Delivered,5,2023-12-30,2024-01-03,4.0
12704,2856,2023-12-28,Credit Card,Delivered,5,2023-12-29,2024-01-01,5.0
12705,1575,2023-12-28,COD,Delivered,5,2023-12-30,2024-01-06,5.0
12706,160,2023-12-28,UPI,Delivered,5,2023-12-30,2024-01-01,5.0
12707,221,2023-12-29,Credit Card,Delivered,5,2023-12-30,2024-01-04,3.0
12708,185,2023-12-29,Debit Card,Delivered,5,2023-12-31,2024-01-04,
12709,680,2023-12-29,UPI,Delivered,5,2023-12-29,2024-01-02,5.0
12710,458,2023-12-29,UPI,Delivered,5,2023-12-29,2024-01-02,5.0
12711,204,2023-12-29,COD,Delivered,5,2023-12-31,2024-01-05,
12712,2748,2023-12-29,UPI,Delivered,5,2023-12-29,2024-01-01,
12713,649,2023-12-29,UPI,Delivered,5,2023-12-29,2024-01-03,5.0
12714,197,2023-12-29,COD,Delivered,5,2023-12-31,2024-01-03,
12715,793,2023-12-30,COD,Delivered,5,2023-12-31,2024-01-03,4.0
12716,831,2023-12-30,Credit Card,Cancelled,5,,,
12717,2278,2023-12-30,UPI,Delivered,5,2024-01-01,2024-01-06,
12718,1931,2023-12-30,UPI,Cancelled,5,,,
12719,2535,2023-12-30,COD,Delivered,5,2023-12-30,2024-01-03,4.0
12720,791,2023-12-30,UPI,Delivered,5,2024-01-01,2024-01-03,5.0
12721,2738,2023-12-31,COD,Delivered,5,2024-01-01,2024-01-04,4.0
12722,119,2023-12-31,COD,Delivered,5,2023-12-31,2024-01-02,5.0
12723,2090,2023-12-31,UPI,Delivered,5,2024-01-01,2024-01-04,
12724,2483,2023-12-31,Debit Card,Delivered,5,2024-01-02,2024-01-06,4.0
12725,616,2023-12-31,COD,Delivered,5,2024-01-02,2024-01-06,
12726,2175,2023-12-31,COD,Delivered,5,2024-01-01,2024-01-05,5.0
12727,2880,2023-12-31,Debit Card,Delivered,5,2023-12-31,2024-01-03,4.0
12728,1259,2024-01-01,UPI,Delivered,5,2024-01-03,2024-01-06,3.0
12729,2551,2024-01-01,Debit Card,Delivered,5,2024-01-02,2024-01-05,
12730,2869,2024-01-01,Debit Card,Delivered,5,2024-01-02,2024-01-06,5.0
12731,947,2024-01-01,Credit Card,Delivered,5,2024-01-03,2024-01-06,
12732,1612,2024-01-01,UPI,Delivered,5,2024-01-01,2024-01-04,4.0
12733,1991,2024-01-01,COD,Delivered,5,2024-01-01,2024-01-05,4.0
12734,2135,2024-01-01,Credit Card,Delivered,5,2024-01-03,2024-01-06,5.0
12735,111,2024-01-02,UPI,Cancelled,5,,,
12736,1420,2024-01-02,UPI,Delivered,5,2024-01-03,2024-01-06,
12737,1626,2024-01-02,UPI,Delivered,5,2024-01-04,2024-01-09,5.0
12738,2227,2024-01-02,Credit Card,Delivered,5,2024-01-04,2024-01-10,
12739,1932,2024-01-02,UPI,Delivered,5,2024-01-02,2024-01-04,3.0
12740,2756,2024-01-02,Credit Card,Delivered,5,2024-01-02,2024-01-07,5.0
12741,499,2024-01-02,UPI,Delivered,5,2024-01-04,2024-01-08,5.0
12742,1902,2024-01-02,UPI,Delivered,5,2024-01-03,2024-01-07,5.0
12743,147,2024-01-02,UPI,Delivered,5,2024-01-03,2024-01-08,5.0
12744,2455,2024-01-02,UPI,Delivered,5,2024-01-04,2024-01-08,4.0
12745,289,2024-01-02,UPI,Delivered,5,2024-01-04,2024-01-07,4.0
12746,2489,2024-01-03,UPI,Delivered,5,2024-01-05,2024-01-09,5.0
12747,1358,2024-01-03,Debit Card,Delivered,5,2024-01-03,2024-01-07,5.0
12748,1182,2024-01-03,Credit Card,Delivered,5,2024-01-05,2024-01-09,5.0
12749,2082,2024-01-03,Debit Card,Delivered,5,2024-01-04,2024-01-07,4.0
12750,508,2024-01-03,UPI,Delivered,5,2024-01-05,2024-01-09,5.0
12751,1060,2024-01-03,Credit Card,Delivered,5,2024-01-04,2024-01-09,5.0
12752,2542,2024-01-03,UPI,Delivered,5,2024-01-03,2024-01-06,5.0
12753,2094,2024-01-03,Credit Card,Delivered,5,2024-01-04,2024-01-11,2.0
12754,1787,2024-01-03,Debit Card,Delivered,5,2024-01-05,2024-01-07,5.0
12755,541,2024-01-03,COD,Delivered,5,2024-01-05,2024-01-08,5.0
12756,815,2024-01-03,Credit Card,Delivered,5,2024-01-05,2024-01-08,3.0
12757,2337,2024-01-03,UPI,Delivered,5,2024-01-03,2024-01-08,4.0
12758,2425,2024-01-03,UPI,Delivered,5,2024-01-05,2024-01-09,4.0
12759,1428,2024-01-03,Net Banking,Delivered,5,2024-01-03,2024-01-06,
12760,160,2024-01-04,UPI,Delivered,5,2024-01-06,2024-01-09,
12761,2937,2024-01-04,UPI,Delivered,5,2024-01-05,2024-01-10,
12762,1323,2024-01-04,UPI,Delivered,5,2024-01-06,2024-01-11,5.0
12763,905,2024-01-04,Net Banking,Delivered,5,2024-01-06,2024-01-11,
12764,1200,2024-01-04,COD,Delivered,5,2024-01-06,2024-01-09,5.0
12765,1281,2024-01-04,UPI,Delivered,5,2024-01-04,2024-01-07,5.0
12766,2841,2024-01-05,UPI,Delivered,5,2024-01-06,2024-01-10,5.0
12767,146,2024-01-05,COD,Delivered,5,2024-01-06,2024-01-12,4.0
12768,748,2024-01-05,UPI,Delivered,5,2024-01-05,2024-01-09,4.0
12769,1873,2024-01-05,UPI,Delivered,5,2024-01-05,2024-01-10,3.0
12770,2839,2024-01-05,Credit Card,Delivered,5,2024-01-07,2024-01-13,5.0
12771,965,2024-01-05,Credit Card,Delivered,5,2024-01-06,2024-01-14,4.0
12772,637,2024-01-05,UPI,Delivered,5,2024-01-05,2024-01-10,5.0
12773,1128,2024-01-06,Debit Card,Cancelled,5,,,
12774,2454,2024-01-06,Debit Card,Delivered,5,2024-01-07,2024-01-11,4.0
12775,2004,2024-01-06,Credit Card,Delivered,5,2024-01-08,2024-01-10,5.0
12776,1040,2024-01-06,UPI,Delivered,5,2024-01-07,2024-01-10,
12777,1806,2024-01-06,UPI,Delivered,5,2024-01-06,2024-01-11,
12778,1589,2024-01-06,COD,Delivered,5,2024-01-06,2024-01-09,
12779,981,2024-01-06,UPI,Delivered,5,2024-01-08,2024-01-14,5.0
12780,1551,2024-01-06,UPI,Delivered,5,2024-01-08,2024-01-13,4.0
12781,2702,2024-01-06,UPI,Delivered,5,2024-01-06,2024-01-11,3.0
12782,369,2024-01-06,UPI,Delivered,5,2024-01-07,2024-01-13,4.0
12783,2278,2024-01-07,Credit Card,Cancelled,5,,,
12784,106,2024-01-07,UPI,Delivered,5,2024-01-08,2024-01-12,5.0
12785,1441,2024-01-07,Debit Card,Delivered,5,2024-01-08,2024-01-11,
12786,680,2024-01-07,UPI,Delivered,5,2024-01-08,2024-01-12,4.0
12787,633,2024-01-07,COD,Delivered,5,2024-01-08,2024-01-11,4.0
12788,2984,2024-01-07,Debit Card,Delivered,5,2024-01-09,2024-01-12,4.0
12789,2053,2024-01-07,UPI,Delivered,5,2024-01-09,2024-01-14,
12790,2699,2024-01-07,COD,Delivered,5,2024-01-07,2024-01-12,
12791,2692,2024-01-07,COD,Delivered,5,2024-01-09,2024-01-14,
12792,753,2024-01-07,UPI,Delivered,5,2024-01-08,2024-01-10,4.0
12793,304,2024-01-07,Debit Card,Delivered,5,2024-01-08,2024-01-13,
12794,2641,2024-01-08,Debit Card,Delivered,5,2024-01-08,2024-01-13,5.0
12795,1929,2024-01-08,Debit Card,Delivered,5,2024-01-09,2024-01-12,
12796,2752,2024-01-08,UPI,Delivered,5,2024-01-10,2024-01-13,
12797,1540,2024-01-09,UPI,Cancelled,5,,,
12798,84,2024-01-09,UPI,Delivered,5,2024-01-09,2024-01-15,5.0
12799,1242,2024-01-09,UPI,Delivered,5,2024-01-09,2024-01-11,5.0
12800,1770,2024-01-09,UPI,Delivered,5,2024-01-11,2024-01-17,4.0
12801,2316,2024-01-09,COD,Delivered,5,2024-01-11,2024-01-15,5.0
12802,189,2024-01-09,UPI,Delivered,5,2024-01-09,2024-01-12,5.0
12803,1918,2024-01-09,UPI,Delivered,5,2024-01-11,2024-01-17,4.0
12804,1036,2024-01-09,UPI,Delivered,5,2024-01-09,2024-01-16,
12805,175,2024-01-09,Credit Card,Delivered,5,2024-01-09,2024-01-14,
12806,1426,2024-01-09,COD,Delivered,5,2024-01-11,2024-01-18,2.0
12807,549,2024-01-09,COD,Delivered,5,2024-01-10,2024-01-17,5.0
12808,1769,2024-01-10,Credit Card,Delivered,5,2024-01-11,2024-01-16,5.0
12809,957,2024-01-10,UPI,Delivered,5,2024-01-10,2024-01-13,4.0
12810,2448,2024-01-10,UPI,Delivered,5,2024-01-10,2024-01-14,
12811,2653,2024-01-10,Net Banking,Delivered,5,2024-01-10,2024-01-14,5.0
12812,2517,2024-01-10,UPI,Delivered,5,2024-01-11,2024-01-14,5.0
12813,1656,2024-01-10,UPI,Delivered,5,2024-01-11,2024-01-16,4.0
12814,1628,2024-01-10,Credit Card,Delivered,5,2024-01-10,2024-01-12,4.0
12815,750,2024-01-10,UPI,Delivered,5,2024-01-10,2024-01-13,5.0
12816,2349,2024-01-10,UPI,Delivered,5,2024-01-10,2024-01-12,4.0
12817,1230,2024-01-10,COD,Delivered,5,2024-01-10,2024-01-12,5.0
12818,1900,2024-01-10,UPI,Delivered,5,2024-01-10,2024-01-13,5.0
12819,2834,2024-01-11,UPI,Delivered,5,2024-01-11,2024-01-17,4.0
12820,1051,2024-01-11,UPI,Delivered,5,2024-01-11,2024-01-17,
12821,1132,2024-01-11,UPI,Delivered,5,2024-01-11,2024-01-16,4.0
12822,1728,2024-01-11,Net Banking,Cancelled,5,,,
12823,916,2024-01-11,Debit Card,Delivered,5,2024-01-13,2024-01-20,2.0
12824,457,2024-01-11,COD,Delivered,5,2024-01-12,2024-01-17,5.0
12825,2292,2024-01-11,COD,Delivered,5,2024-01-12,2024-01-16,4.0
12826,1697,2024-01-11,Debit Card,Delivered,5,2024-01-13,2024-01-16,4.0
12827,543,2024-01-12,Credit Card,Delivered,5,2024-01-14,2024-01-19,5.0
12828,2172,2024-01-12,Credit Card,Delivered,5,2024-01-13,2024-01-16,5.0
12828,2172,2024-01-12,Credit Card,Delivered,5,2024-01-13,2024-01-16,5.0
12829,1660,2024-01-12,Debit Card,Delivered,5,2024-01-14,2024-01-17,
12830,2279,2024-01-12,Debit Card,Delivered,5,2024-01-13,2024-01-17,4.0
12831,1241,2024-01-13,Credit Card,Delivered,5,2024-01-13,2024-01-18,5.0
12832,2616,2024-01-13,Credit Card,Delivered,5,2024-01-13,2024-01-17,4.0
12833,2404,2024-01-13,Debit Card,Cancelled,5,,,
12834,787,2024-01-13,UPI,Delivered,5,2024-01-15,2024-01-18,3.0
12835,2098,2024-01-13,Credit Card,Delivered,5,2024-01-13,2024-01-18,4.0
12836,2472,2024-01-13,Credit Card,Delivered,5,2024-01-13,2024-01-17,
12837,36,2024-01-13,Credit Card,Delivered,5,2024-01-13,2024-01-20,
12838,1405,2024-01-13,Credit Card,Delivered,5,2024-01-14,2024-01-20,
12839,2455,2024-01-13,COD,Delivered,5,2024-01-14,2024-01-17,4.0
12840,1698,2024-01-13,COD,Delivered,5,2024-01-15,2024-01-20,4.0
12841,814,2024-01-14,UPI,Delivered,5,2024-01-16,2024-01-22,
12842,748,2024-01-14,UPI,Delivered,5,2024-01-15,2024-01-19,4.0
12843,887,2024-01-14,UPI,Delivered,5,2024-01-16,2024-01-19,4.0
12844,740,2024-01-14,UPI,Delivered,5,2024-01-15,2024-01-19,
12845,228,2024-01-14,UPI,Delivered,5,2024-01-15,2024-01-19,4.0
12846,2796,2024-01-14,COD,Delivered,5,2024-01-16,2024-01-19,5.0
12847,1991,2024-01-14,COD,Delivered,5,2024-01-16,2024-01-19,
12848,1873,2024-01-14,UPI,Delivered,5,2024-01-14,2024-01-18,5.0
12849,2998,2024-01-14,COD,Delivered,5,2024-01-15,2024-01-18,5.0
12850,2690,2024-01-14,UPI,Delivered,5,2024-01-14,2024-01-18,
12851,1258,2024-01-14,COD,Delivered,5,2024-01-15,2024-01-20,5.0
12852,2209,2024-01-14,Credit Card,Delivered,5,2024-01-15,2024-01-20,5.0
12853,755,2024-01-14,Debit Card,Delivered,5,2024-01-15,2024-01-17,5.0
12854,348,2024-01-15,UPI,Delivered,5,2024-01-17,2024-01-22,
12855,22,2024-01-15,UPI,Delivered,5,2024-01-16,2024-01-19,4.0
12856,2516,2024-01-15,UPI,Delivered,5,2024-01-17,2024-01-20,5.0
12857,393,2024-01-16,Debit Card,Delivered,5,2024-01-18,2024-01-20,5.0
12858,2217,2024-01-16,COD,Delivered,5,2024-01-17,2024-01-22,
12859,318,2024-01-16,Debit Card,Delivered,5,2024-01-17,2024-01-25,4.0
12860,247,2024-01-16,COD,Delivered,5,2024-01-17,2024-01-19,5.0
12861,1039,2024-01-16,UPI,Delivered,5,2024-01-17,2024-01-21,
12862,1529,2024-01-16,COD,Delivered,5,2024-01-17,2024-01-22,
12863,1259,2024-01-16,COD,Delivered,5,2024-01-16,2024-01-22,3.0
12864,1818,2024-01-16,UPI,Delivered,5,2024-01-18,2024-01-22,5.0
12865,1234,2024-01-16,Credit Card,Delivered,5,2024-01-18,2024-01-23,5.0
12866,1376,2024-01-16,UPI,Delivered,5,2024-01-18,2024-01-23,5.0
12867,2689,2024-01-16,UPI,Delivered,5,2024-01-18,2024-01-23,
12868,2579,2024-01-16,UPI,Delivered,5,2024-01-16,2024-01-19,
12869,1460,2024-01-16,Debit Card,Delivered,5,2024-01-17,2024-01-23,4.0
12870,713,2024-01-16,COD,Delivered,5,2024-01-18,2024-01-21,4.0
12871,2330,2024-01-16,UPI,Delivered,5,2024-01-16,2024-01-19,
12872,1599,2024-01-16,COD,Delivered,5,2024-01-18,2024-01-21,3.0
12873,653,2024-01-16,COD,Delivered,5,2024-01-17,2024-01-23,4.0
12874,2661,2024-01-16,Credit Card,Delivered,5,2024-01-16,2024-01-19,4.0
12875,391,2024-01-17,Net Banking,Delivered,5,2024-01-19,2024-01-25,
12876,346,2024-01-17,COD,Delivered,5,2024-01-18,2024-01-22,3.0
12877,2058,2024-01-17,UPI,Delivered,5,2024-01-19,2024-01-25,5.0
12878,2708,2024-01-17,Net Banking,Delivered,5,2024-01-19,2024-01-23,4.0
12879,2053,2024-01-17,Credit Card,Delivered,5,2024-01-17,2024-01-20,3.0
12880,2783,2024-01-17,UPI,Delivered,5,2024-01-17,2024-01-21,5.0
12881,419,2024-01-17,UPI,Delivered,5,2024-01-17,2024-01-20,5.0
12882,3000,2024-01-17,Debit Card,Delivered,5,2024-01-19,2024-01-22,
12883,2337,2024-01-17,Net Banking,Delivered,5,2024-01-18,2024-01-21,5.0
12884,1289,2024-01-17,Credit Card,Delivered,5,2024-01-17,2024-01-22,
12885,1642,2024-01-18,Credit Card,Cancelled,5,,,
12886,2258,2024-01-18,UPI,Delivered,5,2024-01-19,2024-01-27,
12887,904,2024-01-18,COD,Delivered,5,2024-01-19,2024-01-21,4.0
12888,1465,2024-01-18,UPI,Delivered,5,2024-01-20,2024-01-25,4.0
12889,2091,2024-01-18,Credit Card,Cancelled,5,,,
12890,819,2024-01-18,Credit Card,Delivered,5,2024-01-20,2024-01-24,5.0
12891,770,2024-01-18,UPI,Delivered,5,2024-01-20,2024-01-23,5.0
12892,2528,2024-01-18,Net Banking,Delivered,5,2024-01-18,2024-01-20,5.0
12893,2872,2024-01-18,Net Banking,Delivered,5,2024-01-19,2024-01-23,5.0
12894,1092,2024-01-18,Credit Card,Delivered,5,2024-01-20,2024-01-26,3.0
12895,2821,2024-01-18,Debit Card,Delivered,5,2024-01-20,2024-01-25,
12896,2851,2024-01-19,COD,Delivered,5,2024-01-21,2024-01-24,5.0
12897,2076,2024-01-19,UPI,Delivered,5,2024-01-21,2024-01-24,
12898,2327,2024-01-19,UPI,Delivered,5,2024-01-21,2024-01-27,5.0
12899,441,2024-01-19,Debit Card,Delivered,5,2024-01-19,2024-01-23,4.0
12900,2506,2024-01-19,Credit Card,Delivered,5,2024-01-20,2024-01-23,
12901,735,2024-01-19,Debit Card,Delivered,5,2024-01-20,2024-01-25,5.0
12902,91,2024-01-19,Credit Card,Delivered,5,2024-01-21,2024-01-25,5.0
12903,335,2024-01-19,Debit Card,Delivered,5,2024-01-21,2024-01-24,
12904,835,2024-01-20,UPI,Delivered,5,2024-01-22,2024-01-25,4.0
12905,1729,2024-01-20,UPI,Delivered,5,2024-01-20,2024-01-23,
12906,2456,2024-01-20,UPI,Delivered,5,2024-01-22,2024-01-28,4.0
12907,279,2024-01-20,UPI,Delivered,5,2024-01-22,2024-01-26,4.0
12908,301,2024-01-20,COD,Delivered,5,2024-01-21,2024-01-24,
12909,323,2024-01-20,COD,Delivered,5,2024-01-22,2024-01-25,4.0
12910,1662,2024-01-20,UPI,Delivered,5,2024-01-21,2024-01-25,4.0
12911,1788,2024-01-21,Debit Card,Delivered,5,2024-01-22,2024-01-26,
12912,1075,2024-01-21,UPI,Delivered,5,2024-01-21,2024-01-26,3.0
12913,452,2024-01-21,Credit Card,Delivered,5,2024-01-22,2024-01-30,3.0
12914,197,2024-01-21,Net Banking,Delivered,5,2024-01-21,2024-01-25,3.0
12915,1409,2024-01-21,UPI,Delivered,5,2024-01-21,2024-01-24,3.0
12916,793,2024-01-22,COD,Delivered,5,2024-01-24,2024-01-28,5.0
12917,999,2024-01-22,UPI,Delivered,5,2024-01-24,2024-01-27,4.0
12918,2474,2024-01-22,UPI,Delivered,5,2024-01-23,2024-01-26,
12919,35,2024-01-22,Debit Card,Delivered,5,2024-01-23,2024-01-27,5.0
12920,2229,2024-01-22,COD,Delivered,5,2024-01-23,2024-01-27,
12921,2406,2024-01-22,Credit Card,Delivered,5,2024-01-24,2024-01-29,4.0
12922,1383,2024-01-22,COD,Delivered,5,2024-01-23,2024-01-26,
12923,1641,2024-01-22,COD,Delivered,5,2024-01-22,2024-01-28,
12924,2636,2024-01-22,Debit Card,Delivered,5,2024-01-24,2024-01-29,
12925,935,2024-01-23,UPI,Delivered,5,2024-01-24,2024-01-29,4.0
12926,93,2024-01-23,UPI,Returned,5,2024-01-24,2024-01-29,
12927,407,2024-01-23,Debit Card,Delivered,5,2024-01-24,2024-01-28,5.0
12928,1731,2024-01-23,Debit Card,Delivered,5,2024-01-25,2024-01-28,4.0
12929,880,2024-01-23,UPI,Delivered,5,2024-01-24,2024-01-27,
12930,396,2024-01-23,UPI,Delivered,5,2024-01-23,2024-01-26,4.0
12931,2784,2024-01-23,UPI,Delivered,5,2024-01-25,2024-01-27,
12932,2151,2024-01-23,UPI,Delivered,5,2024-01-23,2024-01-27,5.0
12933,2502,2024-01-23,Credit Card,Delivered,5,2024-01-23,2024-01-26,
12934,1796,2024-01-23,COD,Delivered,5,2024-01-23,2024-01-26,5.0
12935,1656,2024-01-23,COD,Delivered,5,2024-01-23,2024-01-27,5.0
12936,737,2024-01-23,Net Banking,Delivered,5,2024-01-23,2024-01-25,
12937,2717,2024-01-24,Debit Card,Delivered,5,2024-01-26,2024-02-03,3.0
12938,1732,2024-01-24,UPI,Delivered,5,2024-01-25,2024-01-28,5.0
12939,175,2024-01-24,Debit Card,Delivered,5,2024-01-24,2024-01-30,4.0
12940,1239,2024-01-24,COD,Delivered,5,2024-01-26,2024-01-30,
12941,2347,2024-01-24,Debit Card,Delivered,5,2024-01-24,2024-01-28,
12942,487,2024-01-24,Credit Card,Delivered,5,2024-01-25,2024-01-29,4.0
12943,846,2024-01-24,Debit Card,Returned,5,2024-01-25,2024-01-27,
12944,1528,2024-01-24,UPI,Delivered,5,2024-01-26,2024-01-30,5.0
12945,472,2024-01-24,UPI,Delivered,5,2024-01-24,2024-01-27,4.0
12946,617,2024-01-24,UPI,Delivered,5,2024-01-26,2024-01-29,
12947,2050,2024-01-24,UPI,Delivered,5,2024-01-25,2024-01-27,5.0
12948,429,2024-01-24,COD,Delivered,5,2024-01-26,2024-01-30,
12949,1128,2024-01-25,UPI,Delivered,5,2024-01-25,2024-01-29,
12950,1132,2024-01-25,UPI,Delivered,5,2024-01-27,2024-02-02,4.0
12951,1208,2024-01-25,COD,Delivered,5,2024-01-26,2024-01-30,5.0
12952,2515,2024-01-25,COD,Delivered,5,2024-01-26,2024-01-30,5.0
12953,1877,2024-01-25,Credit Card,Delivered,5,2024-01-25,2024-01-28,4.0
12954,525,2024-01-25,UPI,Delivered,5,2024-01-26,2024-01-31,5.0
12955,1697,2024-01-25,Credit Card,Delivered,5,2024-01-26,2024-01-29,
12956,2991,2024-01-25,Debit Card,Delivered,5,2024-01-25,2024-01-29,4.0
12957,547,2024-01-25,COD,Delivered,5,2024-01-26,2024-01-29,4.0
12958,1979,2024-01-25,UPI,Delivered,5,2024-01-25,2024-01-28,5.0
12959,2174,2024-01-26,COD,Delivered,5,2024-01-27,2024-01-30,
12960,71,2024-01-26,Debit Card,Delivered,5,2024-01-26,2024-02-01,4.0
12961,1858,2024-01-26,Debit Card,Delivered,5,2024-01-26,2024-01-31,5.0
12962,367,2024-01-26,UPI,Delivered,5,2024-01-27,2024-01-31,5.0
12963,2333,2024-01-26,COD,Returned,5,2024-01-26,2024-01-31,5.0
12964,1194,2024-01-26,Credit Card,Delivered,5,2024-01-26,2024-01-31,
12965,2534,2024-01-26,UPI,Delivered,5,2024-01-27,2024-01-30,
12966,2633,2024-01-27,UPI,Delivered,5,2024-01-28,2024-02-01,
12967,714,2024-01-27,UPI,Returned,5,2024-01-28,2024-01-31,5.0
12968,2574,2024-01-27,UPI,Delivered,5,2024-01-29,2024-02-03,
12969,2327,2024-01-27,UPI,Delivered,5,2024-01-28,2024-02-02,5.0
12970,1879,2024-01-27,UPI,Delivered,5,2024-01-28,2024-02-04,4.0
12971,2757,2024-01-27,Credit Card,Delivered,5,2024-01-28,2024-01-31,5.0
12972,1293,2024-01-27,Debit Card,Delivered,5,2024-01-27,2024-02-02,5.0
12973,2664,2024-01-27,Debit Card,Delivered,5,2024-01-27,2024-02-01,5.0
12974,388,2024-01-27,Credit Card,Delivered,5,2024-01-28,2024-01-30,4.0
12975,2801,2024-01-27,UPI,Delivered,5,2024-01-28,2024-01-31,4.0
12976,2094,2024-01-28,Credit Card,Delivered,5,2024-01-29,2024-01-31,5.0
12977,2513,2024-01-28,Debit Card,Delivered,5,2024-01-29,2024-02-01,5.0
12978,840,2024-01-28,COD,Delivered,5,2024-01-28,2024-02-02,5.0
12979,2147,2024-01-28,UPI,Delivered,5,2024-01-29,2024-02-04,
12979,2147,2024-01-28,UPI,Delivered,5,2024-01-29,2024-02-04,
12980,2886,2024-01-28,COD,Delivered,5,2024-01-29,2024-02-01,4.0
12981,1081,2024-01-28,COD,Delivered,5,2024-01-28,2024-02-02,4.0
12982,159,2024-01-28,COD,Delivered,5,2024-01-28,2024-02-02,
12983,502,2024-01-28,Debit Card,Delivered,5,2024-01-28,2024-01-31,5.0
12984,675,2024-01-29,UPI,Delivered,5,2024-01-30,2024-02-04,4.0
12985,712,2024-01-29,COD,Delivered,5,2024-01-31,2024-02-04,5.0
12986,619,2024-01-29,COD,Delivered,5,2024-01-30,2024-02-02,4.0
12987,1062,2024-01-29,COD,Delivered,5,2024-01-31,2024-02-04,5.0
12988,1232,2024-01-29,COD,Delivered,5,2024-01-30,2024-02-04,5.0
12989,671,2024-01-29,COD,Returned,5,2024-01-31,2024-02-04,4.0
12990,2821,2024-01-30,COD,Delivered,5,2024-02-01,2024-02-05,5.0
12991,856,2024-01-30,UPI,Delivered,5,2024-01-30,2024-02-02,5.0
12992,667,2024-01-30,Credit Card,Delivered,5,2024-01-30,2024-02-04,
12993,1859,2024-01-30,Debit Card,Delivered,5,2024-01-31,2024-02-03,5.0
12994,2838,2024-01-30,COD,Delivered,5,2024-01-31,2024-02-03,
12995,1199,2024-01-30,Credit Card,Delivered,5,2024-01-30,2024-02-03,5.0
12996,2576,2024-01-31,Credit Card,Delivered,5,2024-01-31,2024-02-03,
12997,2362,2024-01-31,Net Banking,Delivered,5,2024-01-31,2024-02-02,4.0
12998,2806,2024-01-31,Credit Card,Delivered,5,2024-02-02,2024-02-05,
12999,3000,2024-01-31,UPI,Delivered,5,2024-02-02,2024-02-06,5.0
13000,396,2024-01-31,Debit Card,Cancelled,5,,,
13000,396,2024-01-31,Debit Card,Cancelled,5,,,
13001,824,2024-01-31,UPI,Delivered,5,2024-02-01,2024-02-09,
13002,647,2024-01-31,UPI,Delivered,5,2024-02-01,2024-02-05,5.0
13003,1404,2024-01-31,Debit Card,Delivered,5,2024-02-01,2024-02-04,
13004,1012,2024-01-31,Net Banking,Delivered,5,2024-02-01,2024-02-08,
13005,2990,2024-02-01,UPI,Delivered,5,2024-02-02,2024-02-06,5.0
13006,869,2024-02-01,UPI,Delivered,5,2024-02-03,2024-02-08,4.0
13007,499,2024-02-01,Credit Card,Delivered,5,2024-02-02,2024-02-07,4.0
13008,2994,2024-02-01,Debit Card,Delivered,5,2024-02-02,2024-02-06,
13009,2692,2024-02-01,UPI,Delivered,5,2024-02-01,2024-02-05,4.0
13010,2144,2024-02-01,Credit Card,Delivered,5,2024-02-02,2024-02-05,5.0
13011,2751,2024-02-01,Debit Card,Delivered,5,2024-02-03,2024-02-05,5.0
13012,529,2024-02-01,Net Banking,Delivered,5,2024-02-02,2024-02-04,5.0
13013,1120,2024-02-01,UPI,Returned,5,2024-02-02,2024-02-08,
13013,1120,2024-02-01,UPI,Returned,5,2024-02-02,2024-02-08,
13014,2856,2024-02-01,Credit Card,Delivered,5,2024-02-03,2024-02-05,4.0
13015,2561,2024-02-02,COD,Delivered,5,2024-02-02,2024-02-05,
13016,2316,2024-02-02,UPI,Delivered,5,2024-02-02,2024-02-08,4.0
13017,1588,2024-02-02,COD,Delivered,5,2024-02-02,2024-02-05,5.0
13018,2636,2024-02-02,UPI,Delivered,5,2024-02-02,2024-02-09,3.0
13019,458,2024-02-02,UPI,Delivered,5,2024-02-04,2024-02-07,
13020,1105,2024-02-02,UPI,Delivered,5,2024-02-02,2024-02-04,4.0
13021,45,2024-02-02,UPI,Delivered,5,2024-02-04,2024-02-07,3.0
13022,29,2024-02-02,COD,Delivered,5,2024-02-03,2024-02-05,5.0
13023,1427,2024-02-02,Debit Card,Delivered,5,2024-02-04,2024-02-07,4.0
13024,1732,2024-02-02,COD,Delivered,5,2024-02-03,2024-02-06,
13025,732,2024-02-03,COD,Delivered,5,2024-02-03,2024-02-07,5.0
13026,145,2024-02-03,UPI,Delivered,5,2024-02-05,2024-02-13,
13027,609,2024-02-03,COD,Delivered,5,2024-02-04,2024-02-07,5.0
13028,2998,2024-02-03,COD,Delivered,5,2024-02-04,2024-02-08,5.0
13029,1802,2024-02-03,UPI,Delivered,5,2024-02-03,2024-02-07,4.0
13030,657,2024-02-04,COD,Delivered,5,2024-02-04,2024-02-08,
13031,1071,2024-02-04,COD,Delivered,5,2024-02-04,2024-02-07,
13032,1993,2024-02-04,Credit Card,Delivered,5,2024-02-05,2024-02-11,5.0
13033,1894,2024-02-04,UPI,Delivered,5,2024-02-04,2024-02-07,5.0
13034,1213,2024-02-04,UPI,Delivered,5,2024-02-05,2024-02-11,5.0
13035,895,2024-02-04,Net Banking,Delivered,5,2024-02-06,2024-02-11,5.0
13036,2720,2024-02-04,Debit Card,Delivered,5,2024-02-05,2024-02-10,4.0
13037,2083,2024-02-04,COD,Delivered,5,2024-02-06,2024-02-14,
13038,2555,2024-02-05,COD,Delivered,5,2024-02-06,2024-02-12,3.0
13038,2555,2024-02-05,COD,Delivered,5,2024-02-06,2024-02-12,3.0
13039,2455,2024-02-05,UPI,Delivered,5,2024-02-05,2024-02-07,4.0
13040,1369,2024-02-05,Net Banking,Cancelled,5,,,
13041,998,2024-02-05,Credit Card,Delivered,5,2024-02-07,2024-02-10,
13042,2698,2024-02-05,COD,Delivered,5,2024-02-07,2024-02-11,
13043,962,2024-02-05,UPI,Delivered,5,2024-02-05,2024-02-10,5.0
13044,2585,2024-02-05,UPI,Delivered,5,2024-02-05,2024-02-09,5.0
13045,791,2024-02-05,UPI,Delivered,5,2024-02-07,2024-02-10,4.0
13046,723,2024-02-05,UPI,Delivered,5,2024-02-07,2024-02-13,4.0
13047,525,2024-02-05,UPI,Delivered,5,2024-02-05,2024-02-08,5.0
13048,1992,2024-02-06,UPI,Delivered,5,2024-02-08,2024-02-11,5.0
13049,119,2024-02-06,Debit Card,Delivered,5,2024-02-08,2024-02-13,5.0
13050,1737,2024-02-07,COD,Delivered,5,2024-02-07,2024-02-12,4.0
13051,2396,2024-02-07,UPI,Delivered,5,2024-02-07,2024-02-11,5.0
13052,1305,2024-02-07,UPI,Delivered,5,2024-02-09,2024-02-12,4.0
13053,1365,2024-02-07,Credit Card,Returned,5,2024-02-07,2024-02-12,5.0
13054,1317,2024-02-07,Debit Card,Delivered,5,2024-02-07,2024-02-11,5.0
13055,1285,2024-02-07,Debit Card,Delivered,5,2024-02-09,2024-02-12,4.0
13056,2166,2024-02-07,Net Banking,Delivered,5,2024-02-08,2024-02-13,4.0
13057,2176,2024-02-08,UPI,Delivered,5,2024-02-08,2024-02-11,4.0
13058,720,2024-02-08,Credit Card,Returned,5,2024-02-08,2024-02-12,4.0
13059,1991,2024-02-08,COD,Delivered,5,2024-02-09,2024-02-12,3.0
13060,2326,2024-02-08,Debit Card,Delivered,5,2024-02-08,2024-02-11,
13061,2279,2024-02-08,Credit Card,Delivered,5,2024-02-08,2024-02-11,
13062,1621,2024-02-08,COD,Delivered,5,2024-02-09,2024-02-14,4.0
13063,2075,2024-02-08,UPI,Delivered,5,2024-02-08,2024-02-11,4.0
13064,1885,2024-02-08,UPI,Delivered,5,2024-02-09,2024-02-14,5.0
13065,48,2024-02-08,UPI,Delivered,5,2024-02-08,2024-02-12,5.0
13066,2916,2024-02-08,COD,Delivered,5,2024-02-08,2024-02-13,
13067,70,2024-02-08,COD,Delivered,5,2024-02-09,2024-02-13,5.0
13068,1529,2024-02-09,UPI,Delivered,5,2024-02-10,2024-02-15,4.0
13069,1412,2024-02-09,Credit Card,Delivered,5,2024-02-10,2024-02-14,5.0
13070,2142,2024-02-09,Credit Card,Delivered,5,2024-02-10,2024-02-17,4.0
13071,1580,2024-02-09,UPI,Delivered,5,2024-02-11,2024-02-14,4.0
13072,637,2024-02-09,COD,Delivered,5,2024-02-09,2024-02-13,
13073,1063,2024-02-09,UPI,Delivered,5,2024-02-11,2024-02-16,4.0
13074,1715,2024-02-09,COD,Delivered,5,2024-02-11,2024-02-16,
13075,1690,2024-02-09,COD,Delivered,5,2024-02-09,2024-02-15,4.0
13076,495,2024-02-09,UPI,Delivered,5,2024-02-11,2024-02-13,4.0
13077,1641,2024-02-10,Debit Card,Delivered,5,2024-02-11,2024-02-16,4.0
13078,1237,2024-02-10,COD,Delivered,5,2024-02-11,2024-02-15,3.0
13079,1771,2024-02-10,UPI,Delivered,5,2024-02-10,2024-02-12,
13080,2773,2024-02-10,UPI,Delivered,5,2024-02-12,2024-02-19,5.0
13081,2597,2024-02-10,COD,Delivered,5,2024-02-11,2024-02-14,4.0
13082,1800,2024-02-10,Debit Card,Cancelled,5,,,
13083,429,2024-02-10,Debit Card,Returned,5,2024-02-12,2024-02-14,
13084,784,2024-02-10,UPI,Delivered,5,2024-02-11,2024-02-16,
13085,1939,2024-02-10,Debit Card,Delivered,5,2024-02-10,2024-02-14,
13086,2053,2024-02-10,Debit Card,Delivered,5,2024-02-12,2024-02-15,4.0
13087,718,2024-02-11,UPI,Delivered,5,2024-02-11,2024-02-16,
13088,310,2024-02-11,UPI,Delivered,5,2024-02-13,2024-02-18,
13089,1678,2024-02-11,Credit Card,Delivered,5,2024-02-11,2024-02-15,5.0
13090,2213,2024-02-11,Debit Card,Delivered,5,2024-02-13,2024-02-17,
13091,395,2024-02-11,UPI,Delivered,5,2024-02-11,2024-02-14,4.0
13092,2884,2024-02-11,COD,Delivered,5,2024-02-11,2024-02-20,3.0
13093,999,2024-02-11,UPI,Delivered,5,2024-02-11,2024-02-16,4.0
13094,279,2024-02-12,COD,Delivered,5,2024-02-14,2024-02-18,4.0
13095,824,2024-02-12,UPI,Delivered,5,2024-02-14,2024-02-19,4.0
13096,905,2024-02-12,Debit Card,Delivered,5,2024-02-12,2024-02-18,3.0
13097,743,2024-02-12,Credit Card,Delivered,5,2024-02-13,2024-02-15,
13098,543,2024-02-12,Debit Card,Delivered,5,2024-02-14,2024-02-20,4.0
13099,2551,2024-02-12,Net Banking,Delivered,5,2024-02-14,2024-02-17,5.0
13100,196,2024-02-13,UPI,Delivered,5,2024-02-13,2024-02-16,4.0
13101,1284,2024-02-13,UPI,Delivered,5,2024-02-13,2024-02-16,5.0
13102,2344,2024-02-13,UPI,Delivered,5,2024-02-15,2024-02-20,5.0
13103,1152,2024-02-13,Credit Card,Delivered,5,2024-02-13,2024-02-17,
13104,1987,2024-02-13,COD,Delivered,5,2024-02-15,2024-02-20,5.0
13105,1371,2024-02-14,UPI,Delivered,5,2024-02-15,2024-02-22,4.0
13106,2561,2024-02-14,COD,Delivered,5,2024-02-15,2024-02-19,4.0
13107,2976,2024-02-14,Credit Card,Delivered,5,2024-02-15,2024-02-18,
13108,2999,2024-02-14,Net Banking,Delivered,5,2024-02-15,2024-02-19,5.0
13109,1459,2024-02-14,UPI,Delivered,5,2024-02-14,2024-02-17,
13110,1505,2024-02-14,Net Banking,Cancelled,5,,,
13111,275,2024-02-14,Credit Card,Delivered,5,2024-02-15,2024-02-21,
13112,1465,2024-02-14,Net Banking,Delivered,5,2024-02-14,2024-02-17,
13113,2477,2024-02-14,Debit Card,Cancelled,5,,,
13114,1660,2024-02-15,UPI,Delivered,5,2024-02-17,2024-02-20,5.0
13115,2425,2024-02-15,COD,Delivered,5,2024-02-15,2024-02-19,4.0
13116,213,2024-02-15,Credit Card,Delivered,5,2024-02-17,2024-02-22,3.0
13117,346,2024-02-15,UPI,Delivered,5,2024-02-16,2024-02-20,4.0
13118,47,2024-02-15,Credit Card,Delivered,5,2024-02-17,2024-02-21,5.0
13119,1902,2024-02-15,COD,Delivered,5,2024-02-17,2024-02-20,5.0
13120,2374,2024-02-15,Debit Card,Delivered,5,2024-02-17,2024-02-21,
13121,169,2024-02-15,UPI,Delivered,5,2024-02-17,2024-02-21,
13122,446,2024-02-16,COD,Delivered,5,2024-02-17,2024-02-21,5.0
13123,2576,2024-02-16,Credit Card,Delivered,5,2024-02-18,2024-02-23,3.0
13124,1640,2024-02-16,UPI,Delivered,5,2024-02-17,2024-02-19,
13125,1127,2024-02-16,UPI,Delivered,5,2024-02-16,2024-02-22,3.0
13126,2737,2024-02-16,UPI,Delivered,5,2024-02-17,2024-02-21,5.0
13127,2366,2024-02-16,Debit Card,Returned,5,2024-02-18,2024-02-25,
13128,878,2024-02-17,UPI,Returned,5,2024-02-17,2024-02-22,3.0
13129,2955,2024-02-17,UPI,Delivered,5,2024-02-19,2024-02-24,4.0
13130,2428,2024-02-17,UPI,Delivered,5,2024-02-19,2024-02-26,4.0
13131,1039,2024-02-17,COD,Delivered,5,2024-02-17,2024-02-21,
13132,2756,2024-02-17,Debit Card,Delivered,5,2024-02-19,2024-02-23,4.0
13133,2623,2024-02-17,Credit Card,Delivered,5,2024-02-19,2024-02-21,5.0
13134,755,2024-02-18,Debit Card,Delivered,5,2024-02-19,2024-02-22,
13135,2975,2024-02-18,UPI,Delivered,5,2024-02-20,2024-02-24,
13136,670,2024-02-18,COD,Delivered,5,2024-02-19,2024-02-23,4.0
13137,2538,2024-02-18,UPI,Delivered,5,2024-02-19,2024-02-21,5.0
13138,769,2024-02-18,UPI,Delivered,5,2024-02-19,2024-02-23,4.0
13139,2387,2024-02-18,UPI,Delivered,5,2024-02-20,2024-02-22,4.0
13140,1174,2024-02-18,UPI,Delivered,5,2024-02-19,2024-02-23,4.0
13141,1879,2024-02-18,UPI,Returned,5,2024-02-19,2024-02-22,
13142,1259,2024-02-18,Debit Card,Cancelled,5,,,
13143,2733,2024-02-18,UPI,Delivered,5,2024-02-20,2024-02-25,5.0
13144,2796,2024-02-18,UPI,Delivered,5,2024-02-18,2024-02-21,4.0
13145,337,2024-02-18,Debit Card,Delivered,5,2024-02-19,2024-02-23,3.0
13146,177,2024-02-18,Debit Card,Delivered,5,2024-02-20,2024-02-24,4.0
13147,887,2024-02-18,COD,Delivered,5,2024-02-18,2024-02-21,3.0
13148,2419,2024-02-19,UPI,Delivered,5,2024-02-21,2024-02-23,5.0
13148,2419,2024-02-19,UPI,Delivered,5,2024-02-21,2024-02-23,5.0
13149,2301,2024-02-19,COD,Delivered,5,2024-02-19,2024-02-24,
13150,1195,2024-02-19,Debit Card,Delivered,5,2024-02-19,2024-02-28,3.0
13151,2483,2024-02-19,Credit Card,Delivered,5,2024-02-20,2024-02-24,
13152,2882,2024-02-19,UPI,Delivered,5,2024-02-20,2024-02-22,4.0
13153,1468,2024-02-19,Credit Card,Delivered,5,2024-02-19,2024-02-21,4.0
13154,1092,2024-02-19,UPI,Delivered,5,2024-02-20,2024-02-25,4.0
13155,348,2024-02-20,Debit Card,Delivered,5,2024-02-20,2024-02-24,4.0
13156,1084,2024-02-20,Debit Card,Delivered,5,2024-02-22,2024-02-24,5.0
13157,2320,2024-02-20,UPI,Delivered,5,2024-02-22,2024-02-25,4.0
13158,6,2024-02-20,UPI,Delivered,5,2024-02-22,2024-02-26,
13159,2632,2024-02-20,COD,Delivered,5,2024-02-21,2024-02-27,4.0
13160,1766,2024-02-20,Credit Card,Delivered,5,2024-02-21,2024-02-27,
13161,448,2024-02-20,Credit Card,Delivered,5,2024-02-21,2024-02-24,4.0
13162,2752,2024-02-20,Net Banking,Delivered,5,2024-02-21,2024-02-24,4.0
13163,2469,2024-02-20,UPI,Delivered,5,2024-02-21,2024-02-27,5.0
13164,929,2024-02-20,Debit Card,Cancelled,5,,,
13165,1500,2024-02-21,COD,Delivered,5,2024-02-23,2024-02-27,4.0
13166,2344,2024-02-21,UPI,Delivered,5,2024-02-21,2024-02-24,4.0
13167,1529,2024-02-21,UPI,Delivered,5,2024-02-21,2024-02-27,
13168,1956,2024-02-21,COD,Delivered,5,2024-02-22,2024-02-27,4.0
13169,2043,2024-02-21,UPI,Delivered,5,2024-02-23,2024-02-26,3.0
13170,2216,2024-02-21,UPI,Delivered,5,2024-02-22,2024-02-25,5.0
13171,1367,2024-02-22,UPI,Delivered,5,2024-02-22,2024-02-26,
13172,1368,2024-02-22,COD,Delivered,5,2024-02-22,2024-02-25,4.0
13173,2811,2024-02-22,Credit Card,Delivered,5,2024-02-23,2024-02-25,4.0
13174,662,2024-02-22,UPI,Delivered,5,2024-02-24,2024-02-29,5.0
13175,1499,2024-02-22,Credit Card,Delivered,5,2024-02-24,2024-02-28,4.0
13176,1729,2024-02-22,Credit Card,Delivered,5,2024-02-22,2024-02-26,4.0
13177,1810,2024-02-22,Debit Card,Delivered,5,2024-02-23,2024-02-29,4.0
13178,164,2024-02-22,COD,Delivered,5,2024-02-24,2024-02-28,4.0
13179,1606,2024-02-22,UPI,Delivered,5,2024-02-22,2024-02-26,3.0
13180,758,2024-02-23,Debit Card,Returned,5,2024-02-25,2024-02-28,4.0
13181,1548,2024-02-23,Debit Card,Delivered,5,2024-02-24,2024-02-28,5.0
13182,296,2024-02-23,COD,Delivered,5,2024-02-25,2024-02-27,
13183,2877,2024-02-23,Credit Card,Delivered,5,2024-02-23,2024-02-25,
13184,1896,2024-02-23,UPI,Delivered,5,2024-02-23,2024-02-25,5.0
13185,1155,2024-02-23,Debit Card,Delivered,5,2024-02-24,2024-02-27,4.0
13186,2687,2024-02-23,Debit Card,Delivered,5,2024-02-24,2024-03-01,
13187,2906,2024-02-23,Debit Card,Delivered,5,2024-02-23,2024-02-26,5.0
13188,1802,2024-02-23,UPI,Delivered,5,2024-02-25,2024-03-01,
13189,1820,2024-02-23,UPI,Delivered,5,2024-02-23,2024-02-28,4.0
13190,896,2024-02-24,UPI,Delivered,5,2024-02-25,2024-03-03,3.0
13191,2330,2024-02-24,UPI,Delivered,5,2024-02-24,2024-02-27,
13192,1949,2024-02-24,UPI,Delivered,5,2024-02-24,2024-02-27,5.0
13192,1949,2024-02-24,UPI,Delivered,5,2024-02-24,2024-02-27,5.0
13193,2227,2024-02-24,UPI,Delivered,5,2024-02-24,2024-02-29,4.0
13194,28,2024-02-24,UPI,Delivered,5,2024-02-26,2024-03-02,
13195,2270,2024-02-24,UPI,Delivered,5,2024-02-25,2024-02-28,
13196,417,2024-02-25,Net Banking,Delivered,5,2024-02-27,2024-03-01,5.0
13197,1213,2024-02-25,Credit Card,Delivered,5,2024-02-27,2024-03-01,5.0
13198,1598,2024-02-25,UPI,Delivered,5,2024-02-26,2024-02-29,5.0
13199,2464,2024-02-25,Debit Card,Delivered,5,2024-02-26,2024-02-29,
13200,1975,2024-02-25,Credit Card,Delivered,5,2024-02-26,2024-03-06,
13201,2374,2024-02-25,UPI,Delivered,5,2024-02-25,2024-02-27,5.0
13202,1615,2024-02-25,Credit Card,Delivered,5,2024-02-25,2024-03-01,5.0
13203,1777,2024-02-25,UPI,Delivered,5,2024-02-26,2024-03-01,5.0
13204,1731,2024-02-25,Credit Card,Delivered,5,2024-02-25,2024-02-28,5.0
13205,2085,2024-02-25,UPI,Delivered,5,2024-02-25,2024-03-03,4.0
13206,1295,2024-02-25,Credit Card,Delivered,5,2024-02-26,2024-02-28,
13207,1863,2024-02-25,UPI,Delivered,5,2024-02-26,2024-03-01,4.0
13208,655,2024-02-25,UPI,Delivered,5,2024-02-27,2024-03-01,
13209,2916,2024-02-26,Debit Card,Delivered,5,2024-02-28,2024-03-02,5.0
13210,2850,2024-02-26,UPI,Delivered,5,2024-02-28,2024-03-05,4.0
13211,2288,2024-02-26,UPI,Delivered,5,2024-02-27,2024-03-02,4.0
13212,1930,2024-02-26,UPI,Delivered,5,2024-02-27,2024-03-01,4.0
13213,1637,2024-02-26,Debit Card,Delivered,5,2024-02-28,2024-03-03,5.0
13214,725,2024-02-27,Credit Card,Delivered,5,2024-02-28,2024-03-03,5.0
13215,2815,2024-02-27,COD,Delivered,5,2024-02-27,2024-02-29,
13216,2967,2024-02-27,Credit Card,Delivered,5,2024-02-29,2024-03-03,3.0
13217,1203,2024-02-27,Net Banking,Delivered,5,2024-02-27,2024-03-01,
13218,1405,2024-02-27,UPI,Delivered,5,2024-02-28,2024-03-04,5.0
13219,1375,2024-02-27,COD,Delivered,5,2024-02-29,2024-03-02,5.0
13220,1348,2024-02-27,Credit Card,Delivered,5,2024-02-29,2024-03-03,4.0
13220,1348,2024-02-27,Credit Card,Delivered,5,2024-02-29,2024-03-03,4.0
13221,901,2024-02-28,UPI,Delivered,5,2024-03-01,2024-03-04,5.0
13222,1785,2024-02-28,Debit Card,Delivered,5,2024-02-29,2024-03-03,5.0
13223,438,2024-02-28,Net Banking,Delivered,5,2024-02-29,2024-03-08,3.0
13224,1163,2024-02-28,COD,Delivered,5,2024-02-28,2024-03-03,
13225,441,2024-02-28,UPI,Delivered,5,2024-02-29,2024-03-05,5.0
13226,670,2024-02-28,Credit Card,Delivered,5,2024-02-29,2024-03-04,
13227,1286,2024-02-28,UPI,Delivered,5,2024-02-28,2024-03-02,4.0
13228,2349,2024-02-29,Debit Card,Delivered,5,2024-02-29,2024-03-04,4.0
13229,721,2024-02-29,UPI,Delivered,5,2024-03-02,2024-03-04,
13230,1542,2024-02-29,UPI,Delivered,5,2024-03-01,2024-03-05,
13231,119,2024-02-29,UPI,Delivered,5,2024-03-01,2024-03-03,4.0
13232,2999,2024-02-29,COD,Delivered,5,2024-03-02,2024-03-07,
13233,289,2024-02-29,UPI,Delivered,5,2024-03-02,2024-03-05,5.0
13234,260,2024-02-29,UPI,Delivered,5,2024-03-02,2024-03-06,
13235,2493,2024-02-29,UPI,Delivered,5,2024-03-02,2024-03-08,4.0
13236,1075,2024-03-01,Credit Card,Delivered,5,2024-03-01,2024-03-05,3.0
13237,271,2024-03-01,UPI,Delivered,5,2024-03-03,2024-03-07,5.0
13238,1573,2024-03-01,Debit Card,Delivered,5,2024-03-03,2024-03-08,3.0
13239,2459,2024-03-01,UPI,Delivered,5,2024-03-02,2024-03-06,5.0
13240,2083,2024-03-01,UPI,Delivered,5,2024-03-01,2024-03-06,
13241,410,2024-03-01,UPI,Cancelled,5,,,
13242,783,2024-03-01,UPI,Delivered,5,2024-03-02,2024-03-04,4.0
13243,2403,2024-03-01,Debit Card,Delivered,5,2024-03-01,2024-03-04,4.0
13244,1245,2024-03-01,UPI,Delivered,5,2024-03-01,2024-03-04,5.0
13245,858,2024-03-02,Debit Card,Delivered,5,2024-03-04,2024-03-07,
13246,1063,2024-03-02,Credit Card,Delivered,5,2024-03-03,2024-03-08,3.0
13247,2354,2024-03-02,UPI,Delivered,5,2024-03-02,2024-03-05,4.0
13248,2185,2024-03-02,UPI,Returned,5,2024-03-04,2024-03-09,5.0
13249,1991,2024-03-02,Credit Card,Delivered,5,2024-03-04,2024-03-08,5.0
13250,755,2024-03-02,UPI,Delivered,5,2024-03-02,2024-03-06,4.0
13251,1376,2024-03-02,Credit Card,Delivered,5,2024-03-02,2024-03-07,
13252,388,2024-03-02,COD,Delivered,5,2024-03-04,2024-03-08,5.0
13253,1058,2024-03-02,UPI,Delivered,5,2024-03-02,2024-03-05,
13254,288,2024-03-02,UPI,Delivered,5,2024-03-04,2024-03-08,
13255,1788,2024-03-02,UPI,Delivered,5,2024-03-03,2024-03-06,
13256,706,2024-03-02,UPI,Delivered,5,2024-03-04,2024-03-09,3.0
13257,1975,2024-03-03,Credit Card,Delivered,5,2024-03-03,2024-03-12,3.0
13258,1394,2024-03-03,Credit Card,Delivered,5,2024-03-05,2024-03-10,
13259,2289,2024-03-03,Credit Card,Delivered,5,2024-03-03,2024-03-06,4.0
13260,2830,2024-03-03,Debit Card,Delivered,5,2024-03-04,2024-03-08,5.0
13261,2994,2024-03-03,UPI,Delivered,5,2024-03-05,2024-03-11,5.0
13262,2706,2024-03-03,Credit Card,Returned,5,2024-03-03,2024-03-05,4.0
13263,2551,2024-03-03,COD,Delivered,5,2024-03-05,2024-03-08,4.0
13264,1800,2024-03-03,Credit Card,Delivered,5,2024-03-05,2024-03-09,
13265,2384,2024-03-03,Debit Card,Delivered,5,2024-03-05,2024-03-07,5.0
13266,2320,2024-03-03,Credit Card,Delivered,5,2024-03-04,2024-03-08,4.0
13267,2300,2024-03-04,Credit Card,Delivered,5,2024-03-04,2024-03-08,5.0
13268,2763,2024-03-04,UPI,Delivered,5,2024-03-06,2024-03-09,
13269,1731,2024-03-04,Debit Card,Delivered,5,2024-03-04,2024-03-08,
13270,2720,2024-03-04,Credit Card,Delivered,5,2024-03-06,2024-03-09,
13271,348,2024-03-04,UPI,Delivered,5,2024-03-04,2024-03-09,
13272,16,2024-03-04,UPI,Delivered,5,2024-03-06,2024-03-08,3.0
13273,871,2024-03-04,UPI,Delivered,5,2024-03-04,2024-03-08,
13274,2204,2024-03-04,Credit Card,Delivered,5,2024-03-05,2024-03-10,
13275,1531,2024-03-04,UPI,Cancelled,5,,,
13276,428,2024-03-04,COD,Delivered,5,2024-03-05,2024-03-08,4.0
13277,1348,2024-03-05,Net Banking,Delivered,5,2024-03-05,2024-03-09,5.0
13278,2166,2024-03-05,Net Banking,Delivered,5,2024-03-07,2024-03-11,
13279,657,2024-03-05,UPI,Delivered,5,2024-03-06,2024-03-11,4.0
13280,508,2024-03-05,Credit Card,Cancelled,5,,,
13281,714,2024-03-06,COD,Delivered,5,2024-03-08,2024-03-10,5.0
13282,624,2024-03-06,Debit Card,Delivered,5,2024-03-07,2024-03-09,
13283,10,2024-03-06,UPI,Delivered,5,2024-03-07,2024-03-11,5.0
13284,2142,2024-03-06,COD,Delivered,5,2024-03-08,2024-03-13,4.0
13285,2882,2024-03-06,Credit Card,Delivered,5,2024-03-06,2024-03-10,
13286,1136,2024-03-06,Debit Card,Returned,5,2024-03-06,2024-03-11,5.0
13287,1923,2024-03-06,Net Banking,Delivered,5,2024-03-07,2024-03-10,
13288,2759,2024-03-06,Net Banking,Delivered,5,2024-03-08,2024-03-11,
13289,2387,2024-03-06,Credit Card,Delivered,5,2024-03-08,2024-03-11,4.0
13290,707,2024-03-06,UPI,Delivered,5,2024-03-06,2024-03-11,5.0
13291,2445,2024-03-07,Debit Card,Delivered,5,2024-03-07,2024-03-11,4.0
13292,1384,2024-03-07,Debit Card,Cancelled,5,,,
13293,2075,2024-03-07,Credit Card,Delivered,5,2024-03-07,2024-03-11,
13294,1504,2024-03-07,Credit Card,Delivered,5,2024-03-08,2024-03-12,
13295,2884,2024-03-07,Credit Card,Delivered,5,2024-03-08,2024-03-12,
13296,1631,2024-03-07,Credit Card,Delivered,5,2024-03-07,2024-03-12,4.0
13297,469,2024-03-07,Net Banking,Delivered,5,2024-03-09,2024-03-12,
13298,526,2024-03-07,COD,Delivered,5,2024-03-09,2024-03-15,4.0
13299,1805,2024-03-07,UPI,Delivered,5,2024-03-07,2024-03-12,4.0
13300,1286,2024-03-07,Credit Card,Delivered,5,2024-03-09,2024-03-11,4.0
13301,354,2024-03-07,Credit Card,Cancelled,5,,,
13302,2965,2024-03-08,Credit Card,Delivered,5,2024-03-08,2024-03-12,5.0
13303,405,2024-03-08,UPI,Cancelled,5,,,
13304,1217,2024-03-08,Debit Card,Delivered,5,2024-03-08,2024-03-16,3.0
13305,1953,2024-03-08,Debit Card,Delivered,5,2024-03-09,2024-03-13,4.0
13306,892,2024-03-08,Credit Card,Delivered,5,2024-03-09,2024-03-16,3.0
13307,2322,2024-03-08,COD,Delivered,5,2024-03-08,2024-03-13,
13308,230,2024-03-08,Net Banking,Delivered,5,2024-03-09,2024-03-13,3.0
13309,195,2024-03-08,COD,Cancelled,5,,,
13310,2483,2024-03-08,COD,Delivered,5,2024-03-08,2024-03-12,
13311,1412,2024-03-08,Credit Card,Delivered,5,2024-03-08,2024-03-14,3.0
13312,41,2024-03-09,COD,Delivered,5,2024-03-10,2024-03-15,5.0
13313,1090,2024-03-09,COD,Delivered,5,2024-03-11,2024-03-14,4.0
13314,213,2024-03-09,Debit Card,Delivered,5,2024-03-10,2024-03-13,4.0
13315,928,2024-03-09,UPI,Delivered,5,2024-03-10,2024-03-14,
13316,134,2024-03-09,UPI,Delivered,5,2024-03-11,2024-03-15,4.0
13317,1320,2024-03-09,Credit Card,Delivered,5,2024-03-10,2024-03-14,4.0
13318,1606,2024-03-09,Debit Card,Delivered,5,2024-03-11,2024-03-14,5.0
13319,905,2024-03-09,Credit Card,Delivered,5,2024-03-10,2024-03-17,3.0
13320,2286,2024-03-09,COD,Delivered,5,2024-03-09,2024-03-12,
13321,2623,2024-03-09,COD,Delivered,5,2024-03-10,2024-03-13,5.0
13322,1045,2024-03-10,UPI,Delivered,5,2024-03-12,2024-03-15,4.0
13323,718,2024-03-10,UPI,Delivered,5,2024-03-11,2024-03-17,3.0
13324,318,2024-03-10,Debit Card,Returned,5,2024-03-11,2024-03-21,3.0
13325,1900,2024-03-10,UPI,Delivered,5,2024-03-10,2024-03-15,
13326,2090,2024-03-10,COD,Delivered,5,2024-03-11,2024-03-14,
13327,2432,2024-03-10,COD,Delivered,5,2024-03-12,2024-03-15,4.0
13328,1498,2024-03-10,Credit Card,Delivered,5,2024-03-10,2024-03-15,5.0
13329,2416,2024-03-10,Credit Card,Delivered,5,2024-03-11,2024-03-16,5.0
13330,365,2024-03-11,COD,Delivered,5,2024-03-13,2024-03-19,4.0
13331,1806,2024-03-11,COD,Delivered,5,2024-03-13,2024-03-17,5.0
13332,2713,2024-03-11,Credit Card,Delivered,5,2024-03-13,2024-03-16,5.0
13333,2803,2024-03-11,Net Banking,Delivered,5,2024-03-11,2024-03-15,
13334,208,2024-03-11,Credit Card,Delivered,5,2024-03-11,2024-03-14,
13335,696,2024-03-11,UPI,Delivered,5,2024-03-12,2024-03-22,2.0
13336,2616,2024-03-11,Credit Card,Delivered,5,2024-03-11,2024-03-15,4.0
13337,896,2024-03-11,COD,Delivered,5,2024-03-11,2024-03-13,5.0
13338,1236,2024-03-11,Net Banking,Delivered,5,2024-03-12,2024-03-16,4.0
13339,1884,2024-03-11,UPI,Delivered,5,2024-03-11,2024-03-18,3.0
13340,2711,2024-03-12,Credit Card,Delivered,5,2024-03-14,2024-03-19,5.0
13341,2585,2024-03-12,Credit Card,Delivered,5,2024-03-14,2024-03-19,4.0
13342,2865,2024-03-12,COD,Delivered,5,2024-03-14,2024-03-18,4.0
13343,1640,2024-03-12,Debit Card,Delivered,5,2024-03-14,2024-03-17,
13344,921,2024-03-12,UPI,Delivered,5,2024-03-12,2024-03-15,
13345,1526,2024-03-12,COD,Delivered,5,2024-03-14,2024-03-20,5.0
13346,875,2024-03-12,Debit Card,Delivered,5,2024-03-14,2024-03-18,
13347,2454,2024-03-12,COD,Delivered,5,2024-03-12,2024-03-15,5.0
13348,1293,2024-03-13,COD,Delivered,5,2024-03-14,2024-03-17,5.0
13349,2996,2024-03-13,UPI,Delivered,5,2024-03-15,2024-03-18,5.0
13350,234,2024-03-13,Net Banking,Delivered,5,2024-03-14,2024-03-18,4.0
13351,2154,2024-03-13,Credit Card,Delivered,5,2024-03-15,2024-03-20,
13352,1182,2024-03-13,Net Banking,Delivered,5,2024-03-13,2024-03-19,4.0
13353,929,2024-03-13,UPI,Delivered,5,2024-03-14,2024-03-19,5.0
13354,2747,2024-03-13,COD,Cancelled,5,,,
13355,2917,2024-03-13,UPI,Delivered,5,2024-03-15,2024-03-21,4.0
13356,1402,2024-03-13,UPI,Delivered,5,2024-03-14,2024-03-17,5.0
13357,2910,2024-03-13,Net Banking,Returned,5,2024-03-13,2024-03-16,5.0
13358,725,2024-03-14,UPI,Delivered,5,2024-03-16,2024-03-22,3.0
13359,2472,2024-03-14,UPI,Delivered,5,2024-03-15,2024-03-20,4.0
13360,2667,2024-03-14,COD,Delivered,5,2024-03-16,2024-03-20,4.0
13361,412,2024-03-14,Credit Card,Delivered,5,2024-03-16,2024-03-20,
13362,1152,2024-03-14,Credit Card,Returned,5,2024-03-16,2024-03-19,4.0
13363,1944,2024-03-14,Net Banking,Returned,5,2024-03-14,2024-03-18,5.0
13364,2641,2024-03-14,Credit Card,Delivered,5,2024-03-15,2024-03-20,
13365,2139,2024-03-15,UPI,Delivered,5,2024-03-15,2024-03-18,4.0
13366,460,2024-03-15,Debit Card,Delivered,5,2024-03-16,2024-03-20,4.0
13367,2877,2024-03-15,Debit Card,Delivered,5,2024-03-16,2024-03-20,5.0
13368,1764,2024-03-15,UPI,Delivered,5,2024-03-16,2024-03-20,
13369,2993,2024-03-15,Credit Card,Delivered,5,2024-03-15,2024-03-20,
13370,2332,2024-03-16,UPI,Returned,5,2024-03-17,2024-03-20,3.0
13371,1418,2024-03-16,UPI,Delivered,5,2024-03-17,2024-03-21,
13372,590,2024-03-16,UPI,Delivered,5,2024-03-16,2024-03-20,4.0
13373,2864,2024-03-16,COD,Delivered,5,2024-03-16,2024-03-19,5.0
13374,1192,2024-03-16,UPI,Cancelled,5,,,
13375,1265,2024-03-16,UPI,Delivered,5,2024-03-17,2024-03-22,5.0
13376,1308,2024-03-16,Net Banking,Delivered,5,2024-03-16,2024-03-19,5.0
13377,788,2024-03-16,UPI,Delivered,5,2024-03-16,2024-03-19,4.0
13378,1864,2024-03-17,Net Banking,Delivered,5,2024-03-19,2024-03-23,4.0
13379,1771,2024-03-17,COD,Delivered,5,2024-03-17,2024-03-22,5.0
13380,1294,2024-03-17,Credit Card,Delivered,5,2024-03-19,2024-03-23,5.0
13381,1613,2024-03-17,UPI,Returned,5,2024-03-17,2024-03-22,4.0
13382,1692,2024-03-17,UPI,Delivered,5,2024-03-17,2024-03-19,
13383,1660,2024-03-17,UPI,Delivered,5,2024-03-19,2024-03-22,5.0
13384,1394,2024-03-17,UPI,Delivered,5,2024-03-17,2024-03-20,
13385,2644,2024-03-17,Credit Card,Delivered,5,2024-03-19,2024-03-24,4.0
13386,2229,2024-03-17,UPI,Delivered,5,2024-03-19,2024-03-22,5.0
13387,2076,2024-03-17,COD,Delivered,5,2024-03-19,2024-03-22,4.0
13388,450,2024-03-17,UPI,Delivered,5,2024-03-18,2024-03-21,4.0
13389,2713,2024-03-18,Credit Card,Delivered,5,2024-03-20,2024-03-24,5.0
13390,2689,2024-03-18,UPI,Cancelled,5,,,
13391,2144,2024-03-18,UPI,Delivered,5,2024-03-18,2024-03-23,5.0
13392,2234,2024-03-18,COD,Delivered,5,2024-03-18,2024-03-21,4.0
13393,1137,2024-03-18,Debit Card,Returned,5,2024-03-18,2024-03-21,
13394,2567,2024-03-18,UPI,Delivered,5,2024-03-20,2024-03-24,5.0
13395,1586,2024-03-18,Credit Card,Delivered,5,2024-03-19,2024-03-24,5.0
13396,728,2024-03-18,Credit Card,Delivered,5,2024-03-19,2024-03-22,5.0
13397,2657,2024-03-19,COD,Delivered,5,2024-03-21,2024-03-25,5.0
13398,63,2024-03-19,UPI,Delivered,5,2024-03-20,2024-03-26,5.0
13399,1030,2024-03-19,Debit Card,Delivered,5,2024-03-21,2024-03-24,5.0
13400,1136,2024-03-19,UPI,Delivered,5,2024-03-21,2024-03-26,
13401,2248,2024-03-19,Credit Card,Delivered,5,2024-03-19,2024-03-24,5.0
13402,2759,2024-03-19,Credit Card,Delivered,5,2024-03-21,2024-03-24,4.0
13403,755,2024-03-19,UPI,Delivered,5,2024-03-19,2024-03-22,
13404,640,2024-03-19,Credit Card,Delivered,5,2024-03-21,2024-03-25,5.0
13405,442,2024-03-19,Credit Card,Delivered,5,2024-03-20,2024-03-23,5.0
13406,1280,2024-03-20,UPI,Delivered,5,2024-03-22,2024-03-25,4.0
13407,1285,2024-03-20,Net Banking,Delivered,5,2024-03-20,2024-03-24,4.0
13408,1402,2024-03-20,UPI,Delivered,5,2024-03-22,2024-03-24,5.0
13409,289,2024-03-20,COD,Cancelled,5,,,
13410,2469,2024-03-20,Credit Card,Returned,5,2024-03-22,2024-03-25,4.0
13411,875,2024-03-20,UPI,Cancelled,5,,,
13412,1966,2024-03-20,UPI,Delivered,5,2024-03-22,2024-03-27,4.0
13413,9,2024-03-21,Debit Card,Delivered,5,2024-03-21,2024-03-23,5.0
13414,951,2024-03-21,COD,Delivered,5,2024-03-21,2024-03-24,5.0
13415,36,2024-03-21,Debit Card,Delivered,5,2024-03-21,2024-03-24,
13416,412,2024-03-21,UPI,Delivered,5,2024-03-23,2024-03-26,
13417,616,2024-03-21,UPI,Delivered,5,2024-03-22,2024-03-26,4.0
13418,2604,2024-03-21,COD,Delivered,5,2024-03-23,2024-03-27,4.0
13419,1655,2024-03-21,COD,Delivered,5,2024-03-22,2024-03-25,4.0
13420,2133,2024-03-21,UPI,Delivered,5,2024-03-22,2024-03-25,5.0
13421,6,2024-03-21,COD,Cancelled,5,,,
13422,2425,2024-03-21,Debit Card,Delivered,5,2024-03-22,2024-03-26,5.0
13423,2565,2024-03-22,Credit Card,Delivered,5,2024-03-24,2024-03-29,4.0
13424,2063,2024-03-22,Debit Card,Delivered,5,2024-03-23,2024-03-26,5.0
13425,636,2024-03-22,UPI,Delivered,5,2024-03-24,2024-03-29,
13426,693,2024-03-22,UPI,Delivered,5,2024-03-23,2024-03-26,5.0
13427,736,2024-03-22,Debit Card,Delivered,5,2024-03-23,2024-03-26,
13428,1401,2024-03-22,Net Banking,Delivered,5,2024-03-22,2024-03-25,5.0
13429,1767,2024-03-23,Credit Card,Delivered,5,2024-03-23,2024-03-26,4.0
13430,70,2024-03-23,UPI,Delivered,5,2024-03-24,2024-04-02,2.0
13431,2099,2024-03-23,UPI,Delivered,5,2024-03-24,2024-03-27,
13432,2486,2024-03-23,Credit Card,Delivered,5,2024-03-24,2024-03-31,
13433,1625,2024-03-23,Debit Card,Delivered,5,2024-03-24,2024-03-28,
13434,419,2024-03-23,UPI,Delivered,5,2024-03-24,2024-03-29,5.0
13435,565,2024-03-23,UPI,Delivered,5,2024-03-25,2024-03-29,5.0
13436,1569,2024-03-23,Debit Card,Delivered,5,2024-03-25,2024-04-01,4.0
13437,1588,2024-03-24,UPI,Delivered,5,2024-03-24,2024-03-27,
13438,2279,2024-03-24,Credit Card,Delivered,5,2024-03-24,2024-03-29,
13439,2369,2024-03-24,Debit Card,Delivered,5,2024-03-26,2024-03-28,3.0
13440,962,2024-03-24,UPI,Delivered,5,2024-03-26,2024-03-30,
13441,507,2024-03-24,Credit Card,Cancelled,5,,,
13442,940,2024-03-24,UPI,Delivered,5,2024-03-25,2024-04-01,
13443,415,2024-03-24,UPI,Cancelled,5,,,
13444,2623,2024-03-24,COD,Delivered,5,2024-03-26,2024-03-28,5.0
13445,341,2024-03-24,Debit Card,Delivered,5,2024-03-25,2024-03-28,5.0
13446,1493,2024-03-24,UPI,Delivered,5,2024-03-24,2024-03-26,4.0
13447,2131,2024-03-25,UPI,Delivered,5,2024-03-27,2024-04-02,3.0
13448,2638,2024-03-25,UPI,Delivered,5,2024-03-25,2024-03-28,
13449,1155,2024-03-25,COD,Delivered,5,2024-03-25,2024-03-28,
13450,1426,2024-03-25,COD,Delivered,5,2024-03-26,2024-03-29,5.0
13451,35,2024-03-25,Debit Card,Delivered,5,2024-03-25,2024-04-01,2.0
13452,2157,2024-03-25,UPI,Delivered,5,2024-03-26,2024-03-31,5.0
13453,1500,2024-03-25,COD,Delivered,5,2024-03-26,2024-04-04,
13454,1971,2024-03-25,COD,Delivered,5,2024-03-27,2024-03-30,4.0
13455,428,2024-03-26,UPI,Delivered,5,2024-03-26,2024-03-30,5.0
13456,2647,2024-03-26,UPI,Delivered,5,2024-03-27,2024-03-31,
13457,1811,2024-03-26,Credit Card,Delivered,5,2024-03-28,2024-04-01,
13458,2050,2024-03-26,Credit Card,Delivered,5,2024-03-27,2024-03-31,4.0
13459,1939,2024-03-26,UPI,Delivered,5,2024-03-26,2024-03-30,3.0
13460,620,2024-03-26,UPI,Delivered,5,2024-03-28,2024-03-31,
13461,339,2024-03-26,Debit Card,Delivered,5,2024-03-26,2024-03-30,
13462,936,2024-03-26,Debit Card,Delivered,5,2024-03-26,2024-03-28,5.0
13463,2736,2024-03-26,Credit Card,Delivered,5,2024-03-27,2024-03-30,
13464,83,2024-03-26,Credit Card,Delivered,5,2024-03-26,2024-04-02,3.0
13465,2270,2024-03-26,UPI,Delivered,5,2024-03-27,2024-03-30,
13466,727,2024-03-27,Credit Card,Delivered,5,2024-03-29,2024-04-02,5.0
13467,698,2024-03-27,COD,Delivered,5,2024-03-28,2024-04-01,
13468,633,2024-03-27,Credit Card,Cancelled,5,,,
13469,735,2024-03-27,COD,Delivered,5,2024-03-28,2024-04-01,4.0
13470,2844,2024-03-27,Debit Card,Delivered,5,2024-03-28,2024-03-30,
13471,2461,2024-03-27,COD,Delivered,5,2024-03-29,2024-04-03,5.0
13472,2466,2024-03-28,Credit Card,Delivered,5,2024-03-29,2024-04-01,5.0
13473,1621,2024-03-28,UPI,Delivered,5,2024-03-28,2024-04-05,2.0
13474,2911,2024-03-28,COD,Delivered,5,2024-03-28,2024-03-31,5.0
13475,2972,2024-03-28,Debit Card,Delivered,5,2024-03-29,2024-04-04,
13476,1012,2024-03-28,COD,Delivered,5,2024-03-29,2024-04-01,4.0
13477,1237,2024-03-28,Debit Card,Cancelled,5,,,
13478,975,2024-03-28,Credit Card,Delivered,5,2024-03-28,2024-03-31,4.0
13479,1468,2024-03-28,UPI,Delivered,5,2024-03-30,2024-04-02,3.0
13480,2710,2024-03-29,UPI,Delivered,5,2024-03-29,2024-04-02,
13481,2766,2024-03-29,Credit Card,Delivered,5,2024-03-30,2024-04-08,2.0
13482,1868,2024-03-29,COD,Delivered,5,2024-03-29,2024-04-01,4.0
13483,442,2024-03-29,COD,Delivered,5,2024-03-29,2024-04-05,4.0
13484,1991,2024-03-29,Credit Card,Delivered,5,2024-03-29,2024-04-05,4.0
13485,1102,2024-03-30,Credit Card,Delivered,5,2024-03-31,2024-04-02,4.0
13486,2569,2024-03-30,UPI,Delivered,5,2024-04-01,2024-04-04,4.0
13487,2641,2024-03-30,UPI,Delivered,5,2024-03-31,2024-04-06,
13488,1077,2024-03-30,Net Banking,Delivered,5,2024-04-01,2024-04-06,4.0
13489,1628,2024-03-30,COD,Delivered,5,2024-04-01,2024-04-05,5.0
13490,373,2024-03-30,Credit Card,Cancelled,5,,,
13491,2513,2024-03-30,COD,Delivered,5,2024-04-01,2024-04-03,3.0
13492,1898,2024-03-30,UPI,Delivered,5,2024-03-31,2024-04-03,
13493,526,2024-03-30,Net Banking,Delivered,5,2024-03-31,2024-04-04,5.0
13494,1280,2024-03-31,Debit Card,Delivered,5,2024-04-01,2024-04-04,5.0
13495,1919,2024-03-31,UPI,Cancelled,5,,,
13496,1764,2024-03-31,Debit Card,Delivered,5,2024-03-31,2024-04-03,
13497,1378,2024-03-31,UPI,Delivered,5,2024-03-31,2024-04-02,5.0
13498,1722,2024-03-31,Debit Card,Delivered,5,2024-03-31,2024-04-04,
13499,1110,2024-03-31,UPI,Delivered,5,2024-04-02,2024-04-04,4.0
13500,398,2024-03-31,UPI,Delivered,5,2024-04-01,2024-04-06,5.0
13501,1750,2024-03-31,Debit Card,Delivered,5,2024-04-01,2024-04-06,
13502,145,2024-04-01,Credit Card,Delivered,5,2024-04-01,2024-04-04,3.0
13503,2861,2024-04-01,UPI,Delivered,5,2024-04-01,2024-04-04,4.0
13504,694,2024-04-01,COD,Delivered,5,2024-04-03,2024-04-07,
13505,1426,2024-04-01,UPI,Delivered,5,2024-04-03,2024-04-06,4.0
13506,2432,2024-04-01,Debit Card,Delivered,5,2024-04-03,2024-04-07,4.0
13507,1114,2024-04-02,Debit Card,Delivered,5,2024-04-04,2024-04-08,
13508,2984,2024-04-02,UPI,Delivered,5,2024-04-04,2024-04-08,5.0
13509,2098,2024-04-02,Net Banking,Delivered,5,2024-04-04,2024-04-08,4.0
13510,1777,2024-04-02,Credit Card,Delivered,5,2024-04-04,2024-04-10,
13510,1777,2024-04-02,Credit Card,Delivered,5,2024-04-04,2024-04-10,
13511,16,2024-04-02,UPI,Delivered,5,2024-04-03,2024-04-07,
13512,1495,2024-04-02,Credit Card,Delivered,5,2024-04-02,2024-04-06,5.0
13513,1284,2024-04-02,Debit Card,Cancelled,5,,,
13514,902,2024-04-02,UPI,Delivered,5,2024-04-03,2024-04-06,5.0
13515,2528,2024-04-02,UPI,Delivered,5,2024-04-02,2024-04-04,4.0
13516,215,2024-04-02,Credit Card,Delivered,5,2024-04-02,2024-04-04,4.0
13517,2925,2024-04-02,Debit Card,Delivered,5,2024-04-04,2024-04-08,5.0
13518,413,2024-04-02,UPI,Delivered,5,2024-04-03,2024-04-07,4.0
13519,1599,2024-04-02,UPI,Delivered,5,2024-04-03,2024-04-08,4.0
13520,988,2024-04-03,UPI,Delivered,5,2024-04-04,2024-04-11,4.0
13521,1207,2024-04-03,UPI,Delivered,5,2024-04-03,2024-04-07,
13522,1308,2024-04-03,Debit Card,Delivered,5,2024-04-03,2024-04-05,4.0
13523,900,2024-04-03,UPI,Delivered,5,2024-04-05,2024-04-10,5.0
13524,1656,2024-04-03,UPI,Delivered,5,2024-04-05,2024-04-09,
13525,912,2024-04-03,UPI,Delivered,5,2024-04-05,2024-04-08,4.0
13526,2332,2024-04-03,Debit Card,Delivered,5,2024-04-03,2024-04-06,5.0
13527,2749,2024-04-04,Credit Card,Delivered,5,2024-04-04,2024-04-10,4.0
13528,1924,2024-04-04,UPI,Delivered,5,2024-04-04,2024-04-08,5.0
13529,2574,2024-04-04,Debit Card,Delivered,5,2024-04-06,2024-04-11,5.0
13530,2538,2024-04-04,Debit Card,Delivered,5,2024-04-06,2024-04-08,4.0
13531,365,2024-04-05,UPI,Delivered,5,2024-04-07,2024-04-09,4.0
13532,2857,2024-04-05,UPI,Delivered,5,2024-04-05,2024-04-09,4.0
13533,2151,2024-04-05,UPI,Delivered,5,2024-04-06,2024-04-10,
13534,565,2024-04-05,COD,Delivered,5,2024-04-05,2024-04-10,
13535,851,2024-04-05,UPI,Returned,5,2024-04-06,2024-04-11,3.0
13536,301,2024-04-05,UPI,Delivered,5,2024-04-05,2024-04-09,5.0
13537,911,2024-04-05,Credit Card,Cancelled,5,,,
13538,198,2024-04-05,Credit Card,Delivered,5,2024-04-06,2024-04-09,5.0
13539,2330,2024-04-05,COD,Delivered,5,2024-04-05,2024-04-08,
13540,1455,2024-04-05,UPI,Delivered,5,2024-04-07,2024-04-10,5.0
13541,30,2024-04-05,UPI,Delivered,5,2024-04-05,2024-04-07,4.0
13542,870,2024-04-05,Debit Card,Delivered,5,2024-04-07,2024-04-09,4.0
13543,868,2024-04-05,Debit Card,Delivered,5,2024-04-05,2024-04-09,5.0
13544,81,2024-04-06,Net Banking,Delivered,5,2024-04-08,2024-04-13,5.0
13545,808,2024-04-06,Debit Card,Delivered,5,2024-04-07,2024-04-10,4.0
13546,1325,2024-04-06,Credit Card,Delivered,5,2024-04-07,2024-04-12,
13547,340,2024-04-06,UPI,Delivered,5,2024-04-06,2024-04-12,
13548,1157,2024-04-06,Net Banking,Delivered,5,2024-04-08,2024-04-11,4.0
13549,2498,2024-04-06,Debit Card,Delivered,5,2024-04-08,2024-04-10,4.0
13550,2732,2024-04-07,UPI,Delivered,5,2024-04-09,2024-04-12,4.0
13551,2177,2024-04-07,Credit Card,Delivered,5,2024-04-09,2024-04-12,4.0
13552,1875,2024-04-07,Credit Card,Delivered,5,2024-04-09,2024-04-14,
13553,999,2024-04-07,UPI,Delivered,5,2024-04-09,2024-04-13,3.0
13554,1081,2024-04-07,Debit Card,Delivered,5,2024-04-07,2024-04-12,
13555,1925,2024-04-07,Debit Card,Delivered,5,2024-04-09,2024-04-13,4.0
13556,1457,2024-04-07,UPI,Delivered,5,2024-04-08,2024-04-13,5.0
13557,296,2024-04-07,Net Banking,Delivered,5,2024-04-07,2024-04-10,5.0
13558,483,2024-04-07,Net Banking,Delivered,5,2024-04-07,2024-04-10,
13559,2975,2024-04-07,UPI,Delivered,5,2024-04-07,2024-04-11,4.0
13560,2308,2024-04-07,Credit Card,Delivered,5,2024-04-08,2024-04-15,3.0
13561,660,2024-04-07,COD,Delivered,5,2024-04-09,2024-04-14,3.0
13562,2142,2024-04-08,UPI,Delivered,5,2024-04-10,2024-04-15,4.0
13563,2221,2024-04-08,Net Banking,Delivered,5,2024-04-10,2024-04-13,4.0
13564,1812,2024-04-08,UPI,Delivered,5,2024-04-10,2024-04-13,3.0
13565,522,2024-04-08,Debit Card,Delivered,5,2024-04-08,2024-04-11,4.0
13566,1877,2024-04-08,Credit Card,Delivered,5,2024-04-10,2024-04-15,
13567,771,2024-04-08,UPI,Delivered,5,2024-04-09,2024-04-13,5.0
13568,2850,2024-04-08,Debit Card,Delivered,5,2024-04-08,2024-04-13,
13569,1580,2024-04-08,UPI,Delivered,5,2024-04-09,2024-04-12,5.0
13570,97,2024-04-08,UPI,Delivered,5,2024-04-09,2024-04-13,3.0
13571,2204,2024-04-08,UPI,Delivered,5,2024-04-09,2024-04-12,
13572,1312,2024-04-08,UPI,Delivered,5,2024-04-10,2024-04-14,
13572,1312,2024-04-08,UPI,Delivered,5,2024-04-10,2024-04-14,
13573,1294,2024-04-08,UPI,Delivered,5,2024-04-08,2024-04-11,
13574,2755,2024-04-08,UPI,Delivered,5,2024-04-08,2024-04-12,5.0
13575,2645,2024-04-08,UPI,Delivered,5,2024-04-10,2024-04-16,4.0
13576,2726,2024-04-08,UPI,Delivered,5,2024-04-08,2024-04-12,5.0
13577,1725,2024-04-08,UPI,Delivered,5,2024-04-10,2024-04-14,5.0
13578,675,2024-04-09,COD,Delivered,5,2024-04-10,2024-04-13,4.0
13579,2972,2024-04-09,UPI,Delivered,5,2024-04-11,2024-04-15,4.0
13580,242,2024-04-09,Debit Card,Delivered,5,2024-04-11,2024-04-13,4.0
13581,995,2024-04-09,UPI,Delivered,5,2024-04-09,2024-04-15,
13582,901,2024-04-09,UPI,Cancelled,5,,,
13583,392,2024-04-09,Credit Card,Delivered,5,2024-04-09,2024-04-12,4.0
13584,1998,2024-04-09,UPI,Delivered,5,2024-04-09,2024-04-12,5.0
13585,564,2024-04-09,Credit Card,Delivered,5,2024-04-10,2024-04-12,5.0
13586,829,2024-04-09,Debit Card,Delivered,5,2024-04-10,2024-04-18,
13587,674,2024-04-09,UPI,Delivered,5,2024-04-11,2024-04-13,5.0
13588,1734,2024-04-10,UPI,Delivered,5,2024-04-12,2024-04-15,4.0
13589,1394,2024-04-10,COD,Delivered,5,2024-04-11,2024-04-14,
13590,1127,2024-04-10,UPI,Delivered,5,2024-04-11,2024-04-15,4.0
13591,2120,2024-04-10,COD,Delivered,5,2024-04-11,2024-04-14,5.0
13592,1280,2024-04-10,Credit Card,Cancelled,5,,,
13593,407,2024-04-10,UPI,Delivered,5,2024-04-11,2024-04-16,4.0
13594,693,2024-04-10,UPI,Cancelled,5,,,
13595,1694,2024-04-10,UPI,Delivered,5,2024-04-11,2024-04-16,
13596,2461,2024-04-10,Credit Card,Delivered,5,2024-04-11,2024-04-15,4.0
13597,726,2024-04-10,Net Banking,Delivered,5,2024-04-12,2024-04-17,5.0
13598,935,2024-04-10,UPI,Delivered,5,2024-04-11,2024-04-14,5.0
13599,2064,2024-04-11,Net Banking,Delivered,5,2024-04-11,2024-04-15,4.0
13600,2429,2024-04-11,UPI,Delivered,5,2024-04-11,2024-04-17,3.0
13601,2188,2024-04-11,UPI,Delivered,5,2024-04-11,2024-04-14,5.0
13602,2291,2024-04-11,Credit Card,Delivered,5,2024-04-13,2024-04-17,5.0
13603,2280,2024-04-11,Net Banking,Cancelled,5,,,
13604,2101,2024-04-11,Credit Card,Delivered,5,2024-04-13,2024-04-18,5.0
13605,2858,2024-04-12,COD,Delivered,5,2024-04-14,2024-04-18,5.0
13606,2513,2024-04-12,Credit Card,Delivered,5,2024-04-12,2024-04-17,5.0
13607,657,2024-04-12,COD,Delivered,5,2024-04-12,2024-04-17,5.0
13608,945,2024-04-12,COD,Delivered,5,2024-04-13,2024-04-18,
13609,2494,2024-04-12,Debit Card,Delivered,5,2024-04-13,2024-04-16,5.0
13610,309,2024-04-12,Debit Card,Delivered,5,2024-04-13,2024-04-15,3.0
13611,84,2024-04-12,Credit Card,Delivered,5,2024-04-13,2024-04-17,4.0
13612,1418,2024-04-12,Net Banking,Delivered,5,2024-04-13,2024-04-20,
13613,1826,2024-04-12,Credit Card,Delivered,5,2024-04-12,2024-04-18,4.0
13614,1412,2024-04-13,UPI,Delivered,5,2024-04-14,2024-04-18,5.0
13615,356,2024-04-13,COD,Delivered,5,2024-04-14,2024-04-18,5.0
13616,318,2024-04-13,Debit Card,Delivered,5,2024-04-14,2024-04-20,
13617,724,2024-04-13,Credit Card,Delivered,5,2024-04-15,2024-04-25,2.0
13618,1586,2024-04-13,Debit Card,Delivered,5,2024-04-14,2024-04-18,3.0
13619,470,2024-04-13,UPI,Delivered,5,2024-04-15,2024-04-18,
13620,1178,2024-04-13,Credit Card,Delivered,5,2024-04-13,2024-04-18,5.0
13621,1907,2024-04-14,UPI,Delivered,5,2024-04-15,2024-04-21,3.0
13622,2359,2024-04-14,COD,Delivered,5,2024-04-16,2024-04-23,5.0
13623,1348,2024-04-14,Debit Card,Delivered,5,2024-04-14,2024-04-18,5.0
13624,1194,2024-04-14,COD,Delivered,5,2024-04-15,2024-04-19,
13625,198,2024-04-14,UPI,Delivered,5,2024-04-16,2024-04-21,4.0
13626,1851,2024-04-14,Net Banking,Delivered,5,2024-04-14,2024-04-18,4.0
13627,2766,2024-04-14,UPI,Delivered,5,2024-04-16,2024-04-19,
13628,1045,2024-04-14,UPI,Delivered,5,2024-04-15,2024-04-18,5.0
13629,2904,2024-04-14,Net Banking,Returned,5,2024-04-15,2024-04-18,5.0
13630,22,2024-04-15,Debit Card,Delivered,5,2024-04-15,2024-04-18,
13631,1699,2024-04-15,COD,Delivered,5,2024-04-15,2024-04-20,
13632,56,2024-04-15,Debit Card,Delivered,5,2024-04-16,2024-04-21,
13632,56,2024-04-15,Debit Card,Delivered,5,2024-04-16,2024-04-21,
13633,112,2024-04-15,UPI,Delivered,5,2024-04-15,2024-04-18,4.0
13634,2887,2024-04-15,UPI,Delivered,5,2024-04-15,2024-04-18,
13635,902,2024-04-15,COD,Delivered,5,2024-04-16,2024-04-21,4.0
13636,1627,2024-04-15,Credit Card,Delivered,5,2024-04-16,2024-04-20,4.0
13637,582,2024-04-15,Debit Card,Delivered,5,2024-04-17,2024-04-21,5.0
13638,1935,2024-04-16,UPI,Delivered,5,2024-04-17,2024-04-23,4.0
13639,1542,2024-04-16,UPI,Delivered,5,2024-04-17,2024-04-22,4.0
13640,2289,2024-04-17,COD,Delivered,5,2024-04-18,2024-04-21,
13641,2656,2024-04-17,Net Banking,Delivered,5,2024-04-19,2024-04-26,4.0
13642,1337,2024-04-17,UPI,Delivered,5,2024-04-18,2024-04-21,4.0
13643,2636,2024-04-17,UPI,Delivered,5,2024-04-19,2024-04-23,4.0
13644,1158,2024-04-17,UPI,Delivered,5,2024-04-19,2024-04-22,4.0
13645,1138,2024-04-17,UPI,Delivered,5,2024-04-17,2024-04-22,4.0
13646,684,2024-04-17,COD,Delivered,5,2024-04-19,2024-04-24,4.0
13647,2347,2024-04-18,Credit Card,Delivered,5,2024-04-19,2024-04-23,
13648,1755,2024-04-18,UPI,Delivered,5,2024-04-19,2024-04-22,4.0
13649,964,2024-04-18,COD,Delivered,5,2024-04-18,2024-04-20,
13650,1631,2024-04-18,COD,Delivered,5,2024-04-19,2024-04-22,4.0
13651,219,2024-04-18,UPI,Delivered,5,2024-04-19,2024-04-23,4.0
13652,2670,2024-04-18,COD,Delivered,5,2024-04-20,2024-04-23,4.0
13653,511,2024-04-18,Credit Card,Delivered,5,2024-04-18,2024-04-22,
13654,16,2024-04-18,UPI,Delivered,5,2024-04-19,2024-04-22,4.0
13655,1552,2024-04-18,COD,Cancelled,5,,,
13656,526,2024-04-18,UPI,Delivered,5,2024-04-19,2024-04-24,
13657,2306,2024-04-19,Net Banking,Delivered,5,2024-04-19,2024-04-22,
13658,30,2024-04-19,Debit Card,Delivered,5,2024-04-21,2024-04-24,4.0
13659,377,2024-04-19,COD,Delivered,5,2024-04-20,2024-04-27,4.0
13660,1762,2024-04-19,UPI,Delivered,5,2024-04-19,2024-04-23,5.0
13661,186,2024-04-19,UPI,Delivered,5,2024-04-21,2024-04-23,5.0
13662,2356,2024-04-20,COD,Cancelled,5,,,
13663,2462,2024-04-20,COD,Delivered,5,2024-04-22,2024-04-26,5.0
13664,365,2024-04-20,COD,Delivered,5,2024-04-22,2024-04-25,
13665,2597,2024-04-20,UPI,Delivered,5,2024-04-22,2024-04-26,4.0
13666,1017,2024-04-20,Debit Card,Delivered,5,2024-04-21,2024-04-24,4.0
13667,961,2024-04-20,UPI,Cancelled,5,,,
13668,945,2024-04-20,UPI,Delivered,5,2024-04-21,2024-04-26,5.0
13669,341,2024-04-21,Credit Card,Delivered,5,2024-04-23,2024-04-26,4.0
13670,1930,2024-04-21,Debit Card,Delivered,5,2024-04-21,2024-04-24,5.0
13671,1463,2024-04-21,Credit Card,Delivered,5,2024-04-23,2024-04-27,
13672,2687,2024-04-21,UPI,Delivered,5,2024-04-23,2024-04-29,4.0
13673,2567,2024-04-21,COD,Delivered,5,2024-04-21,2024-04-25,
13674,405,2024-04-21,Net Banking,Delivered,5,2024-04-23,2024-04-30,
13675,2899,2024-04-21,UPI,Delivered,5,2024-04-22,2024-04-29,3.0
13676,758,2024-04-21,COD,Delivered,5,2024-04-22,2024-04-25,
13677,1971,2024-04-21,COD,Delivered,5,2024-04-22,2024-04-26,5.0
13678,908,2024-04-21,UPI,Delivered,5,2024-04-21,2024-04-24,3.0
13679,1743,2024-04-21,Debit Card,Delivered,5,2024-04-21,2024-04-25,5.0
13680,559,2024-04-21,COD,Delivered,5,2024-04-22,2024-04-25,5.0
13681,1763,2024-04-21,Debit Card,Delivered,5,2024-04-23,2024-04-28,5.0
13682,1748,2024-04-22,UPI,Delivered,5,2024-04-22,2024-04-29,4.0
13683,2399,2024-04-22,Debit Card,Delivered,5,2024-04-23,2024-04-26,4.0
13684,1237,2024-04-22,COD,Delivered,5,2024-04-23,2024-04-26,
13684,1237,2024-04-22,COD,Delivered,5,2024-04-23,2024-04-26,
13685,1982,2024-04-22,Debit Card,Delivered,5,2024-04-24,2024-04-28,4.0
13686,1826,2024-04-22,UPI,Delivered,5,2024-04-24,2024-04-28,5.0
13687,1715,2024-04-22,UPI,Delivered,5,2024-04-23,2024-04-27,5.0
13688,1790,2024-04-22,COD,Delivered,5,2024-04-24,2024-04-30,
13689,871,2024-04-22,Credit Card,Delivered,5,2024-04-22,2024-04-25,4.0
13690,2136,2024-04-23,Net Banking,Delivered,5,2024-04-25,2024-04-29,
13691,337,2024-04-23,UPI,Delivered,5,2024-04-25,2024-04-27,5.0
13692,599,2024-04-23,COD,Delivered,5,2024-04-24,2024-04-28,4.0
13693,2176,2024-04-23,UPI,Delivered,5,2024-04-25,2024-04-29,
13694,2617,2024-04-23,COD,Delivered,5,2024-04-23,2024-04-29,4.0
13695,2303,2024-04-23,COD,Delivered,5,2024-04-24,2024-04-27,5.0
13696,2742,2024-04-23,UPI,Delivered,5,2024-04-25,2024-04-28,5.0
13697,442,2024-04-23,UPI,Delivered,5,2024-04-23,2024-04-28,
13698,2227,2024-04-23,COD,Delivered,5,2024-04-25,2024-04-29,5.0
13699,2064,2024-04-23,COD,Delivered,5,2024-04-25,2024-04-29,
13700,1507,2024-04-24,Credit Card,Delivered,5,2024-04-25,2024-05-01,5.0
13701,2672,2024-04-24,Credit Card,Delivered,5,2024-04-26,2024-04-30,5.0
13702,469,2024-04-24,COD,Delivered,5,2024-04-24,2024-04-27,
13703,2637,2024-04-24,COD,Delivered,5,2024-04-25,2024-04-30,
13704,2324,2024-04-24,UPI,Delivered,5,2024-04-26,2024-04-30,3.0
13705,1217,2024-04-24,Credit Card,Cancelled,5,,,
13706,1388,2024-04-24,UPI,Delivered,5,2024-04-24,2024-04-28,5.0
13707,483,2024-04-24,COD,Delivered,5,2024-04-26,2024-04-29,3.0
13708,2740,2024-04-24,COD,Delivered,5,2024-04-26,2024-04-28,4.0
13709,811,2024-04-24,UPI,Delivered,5,2024-04-25,2024-05-02,
13710,2438,2024-04-24,UPI,Delivered,5,2024-04-26,2024-05-01,5.0
13711,2020,2024-04-25,UPI,Delivered,5,2024-04-25,2024-05-02,3.0
13712,1721,2024-04-25,UPI,Delivered,5,2024-04-25,2024-04-29,4.0
13713,1241,2024-04-25,Net Banking,Delivered,5,2024-04-27,2024-05-01,4.0
13714,2766,2024-04-25,COD,Delivered,5,2024-04-25,2024-04-29,5.0
13715,1165,2024-04-25,Credit Card,Delivered,5,2024-04-27,2024-05-02,
13716,1433,2024-04-25,UPI,Delivered,5,2024-04-25,2024-04-28,
13717,452,2024-04-26,UPI,Delivered,5,2024-04-27,2024-04-30,5.0
13718,2759,2024-04-26,Debit Card,Delivered,5,2024-04-28,2024-05-01,5.0
13719,2188,2024-04-26,UPI,Delivered,5,2024-04-26,2024-05-01,5.0
13720,2998,2024-04-26,UPI,Delivered,5,2024-04-26,2024-04-29,
13721,1828,2024-04-26,Net Banking,Delivered,5,2024-04-28,2024-05-03,5.0
13722,133,2024-04-26,Credit Card,Delivered,5,2024-04-27,2024-04-29,4.0
13723,2511,2024-04-26,COD,Delivered,5,2024-04-28,2024-04-30,4.0
13724,1337,2024-04-26,UPI,Delivered,5,2024-04-27,2024-04-30,5.0
13725,2946,2024-04-27,UPI,Delivered,5,2024-04-29,2024-05-04,5.0
13726,348,2024-04-27,COD,Delivered,5,2024-04-28,2024-05-04,
13727,2507,2024-04-27,COD,Cancelled,5,,,
13728,858,2024-04-27,Debit Card,Delivered,5,2024-04-29,2024-05-03,4.0
13729,2517,2024-04-27,Credit Card,Delivered,5,2024-04-29,2024-05-05,4.0
13730,1966,2024-04-27,UPI,Cancelled,5,,,
13731,457,2024-04-27,Credit Card,Delivered,5,2024-04-29,2024-05-05,4.0
13732,1553,2024-04-27,UPI,Delivered,5,2024-04-27,2024-05-01,4.0
13733,1852,2024-04-27,UPI,Delivered,5,2024-04-29,2024-05-04,4.0
13734,1824,2024-04-27,Credit Card,Delivered,5,2024-04-28,2024-05-03,4.0
13735,1167,2024-04-27,UPI,Delivered,5,2024-04-28,2024-05-01,5.0
13736,28,2024-04-28,UPI,Delivered,5,2024-04-30,2024-05-04,5.0
13737,2382,2024-04-28,UPI,Delivered,5,2024-04-29,2024-05-02,4.0
13738,1774,2024-04-28,UPI,Delivered,5,2024-04-29,2024-05-03,5.0
13739,872,2024-04-28,COD,Delivered,5,2024-04-29,2024-05-04,5.0
13740,156,2024-04-28,Net Banking,Delivered,5,2024-04-28,2024-05-03,4.0
13741,1842,2024-04-28,UPI,Delivered,5,2024-04-28,2024-05-01,5.0
13742,1014,2024-04-29,UPI,Delivered,5,2024-04-30,2024-05-04,
13743,594,2024-04-29,COD,Delivered,5,2024-05-01,2024-05-06,
13744,2480,2024-04-29,UPI,Delivered,5,2024-04-29,2024-05-02,4.0
13745,398,2024-04-29,COD,Delivered,5,2024-05-01,2024-05-06,4.0
13746,1443,2024-04-29,UPI,Delivered,5,2024-05-01,2024-05-06,4.0
13747,2557,2024-04-29,Debit Card,Delivered,5,2024-04-30,2024-05-04,5.0
13748,1971,2024-04-29,UPI,Delivered,5,2024-04-29,2024-05-02,4.0
13749,2933,2024-04-29,COD,Delivered,5,2024-05-01,2024-05-05,4.0
13750,23,2024-04-29,Credit Card,Delivered,5,2024-05-01,2024-05-04,5.0
13751,51,2024-04-29,UPI,Delivered,5,2024-04-29,2024-05-04,4.0
13752,1713,2024-04-29,UPI,Delivered,5,2024-04-30,2024-05-04,
13753,1927,2024-04-29,Credit Card,Delivered,5,2024-04-30,2024-05-04,
13754,2396,2024-04-30,Net Banking,Delivered,5,2024-05-01,2024-05-07,
13755,2863,2024-04-30,Credit Card,Returned,5,2024-04-30,2024-05-07,
13756,1038,2024-04-30,UPI,Delivered,5,2024-04-30,2024-05-04,5.0
13757,169,2024-04-30,Credit Card,Delivered,5,2024-05-02,2024-05-04,
13758,655,2024-04-30,UPI,Delivered,5,2024-04-30,2024-05-04,4.0
13759,289,2024-04-30,COD,Delivered,5,2024-05-02,2024-05-05,5.0
13760,2221,2024-04-30,COD,Delivered,5,2024-04-30,2024-05-02,4.0
13761,562,2024-04-30,UPI,Delivered,5,2024-05-02,2024-05-05,4.0
13762,912,2024-04-30,Credit Card,Delivered,5,2024-05-02,2024-05-05,4.0
13763,1067,2024-05-01,Debit Card,Delivered,5,2024-05-03,2024-05-08,5.0
13764,1250,2024-05-01,UPI,Delivered,5,2024-05-03,2024-05-06,
13765,1982,2024-05-01,Debit Card,Delivered,5,2024-05-03,2024-05-08,4.0
13766,290,2024-05-02,Credit Card,Delivered,5,2024-05-02,2024-05-07,5.0
13767,2320,2024-05-02,Credit Card,Delivered,5,2024-05-04,2024-05-07,5.0
13768,793,2024-05-02,Credit Card,Delivered,5,2024-05-04,2024-05-07,4.0
13769,1743,2024-05-02,Credit Card,Delivered,5,2024-05-03,2024-05-06,
13770,2906,2024-05-02,Debit Card,Cancelled,5,,,
13771,789,2024-05-02,Credit Card,Delivered,5,2024-05-04,2024-05-13,
13772,1375,2024-05-02,Debit Card,Delivered,5,2024-05-04,2024-05-06,4.0
13773,1046,2024-05-02,Credit Card,Delivered,5,2024-05-04,2024-05-09,5.0
13774,1368,2024-05-02,Debit Card,Delivered,5,2024-05-04,2024-05-09,
13775,2178,2024-05-02,UPI,Delivered,5,2024-05-04,2024-05-08,5.0
13776,553,2024-05-02,Credit Card,Cancelled,5,,,
13777,1767,2024-05-02,Credit Card,Delivered,5,2024-05-04,2024-05-11,3.0
13778,2432,2024-05-02,UPI,Delivered,5,2024-05-03,2024-05-08,5.0
13779,2385,2024-05-02,UPI,Delivered,5,2024-05-03,2024-05-09,
13780,2025,2024-05-02,Credit Card,Delivered,5,2024-05-03,2024-05-05,
13781,1699,2024-05-02,UPI,Delivered,5,2024-05-02,2024-05-05,
13782,507,2024-05-02,UPI,Delivered,5,2024-05-04,2024-05-06,4.0
13783,271,2024-05-03,UPI,Cancelled,5,,,
13784,1436,2024-05-03,Debit Card,Delivered,5,2024-05-03,2024-05-05,5.0
13785,1876,2024-05-03,Net Banking,Delivered,5,2024-05-05,2024-05-09,3.0
13786,381,2024-05-03,COD,Delivered,5,2024-05-04,2024-05-07,5.0
13787,2099,2024-05-03,Net Banking,Delivered,5,2024-05-04,2024-05-07,5.0
13788,476,2024-05-03,Net Banking,Delivered,5,2024-05-05,2024-05-10,5.0
13789,2114,2024-05-04,UPI,Delivered,5,2024-05-05,2024-05-09,
13790,2264,2024-05-04,UPI,Delivered,5,2024-05-04,2024-05-07,5.0
13791,1580,2024-05-04,UPI,Delivered,5,2024-05-04,2024-05-10,4.0
13792,2131,2024-05-04,UPI,Delivered,5,2024-05-05,2024-05-10,
13793,2419,2024-05-04,COD,Delivered,5,2024-05-06,2024-05-08,3.0
13794,35,2024-05-04,COD,Delivered,5,2024-05-04,2024-05-09,
13795,1353,2024-05-04,Debit Card,Delivered,5,2024-05-05,2024-05-07,
13796,928,2024-05-04,COD,Delivered,5,2024-05-05,2024-05-08,5.0
13797,84,2024-05-04,Debit Card,Cancelled,5,,,
13798,1069,2024-05-05,Credit Card,Delivered,5,2024-05-05,2024-05-07,4.0
13799,923,2024-05-05,UPI,Delivered,5,2024-05-06,2024-05-11,
13800,451,2024-05-05,Net Banking,Cancelled,5,,,
13801,2973,2024-05-05,Debit Card,Delivered,5,2024-05-06,2024-05-11,3.0
13802,2688,2024-05-05,UPI,Delivered,5,2024-05-07,2024-05-13,5.0
13803,1358,2024-05-05,UPI,Delivered,5,2024-05-07,2024-05-12,
13804,2303,2024-05-05,COD,Delivered,5,2024-05-05,2024-05-08,5.0
13805,1937,2024-05-05,COD,Delivered,5,2024-05-06,2024-05-11,5.0
13806,52,2024-05-05,Credit Card,Delivered,5,2024-05-05,2024-05-09,5.0
13807,1615,2024-05-05,Net Banking,Delivered,5,2024-05-06,2024-05-09,
13808,567,2024-05-05,UPI,Delivered,5,2024-05-05,2024-05-08,4.0
13809,889,2024-05-05,Net Banking,Delivered,5,2024-05-05,2024-05-09,
13810,681,2024-05-06,Debit Card,Delivered,5,2024-05-06,2024-05-12,4.0
13811,870,2024-05-06,Debit Card,Delivered,5,2024-05-06,2024-05-09,4.0
13812,1164,2024-05-06,COD,Delivered,5,2024-05-07,2024-05-13,
13813,522,2024-05-06,COD,Delivered,5,2024-05-08,2024-05-12,5.0
13814,219,2024-05-06,UPI,Delivered,5,2024-05-06,2024-05-09,5.0
13815,1405,2024-05-07,COD,Delivered,5,2024-05-09,2024-05-14,4.0
13816,999,2024-05-07,Credit Card,Delivered,5,2024-05-08,2024-05-12,4.0
13817,2755,2024-05-07,UPI,Delivered,5,2024-05-09,2024-05-14,4.0
13818,419,2024-05-07,Debit Card,Delivered,5,2024-05-07,2024-05-11,4.0
13819,1493,2024-05-07,Credit Card,Delivered,5,2024-05-08,2024-05-13,5.0
13820,193,2024-05-07,Credit Card,Delivered,5,2024-05-07,2024-05-10,
13821,133,2024-05-07,UPI,Delivered,5,2024-05-08,2024-05-11,
13822,2932,2024-05-08,UPI,Delivered,5,2024-05-10,2024-05-16,4.0
13822,2932,2024-05-08,UPI,Delivered,5,2024-05-10,2024-05-16,4.0
13823,186,2024-05-08,UPI,Delivered,5,2024-05-08,2024-05-11,5.0
13824,2717,2024-05-08,COD,Delivered,5,2024-05-10,2024-05-13,5.0
13825,2657,2024-05-08,UPI,Returned,5,2024-05-10,2024-05-14,5.0
13826,1660,2024-05-08,Debit Card,Returned,5,2024-05-08,2024-05-10,5.0
13827,2984,2024-05-08,Credit Card,Delivered,5,2024-05-09,2024-05-12,5.0
13828,1388,2024-05-09,UPI,Delivered,5,2024-05-10,2024-05-13,
13829,2208,2024-05-09,UPI,Delivered,5,2024-05-09,2024-05-12,4.0
13830,1408,2024-05-09,UPI,Delivered,5,2024-05-09,2024-05-15,5.0
13831,162,2024-05-09,COD,Delivered,5,2024-05-10,2024-05-12,4.0
13832,2511,2024-05-09,Net Banking,Delivered,5,2024-05-11,2024-05-14,
13833,355,2024-05-09,UPI,Delivered,5,2024-05-10,2024-05-14,3.0
13834,2851,2024-05-10,UPI,Delivered,5,2024-05-12,2024-05-19,3.0
13835,376,2024-05-10,Debit Card,Delivered,5,2024-05-11,2024-05-17,3.0
13836,2099,2024-05-10,UPI,Delivered,5,2024-05-11,2024-05-14,
13837,134,2024-05-10,Credit Card,Delivered,5,2024-05-12,2024-05-17,
13838,1817,2024-05-10,Credit Card,Delivered,5,2024-05-12,2024-05-15,5.0
13839,2567,2024-05-10,Debit Card,Delivered,5,2024-05-11,2024-05-16,
13840,1992,2024-05-10,UPI,Delivered,5,2024-05-12,2024-05-18,
13841,406,2024-05-10,COD,Delivered,5,2024-05-10,2024-05-14,4.0
13842,2766,2024-05-10,Credit Card,Delivered,5,2024-05-10,2024-05-12,
13843,78,2024-05-10,UPI,Delivered,5,2024-05-10,2024-05-12,4.0
13844,1354,2024-05-10,COD,Delivered,5,2024-05-12,2024-05-16,5.0
13845,1046,2024-05-10,UPI,Delivered,5,2024-05-11,2024-05-16,
13846,1586,2024-05-10,UPI,Returned,5,2024-05-10,2024-05-20,3.0
13847,2188,2024-05-10,UPI,Delivered,5,2024-05-10,2024-05-15,5.0
13848,2458,2024-05-10,Debit Card,Delivered,5,2024-05-10,2024-05-14,3.0
13849,289,2024-05-10,Credit Card,Delivered,5,2024-05-11,2024-05-14,
13850,868,2024-05-11,Credit Card,Delivered,5,2024-05-12,2024-05-15,4.0
13851,2166,2024-05-11,UPI,Returned,5,2024-05-11,2024-05-18,3.0
13852,2007,2024-05-11,UPI,Delivered,5,2024-05-11,2024-05-19,4.0
13853,1982,2024-05-11,UPI,Delivered,5,2024-05-13,2024-05-16,
13854,2604,2024-05-11,Credit Card,Delivered,5,2024-05-11,2024-05-15,4.0
13855,1167,2024-05-11,UPI,Delivered,5,2024-05-13,2024-05-19,
13856,2811,2024-05-11,Credit Card,Delivered,5,2024-05-11,2024-05-17,5.0
13857,1951,2024-05-12,Debit Card,Delivered,5,2024-05-14,2024-05-17,5.0
13858,1263,2024-05-12,Debit Card,Delivered,5,2024-05-14,2024-05-19,4.0
13859,2372,2024-05-12,Debit Card,Delivered,5,2024-05-12,2024-05-15,4.0
13860,451,2024-05-12,Credit Card,Delivered,5,2024-05-12,2024-05-17,
13861,2241,2024-05-12,UPI,Delivered,5,2024-05-12,2024-05-15,
13862,2178,2024-05-12,Debit Card,Delivered,5,2024-05-13,2024-05-17,4.0
13863,1898,2024-05-13,UPI,Delivered,5,2024-05-13,2024-05-17,5.0
13864,562,2024-05-13,Debit Card,Delivered,5,2024-05-13,2024-05-17,5.0
13865,1504,2024-05-14,Credit Card,Delivered,5,2024-05-14,2024-05-18,
13866,2845,2024-05-14,Credit Card,Returned,5,2024-05-16,2024-05-18,5.0
13867,2857,2024-05-14,COD,Delivered,5,2024-05-14,2024-05-17,4.0
13868,1384,2024-05-14,UPI,Returned,5,2024-05-14,2024-05-18,4.0
13869,1815,2024-05-14,UPI,Delivered,5,2024-05-14,2024-05-18,4.0
13870,788,2024-05-14,COD,Delivered,5,2024-05-15,2024-05-18,4.0
13871,2264,2024-05-14,UPI,Delivered,5,2024-05-14,2024-05-18,4.0
13872,2025,2024-05-14,UPI,Delivered,5,2024-05-15,2024-05-18,4.0
13873,1473,2024-05-14,UPI,Delivered,5,2024-05-16,2024-05-24,
13874,1762,2024-05-14,Credit Card,Delivered,5,2024-05-16,2024-05-19,5.0
13875,672,2024-05-15,Credit Card,Delivered,5,2024-05-16,2024-05-20,5.0
13876,526,2024-05-15,COD,Delivered,5,2024-05-17,2024-05-21,5.0
13877,1996,2024-05-15,Debit Card,Delivered,5,2024-05-15,2024-05-19,
13878,1305,2024-05-15,Credit Card,Delivered,5,2024-05-15,2024-05-19,4.0
13879,1777,2024-05-15,COD,Delivered,5,2024-05-15,2024-05-20,4.0
13880,1163,2024-05-15,COD,Delivered,5,2024-05-15,2024-05-20,5.0
13881,1520,2024-05-15,UPI,Delivered,5,2024-05-16,2024-05-19,5.0
13882,2801,2024-05-15,Credit Card,Delivered,5,2024-05-16,2024-05-21,4.0
13883,1165,2024-05-15,UPI,Delivered,5,2024-05-15,2024-05-19,5.0
13884,2763,2024-05-15,UPI,Cancelled,5,,,
13885,1921,2024-05-15,COD,Delivered,5,2024-05-15,2024-05-20,
13886,1287,2024-05-15,COD,Delivered,5,2024-05-17,2024-05-20,4.0
13887,609,2024-05-16,COD,Delivered,5,2024-05-17,2024-05-19,5.0
13888,339,2024-05-16,Credit Card,Delivered,5,2024-05-16,2024-05-19,5.0
13889,2020,2024-05-16,UPI,Delivered,5,2024-05-18,2024-05-22,4.0
13890,2032,2024-05-16,UPI,Delivered,5,2024-05-18,2024-05-25,
13891,1764,2024-05-16,UPI,Delivered,5,2024-05-18,2024-05-21,
13892,743,2024-05-16,UPI,Delivered,5,2024-05-16,2024-05-21,4.0
13893,802,2024-05-16,Credit Card,Delivered,5,2024-05-17,2024-05-22,4.0
13894,2347,2024-05-16,Debit Card,Returned,5,2024-05-16,2024-05-19,4.0
13895,781,2024-05-16,UPI,Delivered,5,2024-05-17,2024-05-20,
13896,623,2024-05-16,UPI,Delivered,5,2024-05-18,2024-05-21,
13897,2742,2024-05-16,UPI,Delivered,5,2024-05-16,2024-05-20,4.0
13898,655,2024-05-16,COD,Delivered,5,2024-05-18,2024-05-27,4.0
13899,528,2024-05-16,UPI,Delivered,5,2024-05-16,2024-05-20,
13900,327,2024-05-16,UPI,Delivered,5,2024-05-16,2024-05-19,5.0
13901,1552,2024-05-16,Credit Card,Delivered,5,2024-05-16,2024-05-20,
13902,1258,2024-05-16,UPI,Delivered,5,2024-05-18,2024-05-22,
13903,1152,2024-05-16,UPI,Delivered,5,2024-05-16,2024-05-19,
13904,947,2024-05-16,COD,Returned,5,2024-05-16,2024-05-22,5.0
13905,2911,2024-05-17,UPI,Delivered,5,2024-05-17,2024-05-20,
13906,2790,2024-05-17,UPI,Delivered,5,2024-05-19,2024-05-22,5.0
13907,1315,2024-05-17,UPI,Delivered,5,2024-05-18,2024-05-20,5.0
13908,2369,2024-05-17,UPI,Delivered,5,2024-05-17,2024-05-20,5.0
13909,2745,2024-05-17,COD,Delivered,5,2024-05-18,2024-05-21,5.0
13910,2257,2024-05-17,Debit Card,Delivered,5,2024-05-17,2024-05-25,3.0
13911,1284,2024-05-17,Credit Card,Delivered,5,2024-05-19,2024-05-24,4.0
13912,624,2024-05-18,Credit Card,Delivered,5,2024-05-20,2024-05-23,4.0
13913,457,2024-05-18,UPI,Delivered,5,2024-05-20,2024-05-26,3.0
13914,2270,2024-05-18,UPI,Delivered,5,2024-05-18,2024-05-21,4.0
13915,2672,2024-05-18,UPI,Delivered,5,2024-05-19,2024-05-23,4.0
13916,581,2024-05-18,COD,Delivered,5,2024-05-19,2024-05-24,
13917,2933,2024-05-18,COD,Returned,5,2024-05-18,2024-05-22,5.0
13918,1335,2024-05-18,UPI,Delivered,5,2024-05-20,2024-05-23,
13919,1057,2024-05-19,COD,Delivered,5,2024-05-20,2024-05-23,5.0
13920,247,2024-05-19,UPI,Delivered,5,2024-05-19,2024-05-22,5.0
13921,1874,2024-05-19,UPI,Delivered,5,2024-05-21,2024-05-25,5.0
13922,2447,2024-05-19,UPI,Delivered,5,2024-05-21,2024-05-24,5.0
13923,1340,2024-05-20,UPI,Delivered,5,2024-05-20,2024-05-23,5.0
13924,2759,2024-05-20,UPI,Delivered,5,2024-05-21,2024-05-27,5.0
13925,1212,2024-05-20,COD,Delivered,5,2024-05-20,2024-05-22,
13926,606,2024-05-20,UPI,Delivered,5,2024-05-20,2024-05-26,4.0
13927,369,2024-05-20,UPI,Delivered,5,2024-05-22,2024-05-28,
13928,1043,2024-05-20,UPI,Delivered,5,2024-05-20,2024-05-23,5.0
13929,1678,2024-05-20,UPI,Delivered,5,2024-05-21,2024-05-23,4.0
13930,1279,2024-05-20,UPI,Delivered,5,2024-05-20,2024-05-26,5.0
13931,934,2024-05-21,UPI,Delivered,5,2024-05-21,2024-05-26,
13932,448,2024-05-21,UPI,Delivered,5,2024-05-22,2024-05-28,4.0
13933,2458,2024-05-21,UPI,Delivered,5,2024-05-22,2024-05-26,4.0
13934,1634,2024-05-21,UPI,Delivered,5,2024-05-22,2024-05-24,
13935,1016,2024-05-21,Debit Card,Delivered,5,2024-05-22,2024-05-28,
13936,722,2024-05-21,Net Banking,Delivered,5,2024-05-23,2024-05-26,5.0
13937,2184,2024-05-21,UPI,Delivered,5,2024-05-21,2024-05-25,4.0
13938,940,2024-05-21,Debit Card,Delivered,5,2024-05-22,2024-05-29,3.0
13939,1895,2024-05-22,Debit Card,Cancelled,5,,,
13940,1586,2024-05-22,Credit Card,Delivered,5,2024-05-23,2024-05-26,4.0
13941,995,2024-05-22,Debit Card,Delivered,5,2024-05-23,2024-05-26,5.0
13942,2582,2024-05-22,Credit Card,Delivered,5,2024-05-24,2024-05-27,5.0
13943,2961,2024-05-22,COD,Delivered,5,2024-05-23,2024-05-25,
13944,817,2024-05-22,UPI,Delivered,5,2024-05-23,2024-05-26,
13945,1881,2024-05-23,Credit Card,Delivered,5,2024-05-24,2024-05-29,4.0
13946,281,2024-05-23,Debit Card,Delivered,5,2024-05-25,2024-05-30,3.0
13947,2115,2024-05-23,COD,Cancelled,5,,,
13948,615,2024-05-24,Credit Card,Delivered,5,2024-05-25,2024-05-29,
13949,2560,2024-05-24,Net Banking,Delivered,5,2024-05-24,2024-05-28,
13950,1860,2024-05-24,Debit Card,Delivered,5,2024-05-26,2024-05-29,4.0
13951,514,2024-05-24,Debit Card,Cancelled,5,,,
13952,1992,2024-05-24,COD,Delivered,5,2024-05-26,2024-05-28,5.0
13953,230,2024-05-24,Debit Card,Cancelled,5,,,
13954,2801,2024-05-24,Credit Card,Delivered,5,2024-05-25,2024-05-30,5.0
13955,789,2024-05-24,COD,Delivered,5,2024-05-24,2024-05-27,
13956,2035,2024-05-25,UPI,Delivered,5,2024-05-26,2024-05-29,4.0
13957,1985,2024-05-25,COD,Delivered,5,2024-05-27,2024-05-29,5.0
13958,1759,2024-05-25,COD,Delivered,5,2024-05-25,2024-05-28,5.0
13959,1088,2024-05-25,Debit Card,Delivered,5,2024-05-25,2024-06-01,
13960,657,2024-05-26,UPI,Delivered,5,2024-05-27,2024-06-01,
13961,1262,2024-05-26,UPI,Delivered,5,2024-05-27,2024-06-02,
13961,1262,2024-05-26,UPI,Delivered,5,2024-05-27,2024-06-02,
13962,957,2024-05-26,UPI,Delivered,5,2024-05-27,2024-05-30,5.0
13963,2091,2024-05-26,UPI,Delivered,5,2024-05-26,2024-05-29,
13964,2539,2024-05-26,Debit Card,Delivered,5,2024-05-27,2024-05-30,4.0
13965,2369,2024-05-26,COD,Delivered,5,2024-05-27,2024-05-30,
13966,135,2024-05-27,Debit Card,Delivered,5,2024-05-27,2024-05-31,4.0
13967,740,2024-05-27,UPI,Delivered,5,2024-05-28,2024-05-31,5.0
13968,736,2024-05-27,Net Banking,Delivered,5,2024-05-29,2024-06-03,4.0
13969,2533,2024-05-27,COD,Delivered,5,2024-05-27,2024-06-01,4.0
13970,1672,2024-05-27,Debit Card,Delivered,5,2024-05-27,2024-06-03,3.0
13971,1493,2024-05-27,UPI,Delivered,5,2024-05-28,2024-05-31,5.0
13972,1378,2024-05-27,Debit Card,Delivered,5,2024-05-29,2024-06-03,
13973,804,2024-05-27,UPI,Delivered,5,2024-05-27,2024-06-02,4.0
13974,811,2024-05-27,UPI,Delivered,5,2024-05-29,2024-06-03,5.0
13975,962,2024-05-28,Debit Card,Delivered,5,2024-05-29,2024-06-03,4.0
13976,1443,2024-05-28,Debit Card,Delivered,5,2024-05-28,2024-06-01,4.0
13977,2354,2024-05-28,UPI,Delivered,5,2024-05-29,2024-06-01,3.0
13978,1415,2024-05-28,COD,Delivered,5,2024-05-29,2024-06-03,
13979,2808,2024-05-28,COD,Delivered,5,2024-05-29,2024-06-02,
13980,97,2024-05-28,Credit Card,Delivered,5,2024-05-29,2024-06-01,5.0
13981,1613,2024-05-28,UPI,Delivered,5,2024-05-28,2024-06-02,4.0
13982,646,2024-05-28,UPI,Delivered,5,2024-05-30,2024-06-02,5.0
13983,1294,2024-05-28,Debit Card,Delivered,5,2024-05-28,2024-06-01,4.0
13984,2875,2024-05-29,COD,Delivered,5,2024-05-31,2024-06-02,
13985,528,2024-05-29,Credit Card,Delivered,5,2024-05-31,2024-06-04,
13986,2338,2024-05-29,UPI,Delivered,5,2024-05-30,2024-06-01,
13987,2678,2024-05-29,UPI,Delivered,5,2024-05-29,2024-06-01,5.0
13988,1110,2024-05-29,UPI,Delivered,5,2024-05-31,2024-06-04,4.0
13989,675,2024-05-29,Debit Card,Delivered,5,2024-05-30,2024-06-03,5.0
13990,1505,2024-05-29,Credit Card,Delivered,5,2024-05-29,2024-06-01,4.0
13991,1871,2024-05-30,UPI,Delivered,5,2024-05-30,2024-06-02,4.0
13992,2300,2024-05-30,Credit Card,Delivered,5,2024-05-31,2024-06-04,4.0
13993,785,2024-05-30,COD,Returned,5,2024-05-31,2024-06-02,5.0
13994,201,2024-05-30,Credit Card,Delivered,5,2024-05-31,2024-06-03,
13995,948,2024-05-30,UPI,Delivered,5,2024-05-30,2024-06-03,
13996,467,2024-05-30,Credit Card,Delivered,5,2024-06-01,2024-06-04,3.0
13997,937,2024-05-30,COD,Delivered,5,2024-05-30,2024-06-01,5.0
13998,877,2024-05-30,UPI,Delivered,5,2024-05-30,2024-06-04,4.0
13999,2514,2024-05-30,UPI,Returned,5,2024-06-01,2024-06-04,
14000,1804,2024-05-30,Credit Card,Delivered,5,2024-06-01,2024-06-04,4.0
14001,2805,2024-05-30,UPI,Delivered,5,2024-06-01,2024-06-04,4.0
14002,2585,2024-05-30,COD,Delivered,5,2024-05-30,2024-06-04,
14003,998,2024-05-30,Debit Card,Delivered,5,2024-05-31,2024-06-03,3.0
14004,1490,2024-05-30,UPI,Delivered,5,2024-05-30,2024-06-03,4.0
14005,170,2024-05-30,COD,Delivered,5,2024-05-31,2024-06-04,5.0
14006,361,2024-05-31,Debit Card,Delivered,5,2024-06-02,2024-06-04,4.0
14007,416,2024-05-31,Credit Card,Delivered,5,2024-05-31,2024-06-02,4.0
14008,2637,2024-05-31,UPI,Delivered,5,2024-06-01,2024-06-03,
14009,1212,2024-05-31,Debit Card,Delivered,5,2024-06-01,2024-06-04,5.0
14010,1874,2024-05-31,COD,Delivered,5,2024-06-01,2024-06-07,
14011,726,2024-05-31,UPI,Delivered,5,2024-06-02,2024-06-07,5.0
14012,1525,2024-05-31,UPI,Delivered,5,2024-06-02,2024-06-07,5.0
14013,1495,2024-05-31,COD,Delivered,5,2024-05-31,2024-06-03,5.0
14014,632,2024-06-01,UPI,Delivered,5,2024-06-02,2024-06-08,4.0
14015,421,2024-06-01,UPI,Delivered,5,2024-06-03,2024-06-11,
14016,2270,2024-06-01,UPI,Delivered,5,2024-06-01,2024-06-06,
14017,2721,2024-06-01,Debit Card,Delivered,5,2024-06-02,2024-06-05,4.0
14018,2858,2024-06-01,Debit Card,Delivered,5,2024-06-02,2024-06-05,
14019,2077,2024-06-01,UPI,Delivered,5,2024-06-01,2024-06-06,
14020,2911,2024-06-01,UPI,Delivered,5,2024-06-03,2024-06-06,5.0
14021,533,2024-06-01,Credit Card,Delivered,5,2024-06-02,2024-06-05,4.0
14022,2891,2024-06-01,Debit Card,Delivered,5,2024-06-01,2024-06-03,5.0
14023,1381,2024-06-01,UPI,Delivered,5,2024-06-01,2024-06-05,
14024,2787,2024-06-02,Credit Card,Delivered,5,2024-06-02,2024-06-07,5.0
14025,1795,2024-06-02,Credit Card,Delivered,5,2024-06-02,2024-06-04,5.0
14026,2148,2024-06-02,UPI,Delivered,5,2024-06-04,2024-06-07,4.0
14027,2961,2024-06-02,UPI,Delivered,5,2024-06-02,2024-06-07,
14028,2093,2024-06-02,COD,Delivered,5,2024-06-03,2024-06-07,3.0
14029,2133,2024-06-02,COD,Delivered,5,2024-06-03,2024-06-07,4.0
14030,1338,2024-06-02,UPI,Delivered,5,2024-06-03,2024-06-06,3.0
14031,57,2024-06-03,COD,Delivered,5,2024-06-04,2024-06-09,3.0
14032,1353,2024-06-03,Debit Card,Delivered,5,2024-06-04,2024-06-06,4.0
14033,2925,2024-06-03,Net Banking,Delivered,5,2024-06-05,2024-06-07,5.0
14034,1072,2024-06-03,Net Banking,Delivered,5,2024-06-05,2024-06-08,4.0
14035,1042,2024-06-03,Debit Card,Delivered,5,2024-06-03,2024-06-06,4.0
14036,859,2024-06-03,Credit Card,Delivered,5,2024-06-03,2024-06-06,4.0
14037,1285,2024-06-03,UPI,Delivered,5,2024-06-04,2024-06-06,5.0
14038,437,2024-06-04,Credit Card,Delivered,5,2024-06-04,2024-06-08,4.0
14039,2681,2024-06-04,UPI,Delivered,5,2024-06-05,2024-06-09,4.0
14040,624,2024-06-04,Debit Card,Delivered,5,2024-06-05,2024-06-09,5.0
14041,951,2024-06-05,UPI,Delivered,5,2024-06-06,2024-06-11,
14042,1313,2024-06-05,COD,Delivered,5,2024-06-06,2024-06-11,4.0
14043,2188,2024-06-05,Net Banking,Delivered,5,2024-06-07,2024-06-10,5.0
14044,2833,2024-06-05,UPI,Delivered,5,2024-06-05,2024-06-11,
14045,1260,2024-06-06,Debit Card,Delivered,5,2024-06-08,2024-06-14,
14046,1089,2024-06-06,COD,Delivered,5,2024-06-07,2024-06-11,4.0
14047,2875,2024-06-06,Credit Card,Delivered,5,2024-06-08,2024-06-10,5.0
14048,339,2024-06-06,COD,Delivered,5,2024-06-07,2024-06-12,4.0
14049,2709,2024-06-06,Credit Card,Delivered,5,2024-06-08,2024-06-11,5.0
14050,1797,2024-06-06,UPI,Delivered,5,2024-06-07,2024-06-09,4.0
14051,871,2024-06-07,Credit Card,Cancelled,5,,,
14052,2599,2024-06-07,Credit Card,Delivered,5,2024-06-08,2024-06-11,
14053,2725,2024-06-07,UPI,Delivered,5,2024-06-09,2024-06-16,3.0
14054,453,2024-06-07,COD,Delivered,5,2024-06-07,2024-06-10,5.0
14055,573,2024-06-07,Debit Card,Delivered,5,2024-06-09,2024-06-14,5.0
14056,1643,2024-06-08,UPI,Delivered,5,2024-06-08,2024-06-11,4.0
14057,1827,2024-06-08,Credit Card,Delivered,5,2024-06-10,2024-06-16,
14058,1464,2024-06-08,UPI,Delivered,5,2024-06-10,2024-06-17,3.0
14059,1507,2024-06-08,Credit Card,Delivered,5,2024-06-08,2024-06-12,
14060,1410,2024-06-09,Credit Card,Delivered,5,2024-06-10,2024-06-14,4.0
14061,1807,2024-06-09,UPI,Delivered,5,2024-06-10,2024-06-14,4.0
14062,1758,2024-06-09,COD,Delivered,5,2024-06-10,2024-06-16,4.0
14063,2595,2024-06-09,COD,Delivered,5,2024-06-09,2024-06-13,4.0
14064,172,2024-06-10,Credit Card,Delivered,5,2024-06-11,2024-06-14,3.0
14065,58,2024-06-10,Debit Card,Delivered,5,2024-06-12,2024-06-18,4.0
14066,477,2024-06-10,COD,Delivered,5,2024-06-11,2024-06-14,
14067,2565,2024-06-10,UPI,Delivered,5,2024-06-11,2024-06-14,5.0
14068,626,2024-06-10,UPI,Delivered,5,2024-06-12,2024-06-16,5.0
14069,510,2024-06-10,UPI,Delivered,5,2024-06-12,2024-06-16,5.0
14070,2969,2024-06-10,Credit Card,Returned,5,2024-06-12,2024-06-15,
14071,1138,2024-06-10,UPI,Delivered,5,2024-06-11,2024-06-14,
14072,2374,2024-06-10,Credit Card,Delivered,5,2024-06-10,2024-06-13,4.0
14073,402,2024-06-10,Credit Card,Delivered,5,2024-06-10,2024-06-15,
14074,2140,2024-06-11,UPI,Delivered,5,2024-06-11,2024-06-15,4.0
14075,1134,2024-06-11,UPI,Delivered,5,2024-06-11,2024-06-14,
14076,773,2024-06-11,UPI,Delivered,5,2024-06-11,2024-06-14,
14077,1804,2024-06-11,Credit Card,Delivered,5,2024-06-12,2024-06-16,5.0
14078,2449,2024-06-11,UPI,Delivered,5,2024-06-11,2024-06-13,5.0
14079,500,2024-06-11,UPI,Delivered,5,2024-06-13,2024-06-19,4.0
14080,1798,2024-06-11,UPI,Delivered,5,2024-06-12,2024-06-16,
14081,497,2024-06-11,Debit Card,Delivered,5,2024-06-11,2024-06-14,
14082,1600,2024-06-11,UPI,Cancelled,5,,,
14083,356,2024-06-11,Debit Card,Delivered,5,2024-06-11,2024-06-17,
14084,371,2024-06-11,COD,Delivered,5,2024-06-13,2024-06-17,
14085,471,2024-06-12,Credit Card,Delivered,5,2024-06-14,2024-06-17,3.0
14086,742,2024-06-12,UPI,Delivered,5,2024-06-13,2024-06-17,
14087,1619,2024-06-12,Debit Card,Delivered,5,2024-06-14,2024-06-18,5.0
14088,921,2024-06-12,UPI,Delivered,5,2024-06-12,2024-06-15,4.0
14089,2008,2024-06-12,COD,Cancelled,5,,,
14090,346,2024-06-12,COD,Delivered,5,2024-06-12,2024-06-15,5.0
14091,2740,2024-06-12,UPI,Delivered,5,2024-06-13,2024-06-15,4.0
14092,2754,2024-06-12,UPI,Delivered,5,2024-06-12,2024-06-15,4.0
14093,2148,2024-06-12,Debit Card,Delivered,5,2024-06-14,2024-06-16,5.0
14094,1721,2024-06-13,Credit Card,Delivered,5,2024-06-14,2024-06-18,5.0
14095,811,2024-06-13,UPI,Delivered,5,2024-06-15,2024-06-20,
14096,632,2024-06-13,COD,Delivered,5,2024-06-14,2024-06-21,4.0
14097,117,2024-06-13,UPI,Delivered,5,2024-06-13,2024-06-16,3.0
14098,749,2024-06-13,COD,Delivered,5,2024-06-14,2024-06-16,4.0
14099,1338,2024-06-13,COD,Delivered,5,2024-06-13,2024-06-18,4.0
14100,696,2024-06-13,UPI,Delivered,5,2024-06-13,2024-06-18,
14101,1553,2024-06-13,UPI,Delivered,5,2024-06-15,2024-06-17,
14102,1865,2024-06-14,UPI,Delivered,5,2024-06-16,2024-06-20,5.0
14103,2431,2024-06-14,COD,Delivered,5,2024-06-14,2024-06-19,
14104,1991,2024-06-14,UPI,Cancelled,5,,,
14105,97,2024-06-14,UPI,Delivered,5,2024-06-14,2024-06-18,
14106,2985,2024-06-14,Debit Card,Delivered,5,2024-06-15,2024-06-19,4.0
14107,1935,2024-06-14,UPI,Delivered,5,2024-06-15,2024-06-20,5.0
14108,2617,2024-06-14,UPI,Delivered,5,2024-06-15,2024-06-21,4.0
14109,1520,2024-06-14,COD,Delivered,5,2024-06-16,2024-06-19,4.0
14110,2705,2024-06-15,Credit Card,Delivered,5,2024-06-15,2024-06-20,5.0
14111,2035,2024-06-15,Credit Card,Delivered,5,2024-06-16,2024-06-20,5.0
14112,618,2024-06-15,UPI,Delivered,5,2024-06-17,2024-06-21,5.0
14113,972,2024-06-15,Credit Card,Delivered,5,2024-06-16,2024-06-21,
14114,565,2024-06-15,Credit Card,Delivered,5,2024-06-16,2024-06-20,5.0
14115,2861,2024-06-15,UPI,Delivered,5,2024-06-16,2024-06-20,5.0
14116,1462,2024-06-15,Net Banking,Cancelled,5,,,
14117,2143,2024-06-15,UPI,Delivered,5,2024-06-17,2024-06-21,5.0
14118,1178,2024-06-15,UPI,Delivered,5,2024-06-15,2024-06-20,
14119,2313,2024-06-15,COD,Delivered,5,2024-06-15,2024-06-20,5.0
14120,2084,2024-06-15,UPI,Delivered,5,2024-06-16,2024-06-20,4.0
14121,1021,2024-06-16,COD,Delivered,5,2024-06-17,2024-06-24,4.0
14122,1331,2024-06-16,Credit Card,Delivered,5,2024-06-17,2024-06-21,5.0
14123,958,2024-06-16,UPI,Delivered,5,2024-06-16,2024-06-21,4.0
14124,2092,2024-06-16,UPI,Delivered,5,2024-06-18,2024-06-22,5.0
14125,2372,2024-06-16,UPI,Delivered,5,2024-06-18,2024-06-22,4.0
14126,1966,2024-06-16,COD,Delivered,5,2024-06-17,2024-06-22,5.0
14127,2154,2024-06-16,COD,Delivered,5,2024-06-17,2024-06-21,3.0
14128,1912,2024-06-16,Credit Card,Delivered,5,2024-06-18,2024-06-22,4.0
14129,2101,2024-06-16,UPI,Delivered,5,2024-06-17,2024-06-23,4.0
14130,1706,2024-06-16,Credit Card,Delivered,5,2024-06-16,2024-06-20,5.0
14131,1482,2024-06-16,UPI,Delivered,5,2024-06-16,2024-06-20,4.0
14132,1855,2024-06-16,UPI,Delivered,5,2024-06-17,2024-06-22,5.0
14133,2935,2024-06-16,UPI,Delivered,5,2024-06-18,2024-06-21,4.0
14134,1253,2024-06-16,UPI,Delivered,5,2024-06-16,2024-06-22,3.0
14135,904,2024-06-16,UPI,Delivered,5,2024-06-16,2024-06-21,4.0
14136,662,2024-06-17,Debit Card,Delivered,5,2024-06-19,2024-06-23,4.0
14137,804,2024-06-17,UPI,Delivered,5,2024-06-17,2024-06-20,5.0
14138,2771,2024-06-17,UPI,Delivered,5,2024-06-18,2024-06-21,5.0
14139,1454,2024-06-17,UPI,Delivered,5,2024-06-17,2024-06-20,4.0
14140,1342,2024-06-18,Debit Card,Delivered,5,2024-06-19,2024-06-22,
14141,879,2024-06-18,Debit Card,Delivered,5,2024-06-19,2024-06-22,
14142,1724,2024-06-18,UPI,Delivered,5,2024-06-18,2024-06-23,4.0
14143,1118,2024-06-18,COD,Delivered,5,2024-06-18,2024-06-21,5.0
14144,1140,2024-06-18,Debit Card,Delivered,5,2024-06-19,2024-06-24,5.0
14145,479,2024-06-18,UPI,Delivered,5,2024-06-18,2024-06-22,5.0
14146,131,2024-06-18,UPI,Delivered,5,2024-06-19,2024-06-23,5.0
14147,2992,2024-06-18,Net Banking,Delivered,5,2024-06-20,2024-06-25,4.0
14148,2760,2024-06-18,UPI,Delivered,5,2024-06-18,2024-06-23,
14149,1927,2024-06-18,UPI,Delivered,5,2024-06-20,2024-06-25,4.0
14150,2088,2024-06-18,Credit Card,Delivered,5,2024-06-20,2024-06-23,5.0
14151,698,2024-06-18,UPI,Cancelled,5,,,
14152,776,2024-06-19,COD,Delivered,5,2024-06-20,2024-06-22,5.0
14153,2815,2024-06-19,COD,Delivered,5,2024-06-20,2024-06-23,5.0
14154,961,2024-06-19,COD,Delivered,5,2024-06-20,2024-06-28,
14155,1697,2024-06-19,Debit Card,Delivered,5,2024-06-20,2024-06-24,4.0
14156,297,2024-06-19,Debit Card,Cancelled,5,,,
14157,1119,2024-06-19,UPI,Delivered,5,2024-06-20,2024-06-24,5.0
14158,1798,2024-06-19,COD,Delivered,5,2024-06-21,2024-06-25,
14159,118,2024-06-19,UPI,Delivered,5,2024-06-21,2024-06-25,4.0
14160,2907,2024-06-19,UPI,Delivered,5,2024-06-19,2024-06-22,4.0
14161,2560,2024-06-19,Net Banking,Delivered,5,2024-06-19,2024-06-22,5.0
14162,2169,2024-06-20,Net Banking,Delivered,5,2024-06-21,2024-06-26,5.0
14163,974,2024-06-20,Credit Card,Delivered,5,2024-06-21,2024-06-27,4.0
14164,30,2024-06-20,Credit Card,Delivered,5,2024-06-22,2024-06-26,5.0
14165,100,2024-06-20,UPI,Delivered,5,2024-06-21,2024-06-25,
14166,2657,2024-06-20,Debit Card,Delivered,5,2024-06-20,2024-06-24,
14167,343,2024-06-20,UPI,Delivered,5,2024-06-22,2024-06-25,5.0
14168,1022,2024-06-20,UPI,Delivered,5,2024-06-22,2024-06-25,3.0
14169,1784,2024-06-20,UPI,Delivered,5,2024-06-20,2024-06-23,5.0
14170,1388,2024-06-20,COD,Delivered,5,2024-06-22,2024-06-29,3.0
14171,1540,2024-06-21,Net Banking,Delivered,5,2024-06-22,2024-06-25,3.0
14172,211,2024-06-21,Net Banking,Delivered,5,2024-06-21,2024-06-24,3.0
14173,1639,2024-06-21,COD,Delivered,5,2024-06-21,2024-06-27,3.0
14174,2749,2024-06-21,UPI,Delivered,5,2024-06-21,2024-06-25,5.0
14175,1871,2024-06-21,UPI,Delivered,5,2024-06-21,2024-06-24,5.0
14176,838,2024-06-21,Credit Card,Delivered,5,2024-06-23,2024-06-27,
14177,2243,2024-06-21,UPI,Delivered,5,2024-06-23,2024-06-25,5.0
14178,451,2024-06-21,Debit Card,Delivered,5,2024-06-23,2024-06-27,
14179,928,2024-06-22,UPI,Delivered,5,2024-06-23,2024-06-26,4.0
14180,553,2024-06-22,COD,Delivered,5,2024-06-22,2024-06-27,3.0
14181,2725,2024-06-22,UPI,Delivered,5,2024-06-24,2024-07-01,
14182,545,2024-06-22,UPI,Delivered,5,2024-06-24,2024-06-27,3.0
14183,392,2024-06-22,COD,Delivered,5,2024-06-23,2024-06-26,4.0
14184,1414,2024-06-22,Credit Card,Delivered,5,2024-06-22,2024-06-27,5.0
14185,2710,2024-06-22,UPI,Delivered,5,2024-06-24,2024-06-29,3.0
14186,2034,2024-06-22,Debit Card,Delivered,5,2024-06-23,2024-06-29,3.0
14187,1189,2024-06-22,Credit Card,Delivered,5,2024-06-23,2024-06-27,3.0
14188,2637,2024-06-23,UPI,Delivered,5,2024-06-25,2024-06-30,5.0
14189,2378,2024-06-23,Credit Card,Delivered,5,2024-06-23,2024-06-25,
14190,1839,2024-06-23,COD,Delivered,5,2024-06-23,2024-06-26,4.0
14191,805,2024-06-23,UPI,Delivered,5,2024-06-23,2024-06-29,
14192,2102,2024-06-23,UPI,Delivered,5,2024-06-25,2024-06-29,
14193,1520,2024-06-23,UPI,Delivered,5,2024-06-23,2024-06-29,5.0
14194,1789,2024-06-23,Credit Card,Delivered,5,2024-06-23,2024-06-26,4.0
14195,402,2024-06-23,Net Banking,Delivered,5,2024-06-23,2024-06-26,
14196,477,2024-06-23,UPI,Delivered,5,2024-06-24,2024-06-28,4.0
14197,1601,2024-06-23,COD,Delivered,5,2024-06-25,2024-06-27,
14198,2438,2024-06-24,COD,Delivered,5,2024-06-26,2024-07-01,4.0
14199,2793,2024-06-24,UPI,Delivered,5,2024-06-25,2024-06-27,5.0
14200,1855,2024-06-24,COD,Delivered,5,2024-06-24,2024-07-01,2.0
14201,1953,2024-06-24,Net Banking,Delivered,5,2024-06-25,2024-06-28,
14202,972,2024-06-24,Net Banking,Delivered,5,2024-06-26,2024-07-01,
14203,1809,2024-06-24,Debit Card,Delivered,5,2024-06-24,2024-06-28,5.0
14204,2120,2024-06-24,UPI,Delivered,5,2024-06-26,2024-06-30,
14205,1407,2024-06-24,UPI,Delivered,5,2024-06-25,2024-06-29,
14206,2836,2024-06-24,UPI,Cancelled,5,,,
14207,203,2024-06-24,Debit Card,Delivered,5,2024-06-24,2024-06-28,4.0
14208,2768,2024-06-24,UPI,Delivered,5,2024-06-26,2024-07-02,4.0
14209,1313,2024-06-24,Debit Card,Delivered,5,2024-06-26,2024-06-30,
14210,2346,2024-06-24,COD,Delivered,5,2024-06-26,2024-07-01,4.0
14211,1783,2024-06-24,UPI,Delivered,5,2024-06-25,2024-06-30,4.0
14212,1525,2024-06-25,COD,Delivered,5,2024-06-25,2024-06-28,5.0
14213,2143,2024-06-25,UPI,Delivered,5,2024-06-26,2024-06-30,5.0
14214,208,2024-06-25,UPI,Delivered,5,2024-06-26,2024-06-29,
14215,874,2024-06-25,COD,Delivered,5,2024-06-26,2024-06-30,4.0
14216,1585,2024-06-25,UPI,Delivered,5,2024-06-26,2024-06-29,5.0
14217,233,2024-06-25,UPI,Delivered,5,2024-06-26,2024-07-02,3.0
14218,309,2024-06-25,Net Banking,Returned,5,2024-06-27,2024-06-30,5.0
14219,454,2024-06-26,COD,Delivered,5,2024-06-27,2024-07-02,4.0
14220,371,2024-06-26,COD,Delivered,5,2024-06-28,2024-07-03,4.0
14221,2923,2024-06-26,UPI,Delivered,5,2024-06-26,2024-06-29,5.0
14222,2683,2024-06-26,UPI,Delivered,5,2024-06-26,2024-07-02,4.0
14223,1863,2024-06-26,UPI,Delivered,5,2024-06-28,2024-07-04,3.0
14224,958,2024-06-26,UPI,Delivered,5,2024-06-28,2024-07-01,5.0
14225,2065,2024-06-26,Net Banking,Delivered,5,2024-06-28,2024-07-02,5.0
14226,9,2024-06-26,UPI,Delivered,5,2024-06-27,2024-07-02,4.0
14227,1562,2024-06-27,COD,Delivered,5,2024-06-28,2024-07-02,5.0
14228,562,2024-06-27,UPI,Delivered,5,2024-06-28,2024-07-01,
14229,252,2024-06-27,Credit Card,Delivered,5,2024-06-29,2024-07-02,5.0
14230,2816,2024-06-27,UPI,Delivered,5,2024-06-28,2024-07-01,5.0
14231,1113,2024-06-28,UPI,Delivered,5,2024-06-30,2024-07-03,4.0
14232,1530,2024-06-28,UPI,Cancelled,5,,,
14233,2727,2024-06-28,COD,Delivered,5,2024-06-28,2024-07-04,3.0
14234,1735,2024-06-28,Debit Card,Delivered,5,2024-06-30,2024-07-03,4.0
14235,921,2024-06-28,Debit Card,Delivered,5,2024-06-30,2024-07-05,5.0
14236,1966,2024-06-28,UPI,Returned,5,2024-06-29,2024-07-04,5.0
14237,944,2024-06-28,Debit Card,Delivered,5,2024-06-30,2024-07-06,5.0
14238,789,2024-06-28,Debit Card,Delivered,5,2024-06-30,2024-07-04,3.0
14239,2345,2024-06-29,Credit Card,Delivered,5,2024-06-29,2024-07-02,4.0
14240,2677,2024-06-29,Debit Card,Delivered,5,2024-07-01,2024-07-06,5.0
14241,1280,2024-06-29,COD,Delivered,5,2024-07-01,2024-07-05,3.0
14242,649,2024-06-29,Net Banking,Delivered,5,2024-07-01,2024-07-06,
14243,229,2024-06-29,Net Banking,Delivered,5,2024-06-30,2024-07-03,
14244,2852,2024-06-29,Credit Card,Delivered,5,2024-07-01,2024-07-07,
14245,911,2024-06-29,UPI,Delivered,5,2024-07-01,2024-07-05,5.0
14246,2021,2024-06-29,UPI,Delivered,5,2024-07-01,2024-07-05,
14247,635,2024-06-29,UPI,Delivered,5,2024-06-29,2024-07-07,3.0
14248,2885,2024-06-29,UPI,Delivered,5,2024-06-29,2024-07-04,5.0
14249,1755,2024-06-29,UPI,Cancelled,5,,,
14250,2254,2024-06-30,Debit Card,Delivered,5,2024-07-01,2024-07-04,5.0
14251,657,2024-06-30,Credit Card,Delivered,5,2024-07-02,2024-07-06,5.0
14252,1265,2024-07-01,Debit Card,Delivered,5,2024-07-01,2024-07-06,
14253,1916,2024-07-01,Net Banking,Delivered,5,2024-07-01,2024-07-04,5.0
14254,2330,2024-07-01,UPI,Delivered,5,2024-07-02,2024-07-06,5.0
14255,2592,2024-07-01,UPI,Delivered,5,2024-07-02,2024-07-05,
14256,1504,2024-07-01,Debit Card,Delivered,5,2024-07-03,2024-07-07,4.0
14257,1789,2024-07-01,Credit Card,Delivered,5,2024-07-03,2024-07-05,5.0
14258,2523,2024-07-01,Credit Card,Delivered,5,2024-07-03,2024-07-06,4.0
14259,1069,2024-07-01,COD,Delivered,5,2024-07-02,2024-07-06,5.0
14260,2943,2024-07-02,UPI,Delivered,5,2024-07-03,2024-07-10,3.0
14261,1706,2024-07-02,Credit Card,Delivered,5,2024-07-02,2024-07-08,3.0
14262,2583,2024-07-02,COD,Delivered,5,2024-07-04,2024-07-09,5.0
14263,2494,2024-07-02,Credit Card,Delivered,5,2024-07-02,2024-07-05,
14264,706,2024-07-02,Credit Card,Delivered,5,2024-07-02,2024-07-07,4.0
14265,58,2024-07-03,UPI,Delivered,5,2024-07-03,2024-07-06,5.0
14266,1042,2024-07-03,UPI,Delivered,5,2024-07-05,2024-07-09,5.0
14267,2162,2024-07-03,UPI,Delivered,5,2024-07-03,2024-07-05,5.0
14268,1507,2024-07-03,Credit Card,Delivered,5,2024-07-03,2024-07-08,4.0
14269,1298,2024-07-03,Credit Card,Delivered,5,2024-07-05,2024-07-08,5.0
14270,454,2024-07-03,Net Banking,Delivered,5,2024-07-03,2024-07-08,
14271,1766,2024-07-04,Debit Card,Delivered,5,2024-07-05,2024-07-11,5.0
14272,1796,2024-07-04,UPI,Cancelled,5,,,
14273,651,2024-07-04,COD,Delivered,5,2024-07-05,2024-07-07,3.0
14274,1018,2024-07-04,UPI,Returned,5,2024-07-06,2024-07-15,2.0
14275,2897,2024-07-04,Debit Card,Delivered,5,2024-07-04,2024-07-08,4.0
14276,2907,2024-07-04,UPI,Delivered,5,2024-07-05,2024-07-11,4.0
14277,1927,2024-07-04,COD,Delivered,5,2024-07-06,2024-07-09,4.0
14278,6,2024-07-04,COD,Cancelled,5,,,
14279,2459,2024-07-04,UPI,Delivered,5,2024-07-06,2024-07-09,4.0
14280,163,2024-07-05,Credit Card,Delivered,5,2024-07-06,2024-07-11,
14281,813,2024-07-05,Credit Card,Delivered,5,2024-07-05,2024-07-07,4.0
14282,1914,2024-07-05,UPI,Delivered,5,2024-07-05,2024-07-08,5.0
14283,1608,2024-07-05,UPI,Delivered,5,2024-07-06,2024-07-11,3.0
14284,2790,2024-07-05,Debit Card,Delivered,5,2024-07-05,2024-07-08,
14285,416,2024-07-05,UPI,Delivered,5,2024-07-06,2024-07-09,4.0
14286,1798,2024-07-05,UPI,Delivered,5,2024-07-05,2024-07-10,5.0
14287,2514,2024-07-05,COD,Delivered,5,2024-07-05,2024-07-09,4.0
14288,1041,2024-07-05,Debit Card,Delivered,5,2024-07-06,2024-07-09,4.0
14289,482,2024-07-05,UPI,Delivered,5,2024-07-06,2024-07-12,4.0
14290,477,2024-07-05,Net Banking,Delivered,5,2024-07-05,2024-07-09,5.0
14291,698,2024-07-05,COD,Delivered,5,2024-07-07,2024-07-13,4.0
14292,2574,2024-07-05,Net Banking,Delivered,5,2024-07-06,2024-07-11,4.0
14293,1861,2024-07-05,Credit Card,Delivered,5,2024-07-05,2024-07-09,4.0
14294,1565,2024-07-05,UPI,Cancelled,5,,,
14295,1515,2024-07-06,UPI,Delivered,5,2024-07-08,2024-07-13,
14296,2787,2024-07-06,Net Banking,Delivered,5,2024-07-07,2024-07-12,5.0
14297,1865,2024-07-06,COD,Delivered,5,2024-07-08,2024-07-14,3.0
14298,944,2024-07-06,COD,Delivered,5,2024-07-08,2024-07-13,5.0
14299,1072,2024-07-06,Credit Card,Delivered,5,2024-07-06,2024-07-10,5.0
14300,555,2024-07-07,UPI,Delivered,5,2024-07-07,2024-07-12,5.0
14301,385,2024-07-07,Debit Card,Delivered,5,2024-07-09,2024-07-12,5.0
14302,940,2024-07-07,UPI,Delivered,5,2024-07-08,2024-07-13,5.0
14303,2105,2024-07-07,Credit Card,Delivered,5,2024-07-08,2024-07-13,5.0
14304,776,2024-07-07,Debit Card,Delivered,5,2024-07-07,2024-07-09,4.0
14305,2963,2024-07-07,COD,Delivered,5,2024-07-07,2024-07-11,4.0
14306,1952,2024-07-07,Credit Card,Delivered,5,2024-07-09,2024-07-13,
14307,2873,2024-07-07,COD,Delivered,5,2024-07-07,2024-07-10,5.0
14308,2788,2024-07-07,UPI,Delivered,5,2024-07-09,2024-07-13,5.0
14309,798,2024-07-07,UPI,Delivered,5,2024-07-07,2024-07-13,
14310,1864,2024-07-07,UPI,Delivered,5,2024-07-07,2024-07-10,4.0
14311,1411,2024-07-07,UPI,Delivered,5,2024-07-08,2024-07-12,5.0
14312,1852,2024-07-07,UPI,Delivered,5,2024-07-07,2024-07-11,3.0
14313,397,2024-07-07,UPI,Delivered,5,2024-07-07,2024-07-11,4.0
14314,781,2024-07-08,Credit Card,Delivered,5,2024-07-08,2024-07-12,4.0
14315,1181,2024-07-08,Credit Card,Returned,5,2024-07-08,2024-07-11,4.0
14316,474,2024-07-08,Credit Card,Delivered,5,2024-07-08,2024-07-13,
14317,2741,2024-07-08,COD,Delivered,5,2024-07-10,2024-07-13,5.0
14318,2662,2024-07-09,UPI,Delivered,5,2024-07-09,2024-07-17,
14319,1079,2024-07-09,UPI,Delivered,5,2024-07-09,2024-07-11,
14320,604,2024-07-09,UPI,Delivered,5,2024-07-09,2024-07-16,
14321,2964,2024-07-09,UPI,Delivered,5,2024-07-09,2024-07-12,5.0
14322,1847,2024-07-09,Debit Card,Delivered,5,2024-07-09,2024-07-13,4.0
14323,1209,2024-07-09,COD,Cancelled,5,,,
14324,1015,2024-07-09,UPI,Delivered,5,2024-07-09,2024-07-14,4.0
14325,2477,2024-07-09,UPI,Delivered,5,2024-07-10,2024-07-16,4.0
14326,2927,2024-07-09,UPI,Returned,5,2024-07-10,2024-07-13,
14327,1102,2024-07-09,UPI,Delivered,5,2024-07-09,2024-07-13,4.0
14328,2592,2024-07-10,COD,Delivered,5,2024-07-10,2024-07-14,5.0
14329,2735,2024-07-10,Credit Card,Delivered,5,2024-07-11,2024-07-15,3.0
14330,1407,2024-07-10,Debit Card,Delivered,5,2024-07-11,2024-07-15,4.0
14331,1156,2024-07-10,COD,Delivered,5,2024-07-10,2024-07-15,
14332,1839,2024-07-10,Credit Card,Delivered,5,2024-07-12,2024-07-15,4.0
14333,392,2024-07-10,UPI,Delivered,5,2024-07-11,2024-07-13,
14334,1059,2024-07-11,Debit Card,Delivered,5,2024-07-12,2024-07-15,
14335,658,2024-07-11,COD,Delivered,5,2024-07-12,2024-07-15,
14336,2060,2024-07-11,UPI,Delivered,5,2024-07-11,2024-07-14,
14337,1863,2024-07-11,Debit Card,Delivered,5,2024-07-12,2024-07-18,5.0
14338,2007,2024-07-11,Credit Card,Delivered,5,2024-07-13,2024-07-17,5.0
14338,2007,2024-07-11,Credit Card,Delivered,5,2024-07-13,2024-07-17,5.0
14339,2187,2024-07-11,UPI,Delivered,5,2024-07-13,2024-07-16,
14340,2836,2024-07-11,Debit Card,Delivered,5,2024-07-11,2024-07-13,4.0
14341,2517,2024-07-11,UPI,Delivered,5,2024-07-11,2024-07-16,5.0
14342,2278,2024-07-11,UPI,Delivered,5,2024-07-11,2024-07-15,3.0
14343,60,2024-07-11,UPI,Delivered,5,2024-07-11,2024-07-16,5.0
14344,2315,2024-07-11,Debit Card,Delivered,5,2024-07-12,2024-07-15,
14345,1991,2024-07-12,COD,Delivered,5,2024-07-13,2024-07-16,5.0
14346,1053,2024-07-12,Debit Card,Delivered,5,2024-07-12,2024-07-15,5.0
14347,888,2024-07-12,Debit Card,Delivered,5,2024-07-12,2024-07-15,4.0
14348,1113,2024-07-12,UPI,Cancelled,5,,,
14349,1610,2024-07-12,Credit Card,Delivered,5,2024-07-14,2024-07-17,4.0
14350,1471,2024-07-12,UPI,Delivered,5,2024-07-14,2024-07-20,4.0
14351,2189,2024-07-12,Credit Card,Cancelled,5,,,
14352,576,2024-07-12,Debit Card,Delivered,5,2024-07-13,2024-07-16,4.0
14353,2966,2024-07-13,UPI,Delivered,5,2024-07-14,2024-07-20,2.0
14354,1749,2024-07-13,COD,Delivered,5,2024-07-15,2024-07-17,4.0
14355,2987,2024-07-13,UPI,Returned,5,2024-07-14,2024-07-18,5.0
14356,2574,2024-07-13,Debit Card,Returned,5,2024-07-14,2024-07-18,
14357,2388,2024-07-13,Credit Card,Delivered,5,2024-07-14,2024-07-16,5.0
14358,2891,2024-07-13,Debit Card,Delivered,5,2024-07-13,2024-07-17,
14359,2740,2024-07-13,Credit Card,Delivered,5,2024-07-15,2024-07-18,4.0
14360,546,2024-07-13,UPI,Delivered,5,2024-07-14,2024-07-17,5.0
14361,2343,2024-07-13,COD,Delivered,5,2024-07-15,2024-07-21,
14362,1431,2024-07-13,Debit Card,Delivered,5,2024-07-14,2024-07-17,
14363,801,2024-07-13,Credit Card,Delivered,5,2024-07-15,2024-07-20,
14364,2156,2024-07-13,Debit Card,Delivered,5,2024-07-15,2024-07-19,4.0
14365,2459,2024-07-14,UPI,Delivered,5,2024-07-16,2024-07-18,4.0
14366,451,2024-07-14,COD,Delivered,5,2024-07-16,2024-07-19,4.0
14367,814,2024-07-14,UPI,Delivered,5,2024-07-16,2024-07-19,4.0
14368,615,2024-07-14,COD,Delivered,5,2024-07-14,2024-07-21,4.0
14369,2101,2024-07-14,UPI,Delivered,5,2024-07-14,2024-07-18,5.0
14370,1812,2024-07-14,COD,Returned,5,2024-07-16,2024-07-18,5.0
14371,1914,2024-07-14,COD,Delivered,5,2024-07-16,2024-07-18,5.0
14372,2897,2024-07-14,Net Banking,Delivered,5,2024-07-14,2024-07-17,3.0
14373,142,2024-07-14,COD,Delivered,5,2024-07-14,2024-07-18,5.0
14374,110,2024-07-15,Debit Card,Delivered,5,2024-07-17,2024-07-21,5.0
14375,338,2024-07-15,Credit Card,Delivered,5,2024-07-15,2024-07-20,5.0
14376,342,2024-07-15,UPI,Delivered,5,2024-07-15,2024-07-21,
14377,2402,2024-07-15,Credit Card,Delivered,5,2024-07-17,2024-07-22,
14378,1992,2024-07-16,Credit Card,Delivered,5,2024-07-18,2024-07-24,4.0
14379,211,2024-07-16,UPI,Delivered,5,2024-07-17,2024-07-21,
14380,1836,2024-07-16,Debit Card,Delivered,5,2024-07-17,2024-07-21,3.0
14381,465,2024-07-16,UPI,Delivered,5,2024-07-18,2024-07-22,
14382,1996,2024-07-16,Credit Card,Delivered,5,2024-07-17,2024-07-21,4.0
14383,156,2024-07-16,Credit Card,Delivered,5,2024-07-18,2024-07-23,5.0
14384,216,2024-07-17,COD,Delivered,5,2024-07-19,2024-07-23,
14385,2248,2024-07-17,UPI,Cancelled,5,,,
14386,2024,2024-07-17,UPI,Delivered,5,2024-07-18,2024-07-22,
14386,2024,2024-07-17,UPI,Delivered,5,2024-07-18,2024-07-22,
14387,646,2024-07-17,Credit Card,Delivered,5,2024-07-17,2024-07-20,4.0
14388,2541,2024-07-17,Credit Card,Delivered,5,2024-07-18,2024-07-23,5.0
14389,2320,2024-07-17,UPI,Delivered,5,2024-07-17,2024-07-22,5.0
14390,514,2024-07-17,Debit Card,Delivered,5,2024-07-19,2024-07-22,5.0
14391,118,2024-07-17,COD,Delivered,5,2024-07-17,2024-07-19,5.0
14392,872,2024-07-17,COD,Delivered,5,2024-07-17,2024-07-20,4.0
14393,2549,2024-07-17,UPI,Delivered,5,2024-07-17,2024-07-25,
14394,1937,2024-07-17,UPI,Delivered,5,2024-07-18,2024-07-23,
14395,1466,2024-07-17,Credit Card,Delivered,5,2024-07-18,2024-07-21,
14396,743,2024-07-17,Debit Card,Delivered,5,2024-07-19,2024-07-23,5.0
14397,28,2024-07-18,Net Banking,Delivered,5,2024-07-19,2024-07-23,
14398,432,2024-07-18,UPI,Delivered,5,2024-07-18,2024-07-21,3.0
14399,1795,2024-07-18,Credit Card,Delivered,5,2024-07-18,2024-07-21,
14400,2814,2024-07-18,Net Banking,Delivered,5,2024-07-18,2024-07-24,3.0
14401,299,2024-07-18,UPI,Delivered,5,2024-07-20,2024-07-23,
14402,1357,2024-07-18,Net Banking,Delivered,5,2024-07-18,2024-07-21,4.0
14403,2465,2024-07-18,Credit Card,Delivered,5,2024-07-20,2024-07-23,
14404,2442,2024-07-18,Debit Card,Delivered,5,2024-07-18,2024-07-21,4.0
14405,1351,2024-07-18,Credit Card,Delivered,5,2024-07-18,2024-07-21,4.0
14406,2598,2024-07-18,COD,Delivered,5,2024-07-19,2024-07-21,4.0
14407,1976,2024-07-18,COD,Delivered,5,2024-07-20,2024-07-24,
14408,2781,2024-07-19,UPI,Cancelled,5,,,
14409,982,2024-07-19,COD,Delivered,5,2024-07-20,2024-07-25,4.0
14410,873,2024-07-19,UPI,Delivered,5,2024-07-19,2024-07-24,4.0
14411,397,2024-07-19,UPI,Cancelled,5,,,
14412,1842,2024-07-19,Credit Card,Delivered,5,2024-07-20,2024-07-25,
14413,730,2024-07-19,Debit Card,Delivered,5,2024-07-20,2024-07-22,5.0
14414,1154,2024-07-19,UPI,Delivered,5,2024-07-19,2024-07-22,5.0
14415,565,2024-07-19,UPI,Delivered,5,2024-07-21,2024-07-24,5.0
14416,651,2024-07-19,UPI,Delivered,5,2024-07-21,2024-07-24,
14417,1881,2024-07-19,UPI,Delivered,5,2024-07-20,2024-07-25,5.0
14418,1654,2024-07-19,UPI,Delivered,5,2024-07-21,2024-07-23,4.0
14419,385,2024-07-19,UPI,Cancelled,5,,,
14420,18,2024-07-20,COD,Delivered,5,2024-07-20,2024-07-23,3.0
14421,1313,2024-07-20,UPI,Delivered,5,2024-07-21,2024-07-26,4.0
14422,1238,2024-07-20,COD,Delivered,5,2024-07-20,2024-07-22,4.0
14423,1170,2024-07-20,UPI,Delivered,5,2024-07-21,2024-07-25,
14424,582,2024-07-20,Credit Card,Delivered,5,2024-07-22,2024-07-25,
14425,2133,2024-07-20,UPI,Delivered,5,2024-07-22,2024-07-24,5.0
14426,1181,2024-07-20,UPI,Delivered,5,2024-07-21,2024-07-24,3.0
14427,430,2024-07-20,Debit Card,Returned,5,2024-07-20,2024-07-23,5.0
14428,506,2024-07-20,UPI,Delivered,5,2024-07-21,2024-07-25,5.0
14429,2790,2024-07-20,UPI,Delivered,5,2024-07-22,2024-07-25,
14430,752,2024-07-21,UPI,Delivered,5,2024-07-22,2024-07-26,3.0
14431,2894,2024-07-21,COD,Delivered,5,2024-07-22,2024-07-26,5.0
14432,1216,2024-07-21,UPI,Delivered,5,2024-07-22,2024-07-27,4.0
14433,1997,2024-07-21,UPI,Delivered,5,2024-07-23,2024-07-27,5.0
14434,100,2024-07-22,UPI,Delivered,5,2024-07-24,2024-07-27,4.0
14435,309,2024-07-22,Credit Card,Delivered,5,2024-07-23,2024-07-26,3.0
14436,426,2024-07-22,Net Banking,Delivered,5,2024-07-24,2024-07-28,4.0
14437,879,2024-07-22,UPI,Delivered,5,2024-07-22,2024-07-27,4.0
14438,1720,2024-07-22,UPI,Delivered,5,2024-07-22,2024-07-25,3.0
14439,545,2024-07-22,Credit Card,Delivered,5,2024-07-24,2024-07-27,
14440,1482,2024-07-22,Net Banking,Delivered,5,2024-07-24,2024-07-28,
14441,1861,2024-07-22,UPI,Delivered,5,2024-07-22,2024-07-25,5.0
14442,952,2024-07-22,COD,Delivered,5,2024-07-24,2024-07-31,4.0
14443,2870,2024-07-22,Debit Card,Delivered,5,2024-07-24,2024-07-27,4.0
14444,1855,2024-07-22,UPI,Delivered,5,2024-07-22,2024-07-25,3.0
14445,695,2024-07-22,COD,Delivered,5,2024-07-23,2024-07-25,4.0
14446,71,2024-07-22,Credit Card,Delivered,5,2024-07-24,2024-07-29,
14447,1237,2024-07-22,UPI,Delivered,5,2024-07-24,2024-07-31,
14448,1859,2024-07-22,UPI,Delivered,5,2024-07-23,2024-07-26,5.0
14449,353,2024-07-22,UPI,Cancelled,5,,,
14450,2683,2024-07-23,UPI,Delivered,5,2024-07-23,2024-07-27,4.0
14451,2034,2024-07-23,COD,Delivered,5,2024-07-25,2024-07-28,4.0
14452,2911,2024-07-23,Debit Card,Delivered,5,2024-07-25,2024-07-28,
14453,1401,2024-07-23,COD,Delivered,5,2024-07-23,2024-07-28,
14454,2411,2024-07-23,Credit Card,Delivered,5,2024-07-25,2024-07-28,4.0
14455,2728,2024-07-23,UPI,Delivered,5,2024-07-25,2024-07-28,5.0
14456,2694,2024-07-23,UPI,Delivered,5,2024-07-23,2024-07-26,
14457,1946,2024-07-23,COD,Cancelled,5,,,
14458,379,2024-07-24,UPI,Delivered,5,2024-07-25,2024-08-02,2.0
14459,2766,2024-07-24,UPI,Delivered,5,2024-07-25,2024-07-29,4.0
14460,485,2024-07-24,Debit Card,Delivered,5,2024-07-25,2024-07-31,
14461,2407,2024-07-24,COD,Delivered,5,2024-07-25,2024-07-29,5.0
14462,2932,2024-07-24,UPI,Delivered,5,2024-07-26,2024-07-30,4.0
14463,2873,2024-07-24,Debit Card,Delivered,5,2024-07-26,2024-07-30,4.0
14464,1,2024-07-24,UPI,Delivered,5,2024-07-24,2024-07-28,
14465,1021,2024-07-24,COD,Delivered,5,2024-07-24,2024-07-29,
14466,743,2024-07-24,Debit Card,Delivered,5,2024-07-25,2024-07-28,5.0
14467,1201,2024-07-24,COD,Delivered,5,2024-07-26,2024-07-31,5.0
14468,1606,2024-07-25,UPI,Returned,5,2024-07-27,2024-07-31,5.0
14469,2777,2024-07-25,Credit Card,Delivered,5,2024-07-26,2024-07-30,5.0
14470,1865,2024-07-25,UPI,Delivered,5,2024-07-27,2024-08-01,
14471,2899,2024-07-25,Credit Card,Delivered,5,2024-07-27,2024-07-31,5.0
14472,2472,2024-07-25,Net Banking,Delivered,5,2024-07-25,2024-07-30,
14473,168,2024-07-25,UPI,Delivered,5,2024-07-25,2024-07-28,5.0
14474,1976,2024-07-25,Credit Card,Delivered,5,2024-07-27,2024-07-29,
14475,2987,2024-07-25,UPI,Delivered,5,2024-07-25,2024-07-28,4.0
14476,1342,2024-07-25,Credit Card,Delivered,5,2024-07-25,2024-07-29,5.0
14477,2338,2024-07-25,Credit Card,Delivered,5,2024-07-25,2024-07-31,5.0
14478,2795,2024-07-26,Credit Card,Delivered,5,2024-07-28,2024-08-01,5.0
14479,1498,2024-07-26,Debit Card,Delivered,5,2024-07-28,2024-08-04,3.0
14479,1498,2024-07-26,Debit Card,Delivered,5,2024-07-28,2024-08-04,3.0
14480,2723,2024-07-26,Net Banking,Delivered,5,2024-07-26,2024-07-29,4.0
14481,483,2024-07-26,COD,Delivered,5,2024-07-28,2024-08-01,3.0
14482,555,2024-07-26,Net Banking,Delivered,5,2024-07-28,2024-07-30,3.0
14483,337,2024-07-26,UPI,Delivered,5,2024-07-26,2024-07-31,5.0
14484,336,2024-07-26,Net Banking,Delivered,5,2024-07-28,2024-08-02,
14485,1476,2024-07-26,UPI,Delivered,5,2024-07-27,2024-07-31,
14486,1074,2024-07-27,UPI,Delivered,5,2024-07-29,2024-08-01,4.0
14487,994,2024-07-27,Credit Card,Delivered,5,2024-07-27,2024-08-01,5.0
14488,291,2024-07-27,UPI,Delivered,5,2024-07-27,2024-07-30,
14489,224,2024-07-27,COD,Delivered,5,2024-07-28,2024-07-31,
14490,2642,2024-07-27,UPI,Delivered,5,2024-07-29,2024-08-01,5.0
14491,31,2024-07-27,Credit Card,Delivered,5,2024-07-29,2024-07-31,4.0
14492,1424,2024-07-27,UPI,Delivered,5,2024-07-27,2024-07-31,5.0
14493,2287,2024-07-27,UPI,Delivered,5,2024-07-27,2024-07-30,5.0
14494,118,2024-07-27,COD,Delivered,5,2024-07-28,2024-08-01,4.0
14495,2488,2024-07-28,Credit Card,Cancelled,5,,,
14496,2297,2024-07-28,UPI,Delivered,5,2024-07-30,2024-08-02,4.0
14497,212,2024-07-28,COD,Delivered,5,2024-07-30,2024-08-02,5.0
14498,2275,2024-07-28,COD,Delivered,5,2024-07-30,2024-08-02,4.0
14499,1000,2024-07-28,Credit Card,Delivered,5,2024-07-29,2024-08-01,5.0
14500,394,2024-07-28,UPI,Delivered,5,2024-07-29,2024-08-03,5.0
14501,2946,2024-07-28,Net Banking,Delivered,5,2024-07-28,2024-07-31,4.0
14502,2404,2024-07-28,UPI,Delivered,5,2024-07-28,2024-07-31,5.0
14503,57,2024-07-29,UPI,Delivered,5,2024-07-29,2024-08-02,
14504,1318,2024-07-29,UPI,Delivered,5,2024-07-30,2024-08-03,5.0
14505,2692,2024-07-29,UPI,Delivered,5,2024-07-31,2024-08-05,4.0
14506,592,2024-07-29,Net Banking,Delivered,5,2024-07-29,2024-08-02,5.0
14507,827,2024-07-29,Net Banking,Delivered,5,2024-07-29,2024-08-01,4.0
14508,2681,2024-07-29,Credit Card,Delivered,5,2024-07-29,2024-08-02,5.0
14509,1833,2024-07-29,Debit Card,Delivered,5,2024-07-30,2024-08-04,5.0
14510,1726,2024-07-30,COD,Delivered,5,2024-08-01,2024-08-03,5.0
14511,2311,2024-07-30,Credit Card,Delivered,5,2024-07-30,2024-08-01,4.0
14512,859,2024-07-30,Debit Card,Delivered,5,2024-07-31,2024-08-02,5.0
14513,2565,2024-07-30,Net Banking,Delivered,5,2024-07-30,2024-08-02,
14514,2639,2024-07-30,UPI,Delivered,5,2024-07-30,2024-08-03,4.0
14515,2918,2024-07-30,UPI,Cancelled,5,,,
14516,2285,2024-07-30,COD,Cancelled,5,,,
14517,1745,2024-07-30,Debit Card,Delivered,5,2024-08-01,2024-08-04,
14518,2986,2024-07-30,UPI,Delivered,5,2024-07-30,2024-08-04,
14519,2763,2024-07-30,UPI,Delivered,5,2024-07-31,2024-08-03,5.0
14520,1489,2024-07-31,Debit Card,Delivered,5,2024-07-31,2024-08-04,5.0
14520,1489,2024-07-31,Debit Card,Delivered,5,2024-07-31,2024-08-04,5.0
14521,2008,2024-07-31,Credit Card,Cancelled,5,,,
14522,416,2024-07-31,COD,Cancelled,5,,,
14523,1024,2024-07-31,COD,Delivered,5,2024-08-01,2024-08-05,
14524,2549,2024-07-31,Credit Card,Delivered,5,2024-07-31,2024-08-03,5.0
14525,164,2024-07-31,Debit Card,Delivered,5,2024-08-01,2024-08-04,
14526,1528,2024-07-31,Debit Card,Delivered,5,2024-07-31,2024-08-05,
14527,939,2024-07-31,UPI,Delivered,5,2024-08-01,2024-08-05,5.0
14528,2572,2024-07-31,Credit Card,Delivered,5,2024-07-31,2024-08-06,4.0
14529,1,2024-07-31,Credit Card,Delivered,5,2024-08-01,2024-08-04,5.0
14530,582,2024-07-31,COD,Delivered,5,2024-08-02,2024-08-07,5.0
14531,301,2024-08-01,COD,Delivered,5,2024-08-03,2024-08-09,5.0
14532,1706,2024-08-01,UPI,Delivered,5,2024-08-01,2024-08-03,
14533,625,2024-08-01,COD,Delivered,5,2024-08-03,2024-08-08,
14534,651,2024-08-01,Debit Card,Delivered,5,2024-08-01,2024-08-05,5.0
14535,600,2024-08-01,UPI,Delivered,5,2024-08-01,2024-08-05,
14536,2036,2024-08-01,UPI,Delivered,5,2024-08-03,2024-08-06,5.0
14537,2237,2024-08-01,COD,Returned,5,2024-08-02,2024-08-07,
14538,331,2024-08-01,UPI,Delivered,5,2024-08-02,2024-08-05,4.0
14539,741,2024-08-01,Debit Card,Delivered,5,2024-08-01,2024-08-04,
14540,233,2024-08-01,Credit Card,Delivered,5,2024-08-01,2024-08-06,
14541,2966,2024-08-02,Credit Card,Delivered,5,2024-08-02,2024-08-09,4.0
14542,858,2024-08-02,Credit Card,Delivered,5,2024-08-04,2024-08-07,4.0
14543,706,2024-08-02,Credit Card,Delivered,5,2024-08-02,2024-08-07,5.0
14544,456,2024-08-02,COD,Delivered,5,2024-08-03,2024-08-07,5.0
14545,1314,2024-08-02,UPI,Delivered,5,2024-08-02,2024-08-07,5.0
14546,719,2024-08-02,UPI,Delivered,5,2024-08-04,2024-08-06,
14547,2623,2024-08-02,UPI,Delivered,5,2024-08-04,2024-08-07,5.0
14548,1381,2024-08-03,Debit Card,Delivered,5,2024-08-03,2024-08-06,
14549,2076,2024-08-03,Credit Card,Delivered,5,2024-08-03,2024-08-09,4.0
14550,2705,2024-08-03,Debit Card,Delivered,5,2024-08-03,2024-08-08,3.0
14551,392,2024-08-03,UPI,Delivered,5,2024-08-05,2024-08-08,4.0
14552,2060,2024-08-03,Credit Card,Delivered,5,2024-08-03,2024-08-06,3.0
14553,1043,2024-08-03,COD,Delivered,5,2024-08-03,2024-08-06,
14554,1860,2024-08-03,Credit Card,Delivered,5,2024-08-04,2024-08-07,4.0
14555,1697,2024-08-04,Debit Card,Cancelled,5,,,
14556,1466,2024-08-04,Debit Card,Delivered,5,2024-08-05,2024-08-08,
14557,1704,2024-08-04,Debit Card,Delivered,5,2024-08-04,2024-08-11,2.0
14558,1705,2024-08-04,UPI,Delivered,5,2024-08-05,2024-08-08,4.0
14559,2307,2024-08-04,Debit Card,Delivered,5,2024-08-04,2024-08-07,3.0
14560,485,2024-08-04,UPI,Delivered,5,2024-08-05,2024-08-08,
14561,2797,2024-08-04,UPI,Delivered,5,2024-08-05,2024-08-08,
14562,1625,2024-08-04,Credit Card,Delivered,5,2024-08-05,2024-08-11,3.0
14563,872,2024-08-05,UPI,Delivered,5,2024-08-07,2024-08-12,
14564,1639,2024-08-05,UPI,Cancelled,5,,,
14565,2115,2024-08-05,COD,Delivered,5,2024-08-05,2024-08-09,
14566,1072,2024-08-05,Credit Card,Delivered,5,2024-08-05,2024-08-09,
14567,2675,2024-08-05,UPI,Cancelled,5,,,
14568,2078,2024-08-05,UPI,Delivered,5,2024-08-06,2024-08-11,
14569,2595,2024-08-05,Debit Card,Delivered,5,2024-08-05,2024-08-08,
14570,2424,2024-08-05,Credit Card,Cancelled,5,,,
14571,589,2024-08-05,Debit Card,Delivered,5,2024-08-07,2024-08-13,5.0
14572,1166,2024-08-05,Credit Card,Delivered,5,2024-08-07,2024-08-12,5.0
14573,606,2024-08-06,COD,Delivered,5,2024-08-08,2024-08-14,4.0
14574,1936,2024-08-06,UPI,Delivered,5,2024-08-06,2024-08-10,5.0
14575,1562,2024-08-06,Debit Card,Cancelled,5,,,
14576,2493,2024-08-06,UPI,Delivered,5,2024-08-07,2024-08-12,
14577,1244,2024-08-06,UPI,Delivered,5,2024-08-08,2024-08-11,
14578,765,2024-08-06,Net Banking,Delivered,5,2024-08-06,2024-08-08,5.0
14579,2724,2024-08-07,COD,Delivered,5,2024-08-09,2024-08-11,
14580,291,2024-08-07,UPI,Delivered,5,2024-08-08,2024-08-11,4.0
14581,2793,2024-08-07,UPI,Cancelled,5,,,
14581,2793,2024-08-07,UPI,Cancelled,5,,,
14582,817,2024-08-07,COD,Delivered,5,2024-08-08,2024-08-10,5.0
14583,1088,2024-08-07,UPI,Delivered,5,2024-08-07,2024-08-12,4.0
14584,1004,2024-08-07,COD,Delivered,5,2024-08-09,2024-08-15,4.0
14585,2396,2024-08-07,UPI,Delivered,5,2024-08-09,2024-08-13,4.0
14586,2143,2024-08-07,UPI,Delivered,5,2024-08-09,2024-08-12,3.0
14587,2275,2024-08-07,UPI,Delivered,5,2024-08-08,2024-08-12,4.0
14588,2256,2024-08-07,Credit Card,Returned,5,2024-08-07,2024-08-11,5.0
14589,599,2024-08-08,UPI,Delivered,5,2024-08-09,2024-08-12,4.0
14590,1154,2024-08-08,Credit Card,Delivered,5,2024-08-09,2024-08-13,
14591,2681,2024-08-08,COD,Cancelled,5,,,
14592,76,2024-08-08,UPI,Delivered,5,2024-08-09,2024-08-13,4.0
14593,1921,2024-08-08,Debit Card,Delivered,5,2024-08-10,2024-08-14,5.0
14594,577,2024-08-08,UPI,Delivered,5,2024-08-09,2024-08-17,
14595,607,2024-08-08,Debit Card,Delivered,5,2024-08-09,2024-08-12,5.0
14596,1181,2024-08-08,UPI,Cancelled,5,,,
14597,2777,2024-08-08,Debit Card,Delivered,5,2024-08-09,2024-08-16,4.0
14598,2272,2024-08-08,COD,Delivered,5,2024-08-08,2024-08-13,5.0
14599,1901,2024-08-08,COD,Delivered,5,2024-08-09,2024-08-12,5.0
14600,2402,2024-08-09,COD,Delivered,5,2024-08-09,2024-08-11,5.0
14601,481,2024-08-09,UPI,Cancelled,5,,,
14602,2985,2024-08-09,UPI,Delivered,5,2024-08-11,2024-08-16,5.0
14603,2818,2024-08-09,UPI,Delivered,5,2024-08-11,2024-08-15,
14604,1024,2024-08-09,Debit Card,Cancelled,5,,,
14605,940,2024-08-09,UPI,Delivered,5,2024-08-11,2024-08-18,4.0
14606,1354,2024-08-09,COD,Delivered,5,2024-08-11,2024-08-14,5.0
14607,982,2024-08-09,Net Banking,Delivered,5,2024-08-10,2024-08-16,5.0
14608,793,2024-08-09,UPI,Delivered,5,2024-08-09,2024-08-13,5.0
14609,1327,2024-08-09,UPI,Delivered,5,2024-08-11,2024-08-14,
14610,1476,2024-08-09,Credit Card,Delivered,5,2024-08-09,2024-08-13,5.0
14611,534,2024-08-10,Credit Card,Delivered,5,2024-08-10,2024-08-15,4.0
14612,1237,2024-08-10,Credit Card,Delivered,5,2024-08-10,2024-08-13,
14613,959,2024-08-10,UPI,Returned,5,2024-08-12,2024-08-20,
14614,2311,2024-08-10,COD,Delivered,5,2024-08-12,2024-08-14,4.0
14615,356,2024-08-10,Debit Card,Delivered,5,2024-08-11,2024-08-17,3.0
14616,2822,2024-08-10,UPI,Delivered,5,2024-08-11,2024-08-16,
14617,1871,2024-08-10,UPI,Delivered,5,2024-08-10,2024-08-13,4.0
14618,2091,2024-08-10,COD,Delivered,5,2024-08-10,2024-08-15,4.0
14619,2750,2024-08-11,UPI,Delivered,5,2024-08-13,2024-08-27,1.0
14620,281,2024-08-11,COD,Delivered,5,2024-08-11,2024-08-13,
14621,1000,2024-08-11,Credit Card,Delivered,5,2024-08-13,2024-08-16,3.0
14622,1727,2024-08-11,COD,Delivered,5,2024-08-13,2024-08-17,4.0
14623,2894,2024-08-11,COD,Delivered,5,2024-08-13,2024-08-19,
14624,2938,2024-08-11,COD,Delivered,5,2024-08-12,2024-08-15,5.0
14625,2146,2024-08-11,COD,Delivered,5,2024-08-12,2024-08-14,
14626,2112,2024-08-11,Credit Card,Delivered,5,2024-08-13,2024-08-17,
14627,254,2024-08-11,UPI,Delivered,5,2024-08-11,2024-08-14,5.0
14628,2613,2024-08-11,Debit Card,Delivered,5,2024-08-13,2024-08-18,4.0
14629,2345,2024-08-11,Credit Card,Delivered,5,2024-08-13,2024-08-17,3.0
14630,1583,2024-08-11,Credit Card,Delivered,5,2024-08-11,2024-08-16,
14631,2814,2024-08-11,Credit Card,Delivered,5,2024-08-11,2024-08-18,
14632,2035,2024-08-12,UPI,Delivered,5,2024-08-14,2024-08-21,4.0
14633,2899,2024-08-12,UPI,Delivered,5,2024-08-13,2024-08-16,5.0
14634,1899,2024-08-12,UPI,Delivered,5,2024-08-13,2024-08-17,5.0
14635,2909,2024-08-12,UPI,Delivered,5,2024-08-14,2024-08-19,5.0
14636,1895,2024-08-12,Credit Card,Delivered,5,2024-08-14,2024-08-18,4.0
14637,2562,2024-08-12,COD,Delivered,5,2024-08-14,2024-08-17,
14638,1195,2024-08-13,Credit Card,Delivered,5,2024-08-14,2024-08-20,5.0
14639,2066,2024-08-13,COD,Delivered,5,2024-08-14,2024-08-21,
14640,1766,2024-08-13,Net Banking,Delivered,5,2024-08-14,2024-08-19,4.0
14641,497,2024-08-13,UPI,Delivered,5,2024-08-13,2024-08-17,5.0
14642,18,2024-08-13,Credit Card,Delivered,5,2024-08-15,2024-08-19,4.0
14643,1401,2024-08-13,UPI,Delivered,5,2024-08-15,2024-08-18,4.0
14644,2332,2024-08-13,COD,Delivered,5,2024-08-13,2024-08-18,5.0
14645,1601,2024-08-13,Credit Card,Delivered,5,2024-08-15,2024-08-18,4.0
14646,2685,2024-08-14,UPI,Delivered,5,2024-08-15,2024-08-20,4.0
14647,264,2024-08-14,UPI,Delivered,5,2024-08-15,2024-08-19,5.0
14648,827,2024-08-14,Debit Card,Delivered,5,2024-08-14,2024-08-18,
14649,2074,2024-08-14,UPI,Delivered,5,2024-08-16,2024-08-22,3.0
14650,813,2024-08-14,UPI,Delivered,5,2024-08-14,2024-08-17,
14651,173,2024-08-14,COD,Delivered,5,2024-08-16,2024-08-21,4.0
14652,1036,2024-08-14,UPI,Delivered,5,2024-08-15,2024-08-20,5.0
14653,2237,2024-08-15,Debit Card,Delivered,5,2024-08-15,2024-08-18,4.0
14654,485,2024-08-15,Debit Card,Delivered,5,2024-08-17,2024-08-21,5.0
14655,1275,2024-08-15,UPI,Cancelled,5,,,
14656,2026,2024-08-15,UPI,Delivered,5,2024-08-15,2024-08-18,4.0
14657,1157,2024-08-15,UPI,Delivered,5,2024-08-17,2024-08-21,
14658,808,2024-08-15,Net Banking,Delivered,5,2024-08-15,2024-08-21,5.0
14659,2807,2024-08-15,Debit Card,Delivered,5,2024-08-15,2024-08-22,3.0
14660,2488,2024-08-15,UPI,Delivered,5,2024-08-17,2024-08-21,4.0
14661,998,2024-08-15,COD,Delivered,5,2024-08-17,2024-08-20,5.0
14662,2948,2024-08-15,UPI,Delivered,5,2024-08-16,2024-08-20,4.0
14663,1390,2024-08-16,UPI,Delivered,5,2024-08-16,2024-08-19,4.0
14664,1673,2024-08-16,UPI,Delivered,5,2024-08-17,2024-08-20,4.0
14665,128,2024-08-16,COD,Delivered,5,2024-08-18,2024-08-24,3.0
14666,2195,2024-08-16,UPI,Delivered,5,2024-08-16,2024-08-21,
14667,706,2024-08-16,Debit Card,Delivered,5,2024-08-17,2024-08-21,
14668,293,2024-08-16,UPI,Delivered,5,2024-08-17,2024-08-23,
14669,2143,2024-08-16,COD,Returned,5,2024-08-17,2024-08-21,4.0
14670,28,2024-08-16,COD,Delivered,5,2024-08-18,2024-08-23,5.0
14671,1253,2024-08-17,UPI,Delivered,5,2024-08-19,2024-08-23,
14672,212,2024-08-17,UPI,Delivered,5,2024-08-17,2024-08-21,
14673,329,2024-08-17,Debit Card,Delivered,5,2024-08-18,2024-08-22,4.0
14674,1625,2024-08-17,UPI,Delivered,5,2024-08-18,2024-08-22,4.0
14675,1343,2024-08-17,UPI,Delivered,5,2024-08-17,2024-08-20,5.0
14676,2675,2024-08-17,Debit Card,Delivered,5,2024-08-17,2024-08-22,
14677,1735,2024-08-17,Credit Card,Delivered,5,2024-08-19,2024-08-23,4.0
14678,327,2024-08-17,COD,Delivered,5,2024-08-17,2024-08-24,
14679,2683,2024-08-18,UPI,Delivered,5,2024-08-19,2024-08-24,5.0
14680,611,2024-08-18,UPI,Delivered,5,2024-08-19,2024-08-23,4.0
14681,2164,2024-08-18,Debit Card,Delivered,5,2024-08-19,2024-08-23,5.0
14682,742,2024-08-18,Debit Card,Delivered,5,2024-08-19,2024-08-23,
14683,2623,2024-08-18,UPI,Delivered,5,2024-08-18,2024-08-21,
14684,1709,2024-08-18,Credit Card,Delivered,5,2024-08-19,2024-08-23,
14685,971,2024-08-18,UPI,Delivered,5,2024-08-20,2024-08-24,5.0
14686,1774,2024-08-18,Credit Card,Delivered,5,2024-08-19,2024-08-24,
14687,556,2024-08-18,Net Banking,Delivered,5,2024-08-20,2024-08-24,
14688,2060,2024-08-19,UPI,Delivered,5,2024-08-20,2024-08-24,5.0
14689,2028,2024-08-19,Credit Card,Delivered,5,2024-08-19,2024-08-23,4.0
14690,2350,2024-08-19,UPI,Delivered,5,2024-08-20,2024-08-27,
14691,1327,2024-08-19,UPI,Delivered,5,2024-08-19,2024-08-23,
14692,2524,2024-08-19,COD,Cancelled,5,,,
14693,2661,2024-08-19,Credit Card,Delivered,5,2024-08-20,2024-08-23,
14694,42,2024-08-19,UPI,Delivered,5,2024-08-19,2024-08-26,
14695,1821,2024-08-19,Credit Card,Delivered,5,2024-08-19,2024-08-24,5.0
14696,1170,2024-08-19,UPI,Delivered,5,2024-08-19,2024-08-23,5.0
14697,1605,2024-08-19,UPI,Delivered,5,2024-08-19,2024-08-22,
14698,1663,2024-08-19,COD,Cancelled,5,,,
14699,168,2024-08-19,UPI,Delivered,5,2024-08-21,2024-08-26,
14700,2311,2024-08-20,Credit Card,Delivered,5,2024-08-20,2024-08-23,
14701,351,2024-08-20,Credit Card,Delivered,5,2024-08-22,2024-08-25,5.0
14702,2933,2024-08-20,COD,Delivered,5,2024-08-21,2024-08-24,5.0
14703,1881,2024-08-20,UPI,Delivered,5,2024-08-21,2024-08-26,4.0
14704,263,2024-08-20,Credit Card,Cancelled,5,,,
14705,345,2024-08-20,UPI,Delivered,5,2024-08-22,2024-08-27,
14706,60,2024-08-20,UPI,Delivered,5,2024-08-22,2024-08-27,
14707,1863,2024-08-20,UPI,Delivered,5,2024-08-21,2024-08-24,5.0
14708,2264,2024-08-20,Debit Card,Delivered,5,2024-08-22,2024-08-25,4.0
14709,18,2024-08-20,UPI,Delivered,5,2024-08-22,2024-08-26,
14710,2664,2024-08-20,Net Banking,Delivered,5,2024-08-22,2024-08-26,
14711,74,2024-08-20,Credit Card,Delivered,5,2024-08-21,2024-08-27,4.0
14712,698,2024-08-21,COD,Delivered,5,2024-08-21,2024-08-25,5.0
14713,1986,2024-08-21,UPI,Delivered,5,2024-08-22,2024-08-25,
14714,2930,2024-08-21,UPI,Delivered,5,2024-08-21,2024-08-25,4.0
14715,2191,2024-08-21,Debit Card,Delivered,5,2024-08-22,2024-08-25,4.0
14716,2970,2024-08-21,UPI,Delivered,5,2024-08-23,2024-08-26,5.0
14717,820,2024-08-21,Credit Card,Delivered,5,2024-08-21,2024-08-25,4.0
14718,1217,2024-08-21,COD,Delivered,5,2024-08-23,2024-08-27,5.0
14719,481,2024-08-22,Debit Card,Delivered,5,2024-08-23,2024-08-28,4.0
14720,2566,2024-08-22,COD,Delivered,5,2024-08-24,2024-08-30,4.0
14721,2378,2024-08-22,UPI,Delivered,5,2024-08-24,2024-08-29,5.0
14722,2285,2024-08-22,Debit Card,Delivered,5,2024-08-24,2024-08-28,
14723,2572,2024-08-22,Debit Card,Delivered,5,2024-08-24,2024-08-28,4.0
14724,2791,2024-08-22,Debit Card,Delivered,5,2024-08-23,2024-08-28,
14725,170,2024-08-22,Credit Card,Delivered,5,2024-08-23,2024-08-27,
14726,199,2024-08-22,Debit Card,Delivered,5,2024-08-22,2024-08-29,3.0
14727,426,2024-08-22,COD,Delivered,5,2024-08-24,2024-08-27,5.0
14728,2278,2024-08-23,UPI,Delivered,5,2024-08-25,2024-08-30,
14729,2444,2024-08-23,UPI,Delivered,5,2024-08-24,2024-08-27,5.0
14730,974,2024-08-23,UPI,Cancelled,5,,,
14731,811,2024-08-23,UPI,Delivered,5,2024-08-25,2024-09-02,
14732,1584,2024-08-24,Debit Card,Delivered,5,2024-08-24,2024-08-27,5.0
14733,1976,2024-08-24,UPI,Delivered,5,2024-08-25,2024-08-29,5.0
14734,2833,2024-08-24,UPI,Delivered,5,2024-08-25,2024-08-28,4.0
14735,322,2024-08-24,COD,Delivered,5,2024-08-26,2024-08-30,3.0
14736,780,2024-08-24,COD,Delivered,5,2024-08-26,2024-09-01,4.0
14737,222,2024-08-24,Credit Card,Delivered,5,2024-08-25,2024-08-31,5.0
14738,2530,2024-08-24,Credit Card,Delivered,5,2024-08-24,2024-08-28,4.0
14739,1624,2024-08-24,UPI,Delivered,5,2024-08-26,2024-09-01,4.0
14740,703,2024-08-24,Credit Card,Delivered,5,2024-08-25,2024-08-28,4.0
14741,51,2024-08-24,UPI,Delivered,5,2024-08-24,2024-08-27,5.0
14742,608,2024-08-24,UPI,Delivered,5,2024-08-25,2024-08-28,
14743,2867,2024-08-24,COD,Delivered,5,2024-08-26,2024-08-29,4.0
14744,2721,2024-08-25,Credit Card,Delivered,5,2024-08-25,2024-08-29,5.0
14745,2834,2024-08-25,UPI,Delivered,5,2024-08-25,2024-08-30,4.0
14746,506,2024-08-25,Debit Card,Delivered,5,2024-08-27,2024-08-29,
14747,1407,2024-08-25,Credit Card,Delivered,5,2024-08-26,2024-08-30,5.0
14748,681,2024-08-25,UPI,Delivered,5,2024-08-27,2024-09-05,3.0
14749,1711,2024-08-25,UPI,Delivered,5,2024-08-25,2024-08-27,5.0
14750,2179,2024-08-25,UPI,Delivered,5,2024-08-25,2024-08-31,4.0
14751,2896,2024-08-25,Credit Card,Delivered,5,2024-08-26,2024-08-31,
14752,2603,2024-08-25,UPI,Delivered,5,2024-08-27,2024-08-30,4.0
14753,1399,2024-08-25,UPI,Delivered,5,2024-08-27,2024-08-31,5.0
14754,2115,2024-08-26,COD,Returned,5,2024-08-27,2024-08-31,4.0
14755,2197,2024-08-26,COD,Cancelled,5,,,
14756,327,2024-08-26,Credit Card,Delivered,5,2024-08-27,2024-08-30,
14757,1601,2024-08-26,COD,Delivered,5,2024-08-26,2024-08-29,4.0
14758,2735,2024-08-26,Credit Card,Delivered,5,2024-08-28,2024-09-01,
14759,837,2024-08-26,UPI,Delivered,5,2024-08-27,2024-09-01,4.0
14760,596,2024-08-26,Credit Card,Delivered,5,2024-08-28,2024-09-02,4.0
14761,756,2024-08-26,UPI,Delivered,5,2024-08-28,2024-09-01,5.0
14762,2807,2024-08-26,Credit Card,Delivered,5,2024-08-26,2024-08-31,
14763,2256,2024-08-26,Net Banking,Delivered,5,2024-08-26,2024-08-29,
14764,285,2024-08-27,UPI,Delivered,5,2024-08-28,2024-08-31,
14765,2851,2024-08-27,UPI,Cancelled,5,,,
14766,2112,2024-08-27,UPI,Delivered,5,2024-08-29,2024-09-03,4.0
14767,1659,2024-08-27,COD,Delivered,5,2024-08-29,2024-08-31,4.0
14768,1936,2024-08-27,UPI,Delivered,5,2024-08-29,2024-09-02,4.0
14769,2413,2024-08-27,COD,Delivered,5,2024-08-29,2024-09-02,4.0
14770,2888,2024-08-27,UPI,Delivered,5,2024-08-29,2024-08-31,4.0
14771,872,2024-08-27,COD,Delivered,5,2024-08-27,2024-08-31,
14772,390,2024-08-27,UPI,Delivered,5,2024-08-29,2024-09-05,3.0
14773,1908,2024-08-28,UPI,Delivered,5,2024-08-30,2024-09-02,5.0
14774,607,2024-08-28,UPI,Delivered,5,2024-08-28,2024-08-31,4.0
14775,817,2024-08-28,UPI,Delivered,5,2024-08-29,2024-09-01,5.0
14776,520,2024-08-28,UPI,Delivered,5,2024-08-29,2024-09-01,
14777,463,2024-08-28,UPI,Delivered,5,2024-08-28,2024-08-31,4.0
14778,2894,2024-08-28,Credit Card,Delivered,5,2024-08-28,2024-09-03,5.0
14779,2402,2024-08-29,Credit Card,Delivered,5,2024-08-31,2024-09-02,5.0
14780,1945,2024-08-29,UPI,Delivered,5,2024-08-30,2024-09-02,4.0
14781,1935,2024-08-29,Debit Card,Delivered,5,2024-08-29,2024-09-04,3.0
14782,1948,2024-08-29,COD,Delivered,5,2024-08-31,2024-09-05,
14783,199,2024-08-29,Net Banking,Delivered,5,2024-08-29,2024-09-03,
14784,879,2024-08-29,Credit Card,Delivered,5,2024-08-30,2024-09-02,5.0
14785,253,2024-08-29,UPI,Delivered,5,2024-08-29,2024-08-31,5.0
14786,2361,2024-08-29,Net Banking,Delivered,5,2024-08-29,2024-09-03,
14787,1436,2024-08-30,Net Banking,Delivered,5,2024-09-01,2024-09-03,5.0
14788,865,2024-08-30,COD,Delivered,5,2024-09-01,2024-09-05,5.0
14789,217,2024-08-30,Debit Card,Delivered,5,2024-08-31,2024-09-04,5.0
14790,2442,2024-08-30,Debit Card,Delivered,5,2024-08-30,2024-09-03,
14791,1596,2024-08-30,COD,Delivered,5,2024-08-31,2024-09-05,5.0
14792,866,2024-08-30,Credit Card,Delivered,5,2024-08-30,2024-09-02,5.0
14793,1314,2024-08-30,UPI,Delivered,5,2024-08-30,2024-09-01,
14794,884,2024-08-30,Net Banking,Delivered,5,2024-09-01,2024-09-05,4.0
14795,2971,2024-08-30,COD,Delivered,5,2024-08-31,2024-09-05,3.0
14796,696,2024-08-30,UPI,Delivered,5,2024-09-01,2024-09-07,
14797,297,2024-08-30,UPI,Delivered,5,2024-08-31,2024-09-04,5.0
14798,170,2024-08-30,COD,Delivered,5,2024-08-30,2024-09-03,4.0
14799,318,2024-08-31,UPI,Delivered,5,2024-09-02,2024-09-07,5.0
14800,406,2024-08-31,Debit Card,Delivered,5,2024-09-01,2024-09-05,
14801,1390,2024-08-31,UPI,Delivered,5,2024-09-02,2024-09-07,
14802,1654,2024-08-31,UPI,Delivered,5,2024-09-01,2024-09-04,4.0
14803,1353,2024-08-31,COD,Delivered,5,2024-08-31,2024-09-05,
14804,833,2024-08-31,Net Banking,Cancelled,5,,,
14805,2659,2024-09-01,Credit Card,Delivered,5,2024-09-01,2024-09-06,5.0
14806,37,2024-09-01,UPI,Delivered,5,2024-09-02,2024-09-07,
14807,1216,2024-09-01,UPI,Delivered,5,2024-09-02,2024-09-06,4.0
14808,903,2024-09-01,UPI,Delivered,5,2024-09-01,2024-09-07,5.0
14809,826,2024-09-01,COD,Delivered,5,2024-09-01,2024-09-04,5.0
14810,1701,2024-09-01,UPI,Delivered,5,2024-09-03,2024-09-07,
14811,573,2024-09-01,Net Banking,Delivered,5,2024-09-02,2024-09-08,
14812,330,2024-09-01,COD,Delivered,5,2024-09-03,2024-09-09,
14813,975,2024-09-01,Credit Card,Delivered,5,2024-09-02,2024-09-07,3.0
14814,764,2024-09-01,UPI,Delivered,5,2024-09-01,2024-09-07,3.0
14815,1050,2024-09-01,Net Banking,Delivered,5,2024-09-03,2024-09-09,3.0
14816,1087,2024-09-01,UPI,Delivered,5,2024-09-01,2024-09-05,
14817,1118,2024-09-01,COD,Delivered,5,2024-09-02,2024-09-05,
14818,1167,2024-09-01,UPI,Delivered,5,2024-09-01,2024-09-03,4.0
14819,1331,2024-09-01,UPI,Delivered,5,2024-09-03,2024-09-06,
14820,2735,2024-09-02,UPI,Delivered,5,2024-09-04,2024-09-09,
14821,1292,2024-09-02,UPI,Returned,5,2024-09-04,2024-09-06,4.0
14822,747,2024-09-02,Debit Card,Delivered,5,2024-09-04,2024-09-09,4.0
14823,1141,2024-09-02,Credit Card,Delivered,5,2024-09-02,2024-09-06,
14824,1240,2024-09-02,UPI,Delivered,5,2024-09-04,2024-09-07,4.0
14825,2728,2024-09-02,Credit Card,Delivered,5,2024-09-03,2024-09-06,3.0
14826,867,2024-09-02,UPI,Delivered,5,2024-09-03,2024-09-06,4.0
14827,1205,2024-09-02,COD,Delivered,5,2024-09-04,2024-09-10,
14828,2078,2024-09-02,COD,Delivered,5,2024-09-04,2024-09-07,3.0
14829,1280,2024-09-02,Debit Card,Returned,5,2024-09-04,2024-09-07,4.0
14830,1893,2024-09-02,Net Banking,Delivered,5,2024-09-03,2024-09-06,4.0
14831,1985,2024-09-02,UPI,Delivered,5,2024-09-04,2024-09-09,4.0
14832,2074,2024-09-02,UPI,Delivered,5,2024-09-02,2024-09-06,5.0
14833,1636,2024-09-03,UPI,Delivered,5,2024-09-05,2024-09-07,4.0
14834,875,2024-09-03,COD,Delivered,5,2024-09-04,2024-09-09,5.0
14835,1054,2024-09-03,UPI,Cancelled,5,,,
14836,936,2024-09-03,COD,Delivered,5,2024-09-04,2024-09-08,
14837,1899,2024-09-03,Credit Card,Delivered,5,2024-09-03,2024-09-10,3.0
14838,1759,2024-09-03,UPI,Delivered,5,2024-09-04,2024-09-07,
14839,1329,2024-09-03,Credit Card,Delivered,5,2024-09-04,2024-09-07,4.0
14840,605,2024-09-03,Credit Card,Delivered,5,2024-09-03,2024-09-07,3.0
14841,1339,2024-09-03,Credit Card,Delivered,5,2024-09-03,2024-09-07,5.0
14842,101,2024-09-03,COD,Delivered,5,2024-09-04,2024-09-10,4.0
14843,698,2024-09-03,Debit Card,Delivered,5,2024-09-04,2024-09-08,4.0
14844,545,2024-09-03,UPI,Delivered,5,2024-09-04,2024-09-07,5.0
14845,2369,2024-09-03,Debit Card,Delivered,5,2024-09-04,2024-09-07,5.0
14846,2343,2024-09-04,UPI,Cancelled,5,,,
14847,1209,2024-09-04,COD,Delivered,5,2024-09-04,2024-09-08,4.0
14848,2888,2024-09-04,UPI,Delivered,5,2024-09-04,2024-09-09,
14849,300,2024-09-04,Debit Card,Delivered,5,2024-09-06,2024-09-09,3.0
14850,2380,2024-09-04,UPI,Delivered,5,2024-09-06,2024-09-10,3.0
14851,1624,2024-09-04,UPI,Delivered,5,2024-09-05,2024-09-10,5.0
14852,898,2024-09-04,Debit Card,Delivered,5,2024-09-05,2024-09-10,
14853,890,2024-09-04,UPI,Delivered,5,2024-09-05,2024-09-08,4.0
14854,2863,2024-09-04,Debit Card,Delivered,5,2024-09-05,2024-09-10,3.0
14855,1776,2024-09-05,Credit Card,Delivered,5,2024-09-07,2024-09-11,
14856,2597,2024-09-05,UPI,Delivered,5,2024-09-07,2024-09-10,4.0
14857,1735,2024-09-05,UPI,Delivered,5,2024-09-05,2024-09-10,4.0
14858,1890,2024-09-05,Debit Card,Delivered,5,2024-09-06,2024-09-09,4.0
14859,569,2024-09-05,Credit Card,Cancelled,5,,,
14860,1603,2024-09-05,Credit Card,Delivered,5,2024-09-05,2024-09-08,
14861,741,2024-09-05,UPI,Delivered,5,2024-09-06,2024-09-09,
14862,2694,2024-09-05,UPI,Delivered,5,2024-09-05,2024-09-08,5.0
14863,515,2024-09-06,Debit Card,Delivered,5,2024-09-07,2024-09-10,
14864,2059,2024-09-06,COD,Delivered,5,2024-09-06,2024-09-10,5.0
14865,1397,2024-09-06,Credit Card,Delivered,5,2024-09-08,2024-09-10,
14866,2572,2024-09-06,Credit Card,Delivered,5,2024-09-06,2024-09-10,
14867,383,2024-09-06,Credit Card,Delivered,5,2024-09-06,2024-09-14,3.0
14868,782,2024-09-06,Debit Card,Delivered,5,2024-09-08,2024-09-14,4.0
14869,1474,2024-09-06,COD,Delivered,5,2024-09-08,2024-09-13,4.0
14870,1020,2024-09-06,UPI,Delivered,5,2024-09-08,2024-09-15,
14871,1288,2024-09-06,Debit Card,Delivered,5,2024-09-06,2024-09-13,
14872,1065,2024-09-07,UPI,Delivered,5,2024-09-08,2024-09-12,5.0
14873,1475,2024-09-07,UPI,Delivered,5,2024-09-07,2024-09-10,5.0
14874,2599,2024-09-07,UPI,Delivered,5,2024-09-07,2024-09-12,5.0
14875,995,2024-09-07,UPI,Delivered,5,2024-09-09,2024-09-12,4.0
14876,1889,2024-09-07,UPI,Delivered,5,2024-09-07,2024-09-11,5.0
14877,1838,2024-09-07,UPI,Delivered,5,2024-09-08,2024-09-12,5.0
14878,131,2024-09-07,UPI,Delivered,5,2024-09-09,2024-09-13,4.0
14879,281,2024-09-08,UPI,Delivered,5,2024-09-08,2024-09-12,
14880,622,2024-09-08,UPI,Delivered,5,2024-09-10,2024-09-14,4.0
14881,2493,2024-09-08,UPI,Delivered,5,2024-09-08,2024-09-14,
14882,2175,2024-09-08,COD,Delivered,5,2024-09-09,2024-09-13,5.0
14883,1226,2024-09-08,Credit Card,Delivered,5,2024-09-09,2024-09-13,
14884,2587,2024-09-08,UPI,Delivered,5,2024-09-10,2024-09-13,5.0
14885,1446,2024-09-08,UPI,Delivered,5,2024-09-10,2024-09-14,5.0
14886,756,2024-09-08,Credit Card,Delivered,5,2024-09-08,2024-09-12,
14887,1951,2024-09-08,UPI,Delivered,5,2024-09-09,2024-09-12,5.0
14888,1758,2024-09-08,UPI,Delivered,5,2024-09-09,2024-09-13,4.0
14889,1938,2024-09-09,UPI,Delivered,5,2024-09-10,2024-09-14,
14890,1057,2024-09-09,Credit Card,Delivered,5,2024-09-09,2024-09-12,4.0
14891,837,2024-09-09,Debit Card,Delivered,5,2024-09-11,2024-09-18,
14892,2723,2024-09-09,Credit Card,Delivered,5,2024-09-10,2024-09-13,5.0
14893,2416,2024-09-09,UPI,Cancelled,5,,,
14894,2222,2024-09-09,UPI,Delivered,5,2024-09-10,2024-09-13,4.0
14895,350,2024-09-09,COD,Delivered,5,2024-09-11,2024-09-14,5.0
14896,1113,2024-09-10,Debit Card,Delivered,5,2024-09-11,2024-09-14,4.0
14897,1774,2024-09-10,Debit Card,Delivered,5,2024-09-11,2024-09-16,4.0
14898,954,2024-09-10,COD,Delivered,5,2024-09-12,2024-09-15,4.0
14899,1925,2024-09-10,Credit Card,Delivered,5,2024-09-10,2024-09-16,
14900,2646,2024-09-10,UPI,Delivered,5,2024-09-10,2024-09-13,
14901,2847,2024-09-10,Debit Card,Delivered,5,2024-09-11,2024-09-14,
14902,987,2024-09-10,UPI,Delivered,5,2024-09-10,2024-09-14,
14903,2395,2024-09-10,Debit Card,Delivered,5,2024-09-11,2024-09-19,3.0
14904,1249,2024-09-10,UPI,Delivered,5,2024-09-12,2024-09-16,5.0
14904,1249,2024-09-10,UPI,Delivered,5,2024-09-12,2024-09-16,5.0
14905,1244,2024-09-11,UPI,Delivered,5,2024-09-13,2024-09-17,4.0
14906,2530,2024-09-11,UPI,Delivered,5,2024-09-12,2024-09-17,
14906,2530,2024-09-11,UPI,Delivered,5,2024-09-12,2024-09-17,
14907,297,2024-09-11,UPI,Delivered,5,2024-09-12,2024-09-17,5.0
14908,232,2024-09-11,Credit Card,Delivered,5,2024-09-13,2024-09-21,
14909,2252,2024-09-11,UPI,Returned,5,2024-09-13,2024-09-19,5.0
14910,1300,2024-09-11,UPI,Delivered,5,2024-09-13,2024-09-17,4.0
14911,1914,2024-09-11,UPI,Delivered,5,2024-09-13,2024-09-16,5.0
14912,2678,2024-09-11,COD,Delivered,5,2024-09-12,2024-09-16,
14913,394,2024-09-12,COD,Delivered,5,2024-09-14,2024-09-20,3.0
14914,575,2024-09-12,Debit Card,Delivered,5,2024-09-13,2024-09-15,5.0
14915,1287,2024-09-12,Credit Card,Delivered,5,2024-09-13,2024-09-18,5.0
14916,2609,2024-09-12,Credit Card,Delivered,5,2024-09-13,2024-09-17,
14917,2734,2024-09-12,UPI,Delivered,5,2024-09-12,2024-09-19,3.0
14918,2008,2024-09-12,UPI,Delivered,5,2024-09-12,2024-09-16,4.0
14919,2721,2024-09-12,UPI,Delivered,5,2024-09-14,2024-09-18,
14920,1159,2024-09-12,COD,Delivered,5,2024-09-13,2024-09-19,3.0
14921,2088,2024-09-12,Credit Card,Delivered,5,2024-09-12,2024-09-17,4.0
14922,2412,2024-09-12,UPI,Delivered,5,2024-09-12,2024-09-15,
14923,322,2024-09-12,Credit Card,Delivered,5,2024-09-12,2024-09-15,
14924,2060,2024-09-12,UPI,Delivered,5,2024-09-12,2024-09-16,4.0
14925,661,2024-09-12,Credit Card,Delivered,5,2024-09-14,2024-09-21,3.0
14926,426,2024-09-12,Debit Card,Delivered,5,2024-09-14,2024-09-18,4.0
14927,2797,2024-09-12,COD,Delivered,5,2024-09-12,2024-09-15,4.0
14928,2341,2024-09-12,Debit Card,Delivered,5,2024-09-13,2024-09-18,4.0
14929,2130,2024-09-12,COD,Delivered,5,2024-09-13,2024-09-15,
14930,2117,2024-09-12,UPI,Delivered,5,2024-09-14,2024-09-19,
14931,502,2024-09-12,Debit Card,Delivered,5,2024-09-14,2024-09-18,5.0
14932,2291,2024-09-13,COD,Delivered,5,2024-09-15,2024-09-19,
14933,408,2024-09-13,UPI,Delivered,5,2024-09-15,2024-09-18,5.0
14934,2643,2024-09-13,COD,Delivered,5,2024-09-15,2024-09-19,4.0
14935,233,2024-09-13,Net Banking,Delivered,5,2024-09-15,2024-09-22,
14936,1996,2024-09-13,Debit Card,Delivered,5,2024-09-15,2024-09-19,5.0
14937,1032,2024-09-13,UPI,Delivered,5,2024-09-15,2024-09-18,4.0
14938,244,2024-09-13,UPI,Delivered,5,2024-09-13,2024-09-18,5.0
14939,2927,2024-09-13,Debit Card,Delivered,5,2024-09-13,2024-09-16,
14940,1178,2024-09-13,COD,Delivered,5,2024-09-13,2024-09-19,5.0
14941,2760,2024-09-13,UPI,Delivered,5,2024-09-15,2024-09-19,
14942,1474,2024-09-13,UPI,Cancelled,5,,,
14943,2007,2024-09-14,UPI,Delivered,5,2024-09-15,2024-09-20,4.0
14944,1603,2024-09-14,Credit Card,Delivered,5,2024-09-14,2024-09-17,
14945,329,2024-09-14,COD,Delivered,5,2024-09-14,2024-09-18,5.0
14946,216,2024-09-14,Credit Card,Delivered,5,2024-09-15,2024-09-19,5.0
14947,1182,2024-09-14,Credit Card,Delivered,5,2024-09-16,2024-09-20,4.0
14948,2694,2024-09-15,Debit Card,Delivered,5,2024-09-17,2024-09-19,
14949,331,2024-09-15,Credit Card,Delivered,5,2024-09-17,2024-09-22,
14950,2346,2024-09-15,Debit Card,Delivered,5,2024-09-17,2024-09-20,5.0
14951,2900,2024-09-15,UPI,Delivered,5,2024-09-16,2024-09-23,5.0
14952,300,2024-09-15,UPI,Delivered,5,2024-09-15,2024-09-19,4.0
14953,599,2024-09-15,COD,Delivered,5,2024-09-16,2024-09-19,4.0
14954,2298,2024-09-15,Credit Card,Delivered,5,2024-09-17,2024-09-25,
14955,1261,2024-09-15,UPI,Delivered,5,2024-09-16,2024-09-21,5.0
14956,2072,2024-09-16,Credit Card,Delivered,5,2024-09-18,2024-09-20,
14957,167,2024-09-16,Debit Card,Delivered,5,2024-09-17,2024-09-20,4.0
14958,1353,2024-09-16,UPI,Delivered,5,2024-09-18,2024-09-21,5.0
14959,42,2024-09-16,Credit Card,Delivered,5,2024-09-16,2024-09-23,4.0
14960,985,2024-09-16,UPI,Delivered,5,2024-09-18,2024-09-20,4.0
14961,2793,2024-09-16,COD,Delivered,5,2024-09-17,2024-09-21,4.0
14962,2418,2024-09-16,Credit Card,Delivered,5,2024-09-16,2024-09-24,2.0
14963,2558,2024-09-16,COD,Delivered,5,2024-09-16,2024-09-19,2.0
14964,2315,2024-09-16,Debit Card,Delivered,5,2024-09-18,2024-09-22,4.0
14965,1967,2024-09-16,COD,Delivered,5,2024-09-16,2024-09-21,4.0
14966,698,2024-09-17,UPI,Delivered,5,2024-09-18,2024-09-21,
14967,1148,2024-09-17,UPI,Delivered,5,2024-09-17,2024-09-22,5.0
14968,905,2024-09-17,COD,Delivered,5,2024-09-18,2024-09-24,3.0
14969,2496,2024-09-17,COD,Delivered,5,2024-09-17,2024-09-21,5.0
14970,1770,2024-09-17,COD,Delivered,5,2024-09-19,2024-09-22,3.0
14971,1456,2024-09-17,Net Banking,Delivered,5,2024-09-19,2024-09-23,4.0
14972,2028,2024-09-17,Credit Card,Delivered,5,2024-09-18,2024-09-20,
14973,421,2024-09-18,Credit Card,Delivered,5,2024-09-19,2024-09-26,
14974,2537,2024-09-18,COD,Delivered,5,2024-09-20,2024-09-23,
14975,1882,2024-09-18,UPI,Delivered,5,2024-09-20,2024-09-23,
14976,1859,2024-09-18,COD,Delivered,5,2024-09-20,2024-09-26,
14977,1250,2024-09-19,COD,Delivered,5,2024-09-21,2024-09-23,4.0
14978,2867,2024-09-19,Credit Card,Delivered,5,2024-09-19,2024-09-22,3.0
14979,1845,2024-09-19,UPI,Delivered,5,2024-09-19,2024-09-22,5.0
14980,1111,2024-09-19,Debit Card,Delivered,5,2024-09-20,2024-09-24,5.0
14981,763,2024-09-19,COD,Delivered,5,2024-09-20,2024-09-23,5.0
14982,1683,2024-09-19,UPI,Delivered,5,2024-09-19,2024-09-22,5.0
14983,1414,2024-09-19,UPI,Delivered,5,2024-09-19,2024-09-22,4.0
14984,1390,2024-09-19,Debit Card,Delivered,5,2024-09-19,2024-09-22,5.0
14985,2894,2024-09-20,COD,Delivered,5,2024-09-21,2024-09-25,4.0
14986,1893,2024-09-20,Debit Card,Delivered,5,2024-09-20,2024-09-24,5.0
14987,2419,2024-09-20,Credit Card,Delivered,5,2024-09-21,2024-09-23,4.0
14988,1938,2024-09-20,UPI,Delivered,5,2024-09-21,2024-09-25,4.0
14989,881,2024-09-21,Credit Card,Delivered,5,2024-09-21,2024-09-24,4.0
14990,489,2024-09-21,COD,Returned,5,2024-09-21,2024-09-24,5.0
14991,2860,2024-09-21,UPI,Delivered,5,2024-09-21,2024-09-26,4.0
14992,2659,2024-09-22,UPI,Delivered,5,2024-09-24,2024-10-03,3.0
14993,110,2024-09-22,UPI,Delivered,5,2024-09-24,2024-09-28,4.0
14994,136,2024-09-22,UPI,Delivered,5,2024-09-22,2024-09-25,4.0
14995,115,2024-09-22,UPI,Delivered,5,2024-09-24,2024-09-27,3.0
14996,2619,2024-09-22,COD,Delivered,5,2024-09-22,2024-09-24,2.0
14997,1374,2024-09-22,Credit Card,Delivered,5,2024-09-24,2024-09-28,
14998,1079,2024-09-22,Debit Card,Cancelled,5,,,
14999,1861,2024-09-22,Credit Card,Delivered,5,2024-09-24,2024-09-26,3.0
15000,291,2024-09-22,COD,Delivered,5,2024-09-23,2024-09-27,5.0
15001,1457,2024-09-23,UPI,Delivered,5,2024-09-25,2024-09-27,5.0
15002,2392,2024-09-23,UPI,Delivered,5,2024-09-23,2024-09-27,4.0
15003,2866,2024-09-23,UPI,Delivered,5,2024-09-24,2024-09-29,5.0
15004,1532,2024-09-23,Net Banking,Delivered,5,2024-09-25,2024-10-01,5.0
15005,1638,2024-09-23,Debit Card,Delivered,5,2024-09-23,2024-09-26,5.0
15006,1118,2024-09-23,Debit Card,Delivered,5,2024-09-24,2024-10-01,5.0
15007,1889,2024-09-24,UPI,Delivered,5,2024-09-26,2024-09-30,5.0
15008,2126,2024-09-24,UPI,Delivered,5,2024-09-26,2024-09-29,
15009,2616,2024-09-24,Net Banking,Delivered,5,2024-09-25,2024-09-28,
15010,521,2024-09-24,Credit Card,Delivered,5,2024-09-24,2024-09-27,5.0
15011,2786,2024-09-24,Debit Card,Delivered,5,2024-09-26,2024-09-29,5.0
15012,534,2024-09-24,COD,Delivered,5,2024-09-24,2024-09-26,4.0
15013,167,2024-09-24,Debit Card,Delivered,5,2024-09-25,2024-09-28,4.0
15014,2076,2024-09-24,UPI,Delivered,5,2024-09-26,2024-09-29,3.0
15015,1453,2024-09-24,UPI,Cancelled,5,,,
15016,936,2024-09-25,UPI,Delivered,5,2024-09-26,2024-09-28,5.0
15017,764,2024-09-25,Net Banking,Delivered,5,2024-09-26,2024-09-30,4.0
15018,1064,2024-09-25,COD,Delivered,5,2024-09-25,2024-10-01,5.0
15019,903,2024-09-25,UPI,Delivered,5,2024-09-26,2024-09-30,4.0
15020,355,2024-09-25,COD,Cancelled,5,,,
15021,726,2024-09-25,UPI,Delivered,5,2024-09-26,2024-10-01,5.0
15022,1633,2024-09-25,UPI,Delivered,5,2024-09-27,2024-10-01,3.0
15023,2192,2024-09-25,UPI,Delivered,5,2024-09-25,2024-10-03,3.0
15024,596,2024-09-25,COD,Cancelled,5,,,
15025,305,2024-09-25,UPI,Delivered,5,2024-09-25,2024-09-30,3.0
15026,2238,2024-09-26,UPI,Delivered,5,2024-09-27,2024-10-01,5.0
15027,1588,2024-09-26,UPI,Delivered,5,2024-09-26,2024-09-30,4.0
15028,2450,2024-09-26,UPI,Delivered,5,2024-09-28,2024-10-01,5.0
15029,1836,2024-09-26,Credit Card,Delivered,5,2024-09-26,2024-10-01,5.0
15030,1564,2024-09-26,UPI,Delivered,5,2024-09-28,2024-10-02,
15031,1741,2024-09-26,COD,Delivered,5,2024-09-26,2024-10-01,
15032,1398,2024-09-26,Net Banking,Delivered,5,2024-09-28,2024-10-04,
15033,1863,2024-09-26,UPI,Delivered,5,2024-09-26,2024-09-30,4.0
15034,2441,2024-09-26,COD,Delivered,5,2024-09-27,2024-09-30,5.0
15035,98,2024-09-26,COD,Delivered,5,2024-09-26,2024-10-01,
15036,1652,2024-09-26,COD,Cancelled,5,,,
15037,552,2024-09-27,UPI,Delivered,5,2024-09-27,2024-10-03,5.0
15038,1129,2024-09-27,COD,Delivered,5,2024-09-28,2024-10-02,5.0
15039,813,2024-09-27,Credit Card,Delivered,5,2024-09-28,2024-10-02,5.0
15040,1801,2024-09-27,UPI,Delivered,5,2024-09-27,2024-10-04,4.0
15041,298,2024-09-27,COD,Delivered,5,2024-09-27,2024-10-06,3.0
15042,858,2024-09-27,UPI,Delivered,5,2024-09-28,2024-10-08,3.0
15043,2741,2024-09-27,COD,Returned,5,2024-09-27,2024-10-01,4.0
15044,2117,2024-09-28,Debit Card,Delivered,5,2024-09-30,2024-10-05,
15045,2391,2024-09-28,Credit Card,Delivered,5,2024-09-30,2024-10-04,
15046,2902,2024-09-28,UPI,Delivered,5,2024-09-29,2024-10-02,
15047,1297,2024-09-28,COD,Delivered,5,2024-09-29,2024-10-03,
15048,257,2024-09-28,UPI,Delivered,5,2024-09-29,2024-10-02,5.0
15049,573,2024-09-28,COD,Delivered,5,2024-09-30,2024-10-05,4.0
15050,2211,2024-09-28,Debit Card,Delivered,5,2024-09-29,2024-10-03,4.0
15051,2718,2024-09-28,UPI,Delivered,5,2024-09-29,2024-10-04,5.0
15052,703,2024-09-28,Credit Card,Delivered,5,2024-09-30,2024-10-04,4.0
15053,2678,2024-09-28,Net Banking,Delivered,5,2024-09-28,2024-10-02,3.0
15054,1921,2024-09-28,COD,Delivered,5,2024-09-29,2024-10-04,4.0
15055,9,2024-09-28,UPI,Delivered,5,2024-09-29,2024-10-02,5.0
15056,941,2024-09-29,UPI,Delivered,5,2024-09-30,2024-10-03,5.0
15057,2822,2024-09-29,UPI,Delivered,5,2024-10-01,2024-10-06,4.0
15058,1432,2024-09-29,COD,Delivered,5,2024-09-29,2024-10-03,4.0
15059,1838,2024-09-29,UPI,Delivered,5,2024-09-30,2024-10-05,5.0
15060,2044,2024-09-29,UPI,Cancelled,5,,,
15061,2151,2024-09-29,UPI,Delivered,5,2024-09-29,2024-10-03,5.0
15062,606,2024-09-29,Net Banking,Delivered,5,2024-09-29,2024-10-04,4.0
15063,644,2024-09-30,UPI,Delivered,5,2024-10-02,2024-10-06,
15064,1124,2024-09-30,Debit Card,Delivered,5,2024-10-02,2024-10-05,5.0
15065,1951,2024-09-30,UPI,Delivered,5,2024-09-30,2024-10-04,5.0
15066,2983,2024-09-30,Debit Card,Delivered,5,2024-10-01,2024-10-06,4.0
15066,2983,2024-09-30,Debit Card,Delivered,5,2024-10-01,2024-10-06,4.0
15067,480,2024-09-30,Credit Card,Delivered,5,2024-10-02,2024-10-06,
15068,2496,2024-09-30,COD,Delivered,5,2024-10-01,2024-10-04,3.0
15069,575,2024-09-30,Debit Card,Delivered,5,2024-09-30,2024-10-04,
15070,2243,2024-09-30,UPI,Delivered,5,2024-10-01,2024-10-05,4.0
15071,319,2024-09-30,UPI,Delivered,5,2024-10-02,2024-10-04,5.0
15072,744,2024-09-30,UPI,Delivered,5,2024-10-01,2024-10-03,3.0
15073,1314,2024-10-01,UPI,Delivered,5,2024-10-02,2024-10-04,3.0
15074,1456,2024-10-01,Net Banking,Delivered,5,2024-10-03,2024-10-08,
15075,1555,2024-10-01,Credit Card,Delivered,5,2024-10-03,2024-10-05,5.0
15076,1492,2024-10-01,COD,Delivered,5,2024-10-03,2024-10-06,5.0
15077,2186,2024-10-01,UPI,Delivered,5,2024-10-02,2024-10-06,
15078,2197,2024-10-01,COD,Delivered,5,2024-10-03,2024-10-07,5.0
15079,1530,2024-10-01,COD,Delivered,5,2024-10-03,2024-10-07,
15080,1346,2024-10-01,Debit Card,Delivered,5,2024-10-01,2024-10-05,4.0
15081,102,2024-10-02,UPI,Returned,5,2024-10-04,2024-10-08,
15082,1250,2024-10-02,COD,Delivered,5,2024-10-04,2024-10-07,5.0
15083,2979,2024-10-02,COD,Delivered,5,2024-10-02,2024-10-05,5.0
15084,2816,2024-10-02,UPI,Delivered,5,2024-10-02,2024-10-05,5.0
15085,1115,2024-10-02,Net Banking,Delivered,5,2024-10-04,2024-10-07,5.0
15086,2558,2024-10-02,COD,Delivered,5,2024-10-02,2024-10-07,5.0
15087,104,2024-10-02,UPI,Delivered,5,2024-10-02,2024-10-07,4.0
15088,911,2024-10-02,UPI,Delivered,5,2024-10-03,2024-10-13,2.0
15089,1414,2024-10-02,UPI,Delivered,5,2024-10-03,2024-10-09,
15090,2497,2024-10-02,Credit Card,Delivered,5,2024-10-02,2024-10-05,
15091,1211,2024-10-02,COD,Delivered,5,2024-10-02,2024-10-06,5.0
15092,2578,2024-10-02,COD,Delivered,5,2024-10-02,2024-10-07,4.0
15093,1980,2024-10-02,UPI,Delivered,5,2024-10-03,2024-10-06,5.0
15094,2055,2024-10-03,Credit Card,Delivered,5,2024-10-03,2024-10-06,4.0
15095,1831,2024-10-03,Credit Card,Delivered,5,2024-10-05,2024-10-07,5.0
15096,946,2024-10-03,Credit Card,Returned,5,2024-10-04,2024-10-07,5.0
15097,332,2024-10-03,Debit Card,Delivered,5,2024-10-04,2024-10-08,5.0
15098,2272,2024-10-03,Debit Card,Delivered,5,2024-10-03,2024-10-08,
15099,780,2024-10-03,UPI,Cancelled,5,,,
15100,1342,2024-10-03,UPI,Delivered,5,2024-10-05,2024-10-10,
15101,2088,2024-10-03,COD,Delivered,5,2024-10-04,2024-10-10,
15102,1967,2024-10-03,UPI,Cancelled,5,,,
15103,1064,2024-10-04,Credit Card,Delivered,5,2024-10-04,2024-10-10,3.0
15104,741,2024-10-04,Net Banking,Delivered,5,2024-10-05,2024-10-11,4.0
15105,2040,2024-10-04,COD,Delivered,5,2024-10-04,2024-10-07,5.0
15106,1261,2024-10-04,Debit Card,Delivered,5,2024-10-05,2024-10-07,5.0
15107,1618,2024-10-04,UPI,Delivered,5,2024-10-04,2024-10-10,4.0
15108,264,2024-10-04,Debit Card,Delivered,5,2024-10-06,2024-10-11,
15109,2741,2024-10-04,Debit Card,Delivered,5,2024-10-04,2024-10-08,
15110,2963,2024-10-05,UPI,Delivered,5,2024-10-07,2024-10-10,
15111,777,2024-10-05,UPI,Delivered,5,2024-10-05,2024-10-11,
15112,293,2024-10-05,UPI,Delivered,5,2024-10-05,2024-10-08,4.0
15113,1782,2024-10-05,Credit Card,Delivered,5,2024-10-07,2024-10-10,4.0
15114,2836,2024-10-05,Net Banking,Delivered,5,2024-10-07,2024-10-10,
15115,2419,2024-10-05,Debit Card,Delivered,5,2024-10-07,2024-10-10,
15116,242,2024-10-05,UPI,Delivered,5,2024-10-06,2024-10-10,
15117,1044,2024-10-05,UPI,Cancelled,5,,,
15118,356,2024-10-05,Credit Card,Delivered,5,2024-10-07,2024-10-12,
15119,85,2024-10-05,Credit Card,Delivered,5,2024-10-07,2024-10-12,
15120,2027,2024-10-06,UPI,Delivered,5,2024-10-07,2024-10-10,5.0
15121,1758,2024-10-06,COD,Delivered,5,2024-10-08,2024-10-14,4.0
15122,417,2024-10-06,COD,Delivered,5,2024-10-06,2024-10-10,4.0
15123,163,2024-10-06,COD,Delivered,5,2024-10-08,2024-10-11,
15124,1566,2024-10-06,Credit Card,Delivered,5,2024-10-08,2024-10-13,5.0
15125,2818,2024-10-06,COD,Cancelled,5,,,
15126,2238,2024-10-06,Debit Card,Delivered,5,2024-10-06,2024-10-09,4.0
15127,129,2024-10-06,Credit Card,Delivered,5,2024-10-08,2024-10-14,
15128,298,2024-10-06,UPI,Delivered,5,2024-10-08,2024-10-11,4.0
15129,1374,2024-10-07,UPI,Delivered,5,2024-10-07,2024-10-12,
15130,1673,2024-10-07,UPI,Delivered,5,2024-10-08,2024-10-12,5.0
15131,583,2024-10-07,COD,Delivered,5,2024-10-07,2024-10-12,4.0
15132,865,2024-10-07,Debit Card,Delivered,5,2024-10-07,2024-10-11,
15133,2616,2024-10-07,Net Banking,Delivered,5,2024-10-07,2024-10-11,
15134,798,2024-10-08,Credit Card,Delivered,5,2024-10-08,2024-10-11,
15135,2332,2024-10-08,UPI,Delivered,5,2024-10-08,2024-10-14,3.0
15136,600,2024-10-08,Credit Card,Delivered,5,2024-10-08,2024-10-11,4.0
15137,351,2024-10-08,UPI,Delivered,5,2024-10-10,2024-10-16,4.0
15138,297,2024-10-09,COD,Delivered,5,2024-10-09,2024-10-14,5.0
15139,44,2024-10-09,UPI,Delivered,5,2024-10-09,2024-10-13,5.0
15140,1130,2024-10-09,UPI,Delivered,5,2024-10-10,2024-10-16,4.0
15141,1596,2024-10-09,Credit Card,Delivered,5,2024-10-10,2024-10-14,5.0
15142,2634,2024-10-09,COD,Delivered,5,2024-10-11,2024-10-15,
15143,2392,2024-10-09,Credit Card,Delivered,5,2024-10-09,2024-10-13,5.0
15144,2518,2024-10-09,UPI,Delivered,5,2024-10-09,2024-10-13,
15145,568,2024-10-10,COD,Delivered,5,2024-10-10,2024-10-12,4.0
15146,2868,2024-10-10,UPI,Delivered,5,2024-10-10,2024-10-12,4.0
15147,2679,2024-10-10,Debit Card,Delivered,5,2024-10-10,2024-10-14,
15148,905,2024-10-10,Debit Card,Delivered,5,2024-10-12,2024-10-18,
15149,683,2024-10-10,UPI,Delivered,5,2024-10-11,2024-10-14,
15150,890,2024-10-10,Credit Card,Delivered,5,2024-10-10,2024-10-14,4.0
15151,1372,2024-10-10,UPI,Delivered,5,2024-10-10,2024-10-15,4.0
15152,2642,2024-10-10,UPI,Delivered,5,2024-10-12,2024-10-15,5.0
15153,1309,2024-10-11,Debit Card,Delivered,5,2024-10-13,2024-10-17,4.0
15154,2849,2024-10-11,UPI,Delivered,5,2024-10-11,2024-10-14,
15155,341,2024-10-11,UPI,Delivered,5,2024-10-12,2024-10-15,4.0
15156,2449,2024-10-11,Debit Card,Delivered,5,2024-10-13,2024-10-16,
15157,2433,2024-10-11,COD,Delivered,5,2024-10-11,2024-10-14,4.0
15158,674,2024-10-11,COD,Delivered,5,2024-10-13,2024-10-15,5.0
15159,2770,2024-10-11,COD,Delivered,5,2024-10-12,2024-10-16,
15160,1472,2024-10-11,Credit Card,Delivered,5,2024-10-11,2024-10-14,3.0
15161,2307,2024-10-12,UPI,Delivered,5,2024-10-12,2024-10-19,
15162,747,2024-10-12,Credit Card,Delivered,5,2024-10-13,2024-10-18,5.0
15163,2786,2024-10-12,COD,Delivered,5,2024-10-12,2024-10-17,4.0
15164,2689,2024-10-12,Credit Card,Delivered,5,2024-10-12,2024-10-17,
15165,1749,2024-10-12,Net Banking,Delivered,5,2024-10-14,2024-10-17,4.0
15166,2894,2024-10-12,Debit Card,Delivered,5,2024-10-12,2024-10-17,
15167,2946,2024-10-12,UPI,Delivered,5,2024-10-12,2024-10-16,
15168,1808,2024-10-12,COD,Delivered,5,2024-10-13,2024-10-17,5.0
15169,1089,2024-10-12,UPI,Returned,5,2024-10-14,2024-10-19,
15170,2105,2024-10-13,COD,Delivered,5,2024-10-15,2024-10-18,
15171,1094,2024-10-13,UPI,Delivered,5,2024-10-14,2024-10-17,
15172,755,2024-10-13,Debit Card,Delivered,5,2024-10-15,2024-10-19,5.0
15173,1876,2024-10-13,Debit Card,Delivered,5,2024-10-13,2024-10-16,3.0
15174,170,2024-10-13,UPI,Delivered,5,2024-10-13,2024-10-17,2.0
15175,1727,2024-10-14,Debit Card,Cancelled,5,,,
15176,1374,2024-10-14,UPI,Delivered,5,2024-10-16,2024-10-20,4.0
15177,1055,2024-10-14,UPI,Delivered,5,2024-10-15,2024-10-19,4.0
15178,2391,2024-10-14,UPI,Delivered,5,2024-10-14,2024-10-18,4.0
15179,843,2024-10-14,COD,Delivered,5,2024-10-14,2024-10-18,5.0
15180,1688,2024-10-14,COD,Delivered,5,2024-10-14,2024-10-17,4.0
15181,2729,2024-10-14,UPI,Delivered,5,2024-10-16,2024-10-21,5.0
15182,894,2024-10-14,COD,Delivered,5,2024-10-14,2024-10-19,4.0
15183,1448,2024-10-14,COD,Delivered,5,2024-10-16,2024-10-19,3.0
15184,865,2024-10-14,UPI,Delivered,5,2024-10-15,2024-10-19,
15185,483,2024-10-15,Net Banking,Delivered,5,2024-10-17,2024-10-20,
15186,1919,2024-10-15,UPI,Delivered,5,2024-10-15,2024-10-17,3.0
15187,2045,2024-10-15,COD,Delivered,5,2024-10-16,2024-10-20,4.0
15188,2760,2024-10-15,Credit Card,Delivered,5,2024-10-15,2024-10-19,4.0
15189,1168,2024-10-15,Net Banking,Delivered,5,2024-10-15,2024-10-19,
15190,567,2024-10-15,UPI,Delivered,5,2024-10-16,2024-10-19,5.0
15191,1980,2024-10-15,UPI,Delivered,5,2024-10-16,2024-10-19,4.0
15192,2860,2024-10-15,COD,Delivered,5,2024-10-17,2024-10-20,5.0
15193,2525,2024-10-16,Debit Card,Delivered,5,2024-10-16,2024-10-19,4.0
15194,2718,2024-10-16,Debit Card,Delivered,5,2024-10-17,2024-10-23,4.0
15195,44,2024-10-16,Debit Card,Delivered,5,2024-10-18,2024-10-22,3.0
15196,1564,2024-10-16,Debit Card,Delivered,5,2024-10-18,2024-10-22,5.0
15197,2941,2024-10-16,UPI,Delivered,5,2024-10-16,2024-10-19,5.0
15198,300,2024-10-16,UPI,Delivered,5,2024-10-16,2024-10-19,5.0
15199,102,2024-10-16,UPI,Delivered,5,2024-10-18,2024-10-21,4.0
15200,2117,2024-10-16,UPI,Delivered,5,2024-10-18,2024-10-21,4.0
15201,785,2024-10-16,COD,Delivered,5,2024-10-16,2024-10-20,
15202,798,2024-10-16,UPI,Delivered,5,2024-10-16,2024-10-19,4.0
15203,1027,2024-10-16,Credit Card,Delivered,5,2024-10-17,2024-10-21,
15204,2835,2024-10-16,UPI,Delivered,5,2024-10-16,2024-10-19,4.0
15205,291,2024-10-17,COD,Delivered,5,2024-10-18,2024-10-25,5.0
15206,608,2024-10-17,UPI,Delivered,5,2024-10-17,2024-10-20,
15207,1841,2024-10-17,UPI,Delivered,5,2024-10-19,2024-10-22,5.0
15208,1633,2024-10-17,COD,Delivered,5,2024-10-18,2024-10-23,4.0
15209,2395,2024-10-17,UPI,Delivered,5,2024-10-17,2024-10-21,
15210,473,2024-10-17,COD,Delivered,5,2024-10-17,2024-10-22,4.0
15211,2493,2024-10-17,UPI,Delivered,5,2024-10-18,2024-10-22,
15212,2373,2024-10-18,COD,Delivered,5,2024-10-20,2024-10-26,4.0
15213,2942,2024-10-18,UPI,Cancelled,5,,,
15214,1904,2024-10-18,UPI,Delivered,5,2024-10-20,2024-10-22,
15215,2677,2024-10-18,Credit Card,Delivered,5,2024-10-20,2024-10-25,4.0
15216,1456,2024-10-18,Debit Card,Delivered,5,2024-10-18,2024-10-21,5.0
15217,2562,2024-10-18,COD,Delivered,5,2024-10-19,2024-10-22,4.0
15218,821,2024-10-18,UPI,Delivered,5,2024-10-20,2024-10-23,
15219,298,2024-10-18,Debit Card,Delivered,5,2024-10-20,2024-10-23,
15220,2028,2024-10-18,UPI,Delivered,5,2024-10-18,2024-10-21,5.0
15221,580,2024-10-19,COD,Delivered,5,2024-10-21,2024-10-25,3.0
15222,749,2024-10-19,COD,Delivered,5,2024-10-19,2024-10-22,5.0
15223,136,2024-10-19,UPI,Delivered,5,2024-10-20,2024-10-23,4.0
15224,1854,2024-10-19,UPI,Delivered,5,2024-10-19,2024-10-22,
15225,64,2024-10-19,COD,Delivered,5,2024-10-19,2024-10-23,3.0
15226,476,2024-10-19,COD,Cancelled,5,,,
15227,848,2024-10-20,Debit Card,Delivered,5,2024-10-20,2024-10-23,4.0
15228,1346,2024-10-20,Credit Card,Delivered,5,2024-10-20,2024-10-24,4.0
15229,1730,2024-10-20,COD,Delivered,5,2024-10-20,2024-10-24,5.0
15230,575,2024-10-20,UPI,Delivered,5,2024-10-20,2024-10-24,4.0
15231,1136,2024-10-20,Net Banking,Delivered,5,2024-10-21,2024-10-27,
15232,270,2024-10-20,COD,Delivered,5,2024-10-20,2024-10-24,
15233,1852,2024-10-20,COD,Delivered,5,2024-10-21,2024-10-24,4.0
15234,2271,2024-10-20,COD,Delivered,5,2024-10-22,2024-10-24,5.0
15235,807,2024-10-21,COD,Cancelled,5,,,
15236,4,2024-10-21,UPI,Delivered,5,2024-10-23,2024-10-26,
15237,1853,2024-10-21,COD,Delivered,5,2024-10-22,2024-10-27,4.0
15238,2536,2024-10-21,UPI,Delivered,5,2024-10-23,2024-10-27,
15239,2364,2024-10-21,UPI,Delivered,5,2024-10-22,2024-10-25,5.0
15240,269,2024-10-21,UPI,Delivered,5,2024-10-21,2024-10-24,
15241,2741,2024-10-21,UPI,Delivered,5,2024-10-21,2024-10-26,5.0
15242,392,2024-10-21,Credit Card,Delivered,5,2024-10-21,2024-10-25,5.0
15243,544,2024-10-21,Credit Card,Delivered,5,2024-10-23,2024-10-25,4.0
15244,1016,2024-10-21,UPI,Delivered,5,2024-10-22,2024-10-27,
15245,267,2024-10-22,UPI,Delivered,5,2024-10-24,2024-10-28,5.0
15246,1304,2024-10-22,UPI,Delivered,5,2024-10-23,2024-10-29,
15247,620,2024-10-22,Debit Card,Delivered,5,2024-10-24,2024-10-29,5.0
15248,801,2024-10-22,Credit Card,Delivered,5,2024-10-22,2024-10-26,4.0
15249,649,2024-10-22,Debit Card,Delivered,5,2024-10-22,2024-10-30,3.0
15250,2701,2024-10-22,COD,Delivered,5,2024-10-24,2024-10-27,3.0
15251,1906,2024-10-22,Debit Card,Delivered,5,2024-10-24,2024-10-27,
15252,409,2024-10-22,UPI,Returned,5,2024-10-24,2024-10-30,4.0
15253,1833,2024-10-22,Credit Card,Delivered,5,2024-10-24,2024-10-27,
15254,1712,2024-10-22,Credit Card,Delivered,5,2024-10-22,2024-10-25,5.0
15255,2365,2024-10-22,UPI,Delivered,5,2024-10-24,2024-10-27,
15256,1899,2024-10-22,COD,Delivered,5,2024-10-24,2024-10-28,5.0
15257,1741,2024-10-22,UPI,Delivered,5,2024-10-22,2024-10-26,4.0
15258,1691,2024-10-22,Net Banking,Delivered,5,2024-10-22,2024-10-25,5.0
15259,1445,2024-10-22,UPI,Delivered,5,2024-10-23,2024-10-27,4.0
15260,2233,2024-10-23,Debit Card,Delivered,5,2024-10-24,2024-10-28,2.0
15261,922,2024-10-23,UPI,Delivered,5,2024-10-25,2024-10-27,4.0
15262,602,2024-10-23,COD,Delivered,5,2024-10-23,2024-10-27,4.0
15263,382,2024-10-23,COD,Delivered,5,2024-10-24,2024-11-01,3.0
15264,867,2024-10-23,UPI,Delivered,5,2024-10-24,2024-10-29,4.0
15265,1247,2024-10-23,UPI,Delivered,5,2024-10-24,2024-10-26,
15266,879,2024-10-23,Debit Card,Delivered,5,2024-10-23,2024-10-26,5.0
15267,1002,2024-10-23,UPI,Delivered,5,2024-10-23,2024-10-26,5.0
15268,1270,2024-10-23,UPI,Delivered,5,2024-10-24,2024-10-29,4.0
15269,742,2024-10-23,Net Banking,Delivered,5,2024-10-24,2024-10-27,
15270,37,2024-10-24,Debit Card,Delivered,5,2024-10-24,2024-10-28,
15271,2385,2024-10-24,UPI,Delivered,5,2024-10-26,2024-10-29,
15272,1841,2024-10-24,Credit Card,Delivered,5,2024-10-25,2024-10-28,4.0
15273,2240,2024-10-24,UPI,Delivered,5,2024-10-25,2024-10-28,5.0
15273,2240,2024-10-24,UPI,Delivered,5,2024-10-25,2024-10-28,5.0
15274,210,2024-10-24,COD,Delivered,5,2024-10-26,2024-10-30,
15275,1154,2024-10-24,UPI,Delivered,5,2024-10-26,2024-10-29,4.0
15276,2153,2024-10-24,UPI,Returned,5,2024-10-25,2024-10-29,4.0
15277,2151,2024-10-24,UPI,Delivered,5,2024-10-24,2024-10-26,4.0
15278,408,2024-10-24,Net Banking,Delivered,5,2024-10-25,2024-10-30,
15279,1605,2024-10-24,UPI,Delivered,5,2024-10-24,2024-10-29,4.0
15280,1288,2024-10-25,Debit Card,Delivered,5,2024-10-27,2024-11-02,5.0
15281,1618,2024-10-25,Credit Card,Delivered,5,2024-10-27,2024-10-31,
15282,1904,2024-10-25,COD,Delivered,5,2024-10-27,2024-11-01,5.0
15283,910,2024-10-25,UPI,Delivered,5,2024-10-27,2024-11-01,4.0
15284,1462,2024-10-25,COD,Delivered,5,2024-10-27,2024-11-02,3.0
15285,2310,2024-10-25,Net Banking,Cancelled,5,,,
15286,234,2024-10-25,UPI,Delivered,5,2024-10-25,2024-10-29,4.0
15287,51,2024-10-25,UPI,Delivered,5,2024-10-26,2024-10-29,5.0
15288,1936,2024-10-25,Net Banking,Delivered,5,2024-10-26,2024-11-01,
15289,2473,2024-10-25,Credit Card,Delivered,5,2024-10-25,2024-10-27,
15290,1797,2024-10-25,COD,Delivered,5,2024-10-27,2024-10-30,
15291,1968,2024-10-25,COD,Delivered,5,2024-10-25,2024-10-30,5.0
15292,2435,2024-10-25,UPI,Returned,5,2024-10-27,2024-10-30,3.0
15293,222,2024-10-26,UPI,Delivered,5,2024-10-28,2024-11-03,3.0
15294,1701,2024-10-26,UPI,Cancelled,5,,,
15295,2123,2024-10-26,Credit Card,Delivered,5,2024-10-26,2024-10-28,5.0
15296,128,2024-10-26,Credit Card,Delivered,5,2024-10-28,2024-11-03,
15297,2602,2024-10-26,Debit Card,Delivered,5,2024-10-28,2024-10-30,4.0
15298,504,2024-10-26,Credit Card,Delivered,5,2024-10-27,2024-11-01,
15299,173,2024-10-26,COD,Delivered,5,2024-10-28,2024-11-03,4.0
15300,2578,2024-10-26,UPI,Delivered,5,2024-10-28,2024-11-01,4.0
15301,577,2024-10-26,Credit Card,Cancelled,5,,,
15302,2571,2024-10-26,UPI,Delivered,5,2024-10-27,2024-10-30,4.0
15303,326,2024-10-26,UPI,Delivered,5,2024-10-26,2024-11-02,
15304,192,2024-10-26,UPI,Delivered,5,2024-10-26,2024-10-31,5.0
15305,2371,2024-10-26,COD,Delivered,5,2024-10-26,2024-10-29,5.0
15306,420,2024-10-27,UPI,Delivered,5,2024-10-27,2024-10-30,4.0
15307,1491,2024-10-27,UPI,Delivered,5,2024-10-29,2024-11-01,4.0
15308,215,2024-10-27,Debit Card,Delivered,5,2024-10-27,2024-11-01,
15309,122,2024-10-27,Debit Card,Delivered,5,2024-10-27,2024-10-30,5.0
15310,2582,2024-10-27,Credit Card,Delivered,5,2024-10-28,2024-11-03,
15311,239,2024-10-27,UPI,Delivered,5,2024-10-28,2024-10-31,5.0
15312,2291,2024-10-27,UPI,Delivered,5,2024-10-28,2024-11-01,5.0
15313,1717,2024-10-27,UPI,Delivered,5,2024-10-29,2024-11-02,5.0
15314,1419,2024-10-27,UPI,Delivered,5,2024-10-28,2024-11-01,5.0
15315,2743,2024-10-28,UPI,Delivered,5,2024-10-29,2024-11-04,
15316,1130,2024-10-28,Debit Card,Delivered,5,2024-10-29,2024-11-03,4.0
15317,2854,2024-10-28,COD,Delivered,5,2024-10-28,2024-10-31,5.0
15318,1754,2024-10-28,UPI,Delivered,5,2024-10-29,2024-11-02,5.0
15319,1156,2024-10-28,UPI,Delivered,5,2024-10-29,2024-11-01,5.0
15320,178,2024-10-28,COD,Delivered,5,2024-10-28,2024-10-31,4.0
15321,703,2024-10-28,Credit Card,Delivered,5,2024-10-28,2024-11-03,5.0
15322,1889,2024-10-28,Debit Card,Delivered,5,2024-10-28,2024-11-02,4.0
15323,2029,2024-10-28,COD,Delivered,5,2024-10-29,2024-11-06,
15324,2372,2024-10-28,Debit Card,Delivered,5,2024-10-29,2024-11-02,4.0
15325,1256,2024-10-28,COD,Delivered,5,2024-10-28,2024-11-01,4.0
15326,481,2024-10-29,UPI,Delivered,5,2024-10-30,2024-11-04,4.0
15327,2416,2024-10-29,COD,Delivered,5,2024-10-29,2024-11-02,
15328,149,2024-10-29,Debit Card,Delivered,5,2024-10-31,2024-11-04,5.0
15329,746,2024-10-29,UPI,Delivered,5,2024-10-30,2024-11-03,5.0
15330,709,2024-10-29,Credit Card,Delivered,5,2024-10-31,2024-11-05,
15331,1273,2024-10-29,UPI,Delivered,5,2024-10-30,2024-11-02,4.0
15332,455,2024-10-29,Credit Card,Delivered,5,2024-10-30,2024-11-02,3.0
15333,2273,2024-10-29,UPI,Delivered,5,2024-10-30,2024-11-03,4.0
15334,2531,2024-10-29,Debit Card,Delivered,5,2024-10-29,2024-11-01,5.0
15335,2143,2024-10-30,Credit Card,Delivered,5,2024-10-30,2024-11-05,4.0
15336,633,2024-10-30,Credit Card,Delivered,5,2024-11-01,2024-11-07,
15337,1074,2024-10-30,Debit Card,Delivered,5,2024-10-31,2024-11-04,
15338,2678,2024-10-30,UPI,Delivered,5,2024-10-30,2024-11-02,
15339,1013,2024-10-30,UPI,Delivered,5,2024-10-31,2024-11-03,5.0
15340,26,2024-10-30,Credit Card,Delivered,5,2024-10-31,2024-11-03,
15341,1187,2024-10-30,Credit Card,Cancelled,5,,,
15342,1650,2024-10-30,COD,Delivered,5,2024-11-01,2024-11-03,4.0
15343,1297,2024-10-30,UPI,Delivered,5,2024-11-01,2024-11-05,5.0
15344,1159,2024-10-30,Credit Card,Delivered,5,2024-11-01,2024-11-07,
15345,1577,2024-10-30,COD,Delivered,5,2024-11-01,2024-11-05,5.0
15346,2198,2024-10-30,Debit Card,Delivered,5,2024-11-01,2024-11-05,5.0
15347,589,2024-10-31,UPI,Delivered,5,2024-11-02,2024-11-07,2.0
15347,589,2024-10-31,UPI,Delivered,5,2024-11-02,2024-11-07,2.0
15348,2415,2024-10-31,UPI,Returned,5,2024-10-31,2024-11-05,5.0
15349,433,2024-10-31,COD,Delivered,5,2024-10-31,2024-11-05,5.0
15350,1473,2024-10-31,Credit Card,Delivered,5,2024-11-01,2024-11-06,
15351,269,2024-10-31,UPI,Delivered,5,2024-11-02,2024-11-06,5.0
15352,161,2024-10-31,Credit Card,Cancelled,5,,,
15353,1893,2024-10-31,UPI,Delivered,5,2024-11-02,2024-11-06,3.0
15354,2352,2024-10-31,Credit Card,Delivered,5,2024-10-31,2024-11-02,
15355,1363,2024-10-31,Net Banking,Delivered,5,2024-11-01,2024-11-06,4.0
15356,1853,2024-10-31,Net Banking,Delivered,5,2024-11-02,2024-11-06,
15357,883,2024-10-31,Debit Card,Delivered,5,2024-11-01,2024-11-03,5.0
15358,2101,2024-10-31,COD,Delivered,5,2024-11-01,2024-11-05,4.0
15359,208,2024-11-01,COD,Delivered,5,2024-11-02,2024-11-06,5.0
15360,1973,2024-11-01,Net Banking,Delivered,5,2024-11-03,2024-11-07,5.0
15361,2055,2024-11-01,COD,Delivered,5,2024-11-02,2024-11-05,4.0
15362,232,2024-11-01,COD,Delivered,5,2024-11-02,2024-11-09,4.0
15363,2568,2024-11-01,UPI,Delivered,5,2024-11-01,2024-11-05,5.0
15364,2627,2024-11-01,UPI,Delivered,5,2024-11-01,2024-11-04,
15365,231,2024-11-01,UPI,Delivered,5,2024-11-01,2024-11-04,5.0
15366,1865,2024-11-01,Debit Card,Delivered,5,2024-11-03,2024-11-06,5.0
15367,1976,2024-11-01,COD,Delivered,5,2024-11-03,2024-11-05,5.0
15368,317,2024-11-01,Net Banking,Delivered,5,2024-11-03,2024-11-07,5.0
15369,1183,2024-11-01,COD,Delivered,5,2024-11-01,2024-11-04,4.0
15370,2533,2024-11-01,COD,Delivered,5,2024-11-02,2024-11-07,
15371,552,2024-11-01,Credit Card,Delivered,5,2024-11-01,2024-11-06,5.0
15372,666,2024-11-02,Credit Card,Returned,5,2024-11-04,2024-11-06,4.0
15373,1346,2024-11-02,Debit Card,Delivered,5,2024-11-02,2024-11-06,
15374,2679,2024-11-02,UPI,Delivered,5,2024-11-03,2024-11-09,
15375,408,2024-11-02,COD,Cancelled,5,,,
15376,285,2024-11-02,Debit Card,Delivered,5,2024-11-03,2024-11-07,
15377,1683,2024-11-02,UPI,Delivered,5,2024-11-02,2024-11-07,
15378,2658,2024-11-02,Debit Card,Delivered,5,2024-11-03,2024-11-07,4.0
15379,434,2024-11-02,Credit Card,Delivered,5,2024-11-04,2024-11-07,
15380,2391,2024-11-02,COD,Delivered,5,2024-11-04,2024-11-09,4.0
15381,1388,2024-11-03,COD,Delivered,5,2024-11-04,2024-11-07,4.0
15382,462,2024-11-03,UPI,Delivered,5,2024-11-04,2024-11-08,4.0
15383,1845,2024-11-03,COD,Delivered,5,2024-11-05,2024-11-09,
15384,619,2024-11-03,UPI,Delivered,5,2024-11-04,2024-11-09,
15385,1421,2024-11-03,UPI,Delivered,5,2024-11-04,2024-11-08,
15386,946,2024-11-04,Credit Card,Delivered,5,2024-11-06,2024-11-09,4.0
15387,689,2024-11-04,COD,Returned,5,2024-11-06,2024-11-08,4.0
15388,1909,2024-11-04,COD,Delivered,5,2024-11-04,2024-11-07,5.0
15389,1064,2024-11-04,UPI,Returned,5,2024-11-04,2024-11-10,4.0
15390,2797,2024-11-04,Debit Card,Delivered,5,2024-11-06,2024-11-09,5.0
15391,849,2024-11-04,COD,Delivered,5,2024-11-04,2024-11-07,4.0
15392,569,2024-11-04,Net Banking,Delivered,5,2024-11-06,2024-11-10,
15393,1390,2024-11-05,UPI,Delivered,5,2024-11-07,2024-11-11,
15394,1057,2024-11-05,UPI,Delivered,5,2024-11-05,2024-11-11,4.0
15395,2693,2024-11-05,Credit Card,Delivered,5,2024-11-06,2024-11-09,4.0
15396,2659,2024-11-05,COD,Delivered,5,2024-11-07,2024-11-13,3.0
15397,88,2024-11-05,UPI,Delivered,5,2024-11-05,2024-11-09,4.0
15398,879,2024-11-05,Credit Card,Delivered,5,2024-11-07,2024-11-15,
15399,2389,2024-11-05,Net Banking,Delivered,5,2024-11-05,2024-11-08,5.0
15400,2618,2024-11-05,Credit Card,Delivered,5,2024-11-06,2024-11-09,
15401,2852,2024-11-05,Debit Card,Delivered,5,2024-11-05,2024-11-09,
15402,1938,2024-11-06,Net Banking,Delivered,5,2024-11-06,2024-11-08,
15403,1924,2024-11-06,UPI,Delivered,5,2024-11-08,2024-11-12,5.0
15404,2734,2024-11-06,UPI,Delivered,5,2024-11-06,2024-11-12,3.0
15405,59,2024-11-06,UPI,Delivered,5,2024-11-08,2024-11-11,
15406,1094,2024-11-06,Debit Card,Delivered,5,2024-11-06,2024-11-10,4.0
15407,749,2024-11-06,UPI,Cancelled,5,,,
15408,494,2024-11-06,UPI,Delivered,5,2024-11-07,2024-11-10,4.0
15409,1741,2024-11-06,UPI,Delivered,5,2024-11-07,2024-11-12,
15410,373,2024-11-06,Credit Card,Delivered,5,2024-11-07,2024-11-11,5.0
15411,257,2024-11-07,COD,Delivered,5,2024-11-08,2024-11-11,5.0
15411,257,2024-11-07,COD,Delivered,5,2024-11-08,2024-11-11,5.0
15412,1862,2024-11-07,Credit Card,Delivered,5,2024-11-08,2024-11-11,5.0
15412,1862,2024-11-07,Credit Card,Delivered,5,2024-11-08,2024-11-11,5.0
15413,2522,2024-11-07,COD,Delivered,5,2024-11-09,2024-11-15,5.0
15414,2312,2024-11-07,Net Banking,Delivered,5,2024-11-08,2024-11-13,5.0
15415,2365,2024-11-07,COD,Delivered,5,2024-11-09,2024-11-15,
15416,1035,2024-11-07,Debit Card,Delivered,5,2024-11-08,2024-11-11,
15417,1506,2024-11-07,UPI,Delivered,5,2024-11-08,2024-11-11,5.0
15418,1429,2024-11-08,Credit Card,Delivered,5,2024-11-10,2024-11-13,4.0
15419,2942,2024-11-08,UPI,Delivered,5,2024-11-09,2024-11-13,4.0
15420,763,2024-11-08,Credit Card,Delivered,5,2024-11-10,2024-11-13,5.0
15421,2634,2024-11-08,Net Banking,Delivered,5,2024-11-08,2024-11-14,5.0
15422,2453,2024-11-08,UPI,Delivered,5,2024-11-10,2024-11-15,4.0
15423,1674,2024-11-08,UPI,Returned,5,2024-11-08,2024-11-15,3.0
15424,1088,2024-11-08,COD,Delivered,5,2024-11-10,2024-11-15,
15425,2770,2024-11-08,Net Banking,Delivered,5,2024-11-10,2024-11-14,4.0
15426,782,2024-11-08,COD,Delivered,5,2024-11-08,2024-11-14,4.0
15427,2926,2024-11-08,UPI,Delivered,5,2024-11-08,2024-11-13,5.0
15428,1564,2024-11-08,Credit Card,Delivered,5,2024-11-10,2024-11-15,4.0
15429,2682,2024-11-08,UPI,Delivered,5,2024-11-09,2024-11-14,
15430,1888,2024-11-08,Debit Card,Cancelled,5,,,
15431,2418,2024-11-08,Debit Card,Delivered,5,2024-11-10,2024-11-14,4.0
15432,2484,2024-11-09,COD,Delivered,5,2024-11-11,2024-11-13,5.0
15433,1180,2024-11-09,UPI,Delivered,5,2024-11-11,2024-11-14,
15434,33,2024-11-09,Net Banking,Delivered,5,2024-11-10,2024-11-13,5.0
15435,1433,2024-11-09,UPI,Delivered,5,2024-11-11,2024-11-14,5.0
15436,242,2024-11-09,UPI,Delivered,5,2024-11-09,2024-11-11,
15437,380,2024-11-09,COD,Cancelled,5,,,
15438,602,2024-11-09,Credit Card,Cancelled,5,,,
15439,747,2024-11-10,Credit Card,Delivered,5,2024-11-11,2024-11-16,
15440,2137,2024-11-10,UPI,Delivered,5,2024-11-10,2024-11-13,5.0
15441,409,2024-11-10,UPI,Delivered,5,2024-11-12,2024-11-16,5.0
15442,1905,2024-11-10,UPI,Delivered,5,2024-11-11,2024-11-16,5.0
15443,2146,2024-11-10,COD,Delivered,5,2024-11-10,2024-11-14,5.0
15444,1961,2024-11-10,UPI,Delivered,5,2024-11-11,2024-11-16,
15445,1837,2024-11-10,Net Banking,Delivered,5,2024-11-11,2024-11-15,
15446,2562,2024-11-10,COD,Delivered,5,2024-11-12,2024-11-15,3.0
15447,1572,2024-11-10,COD,Delivered,5,2024-11-12,2024-11-16,
15448,1807,2024-11-10,COD,Cancelled,5,,,
15449,676,2024-11-11,Debit Card,Delivered,5,2024-11-13,2024-11-17,4.0
15450,2835,2024-11-11,Credit Card,Delivered,5,2024-11-12,2024-11-18,5.0
15451,331,2024-11-11,COD,Delivered,5,2024-11-11,2024-11-16,4.0
15452,2912,2024-11-11,Credit Card,Delivered,5,2024-11-12,2024-11-15,5.0
15453,503,2024-11-11,UPI,Delivered,5,2024-11-12,2024-11-18,4.0
15454,2776,2024-11-12,Credit Card,Delivered,5,2024-11-12,2024-11-16,
15455,1636,2024-11-12,UPI,Delivered,5,2024-11-12,2024-11-15,5.0
15456,192,2024-11-12,Debit Card,Delivered,5,2024-11-12,2024-11-15,4.0
15457,191,2024-11-12,Net Banking,Delivered,5,2024-11-13,2024-11-18,5.0
15458,1794,2024-11-12,Debit Card,Cancelled,5,,,
15459,1679,2024-11-12,UPI,Delivered,5,2024-11-14,2024-11-18,4.0
15460,1188,2024-11-12,UPI,Delivered,5,2024-11-12,2024-11-16,4.0
15461,267,2024-11-12,UPI,Cancelled,5,,,
15462,1314,2024-11-12,UPI,Delivered,5,2024-11-12,2024-11-15,
15463,2951,2024-11-12,Credit Card,Delivered,5,2024-11-12,2024-11-16,5.0
15464,2268,2024-11-12,COD,Delivered,5,2024-11-13,2024-11-16,5.0
15465,2906,2024-11-13,Debit Card,Delivered,5,2024-11-13,2024-11-16,5.0
15466,1614,2024-11-13,Debit Card,Delivered,5,2024-11-13,2024-11-15,5.0
15467,489,2024-11-13,Credit Card,Delivered,5,2024-11-13,2024-11-21,2.0
15468,1854,2024-11-13,UPI,Delivered,5,2024-11-13,2024-11-16,5.0
15469,1804,2024-11-13,Debit Card,Delivered,5,2024-11-13,2024-11-17,4.0
15470,794,2024-11-13,UPI,Delivered,5,2024-11-14,2024-11-16,3.0
15471,1027,2024-11-13,UPI,Delivered,5,2024-11-15,2024-11-19,
15472,389,2024-11-13,Debit Card,Returned,5,2024-11-15,2024-11-19,4.0
15473,1796,2024-11-13,UPI,Cancelled,5,,,
15474,1342,2024-11-13,UPI,Delivered,5,2024-11-13,2024-11-17,5.0
15475,1883,2024-11-14,Credit Card,Delivered,5,2024-11-14,2024-11-19,5.0
15476,903,2024-11-14,UPI,Delivered,5,2024-11-15,2024-11-23,3.0
15477,516,2024-11-14,Debit Card,Delivered,5,2024-11-16,2024-11-22,
15478,14,2024-11-14,UPI,Delivered,5,2024-11-15,2024-11-19,
15479,77,2024-11-14,COD,Delivered,5,2024-11-14,2024-11-17,4.0
15480,937,2024-11-14,Credit Card,Delivered,5,2024-11-16,2024-11-20,
15481,2568,2024-11-14,UPI,Delivered,5,2024-11-14,2024-11-20,5.0
15482,1064,2024-11-15,UPI,Delivered,5,2024-11-16,2024-11-21,
15483,1847,2024-11-15,Net Banking,Delivered,5,2024-11-17,2024-11-20,
15484,2948,2024-11-15,Credit Card,Delivered,5,2024-11-17,2024-11-20,
15485,2424,2024-11-15,COD,Delivered,5,2024-11-16,2024-11-19,
15486,2240,2024-11-15,COD,Delivered,5,2024-11-17,2024-11-19,
15487,80,2024-11-15,UPI,Delivered,5,2024-11-15,2024-11-18,4.0
15488,1768,2024-11-15,Credit Card,Delivered,5,2024-11-15,2024-11-17,5.0
15489,311,2024-11-15,Debit Card,Delivered,5,2024-11-15,2024-11-20,
15490,255,2024-11-15,COD,Delivered,5,2024-11-17,2024-11-21,5.0
15491,608,2024-11-15,Credit Card,Delivered,5,2024-11-17,2024-11-21,4.0
15492,260,2024-11-15,Net Banking,Cancelled,5,,,
15493,2360,2024-11-16,Debit Card,Delivered,5,2024-11-16,2024-11-21,5.0
15494,2954,2024-11-16,COD,Delivered,5,2024-11-18,2024-11-24,3.0
15495,2554,2024-11-16,UPI,Delivered,5,2024-11-17,2024-11-20,
15496,2417,2024-11-16,Credit Card,Cancelled,5,,,
15497,1297,2024-11-16,UPI,Delivered,5,2024-11-16,2024-11-21,5.0
15498,491,2024-11-16,COD,Delivered,5,2024-11-17,2024-11-23,4.0
15499,593,2024-11-16,UPI,Delivered,5,2024-11-18,2024-11-20,5.0
15500,1002,2024-11-16,Debit Card,Delivered,5,2024-11-17,2024-11-20,4.0
15501,963,2024-11-16,UPI,Delivered,5,2024-11-18,2024-11-21,5.0
15502,2648,2024-11-16,UPI,Delivered,5,2024-11-17,2024-11-21,
15503,1467,2024-11-16,UPI,Delivered,5,2024-11-17,2024-11-20,4.0
15504,837,2024-11-16,COD,Delivered,5,2024-11-16,2024-11-21,5.0
15505,2283,2024-11-16,UPI,Delivered,5,2024-11-18,2024-11-22,5.0
15506,2433,2024-11-16,COD,Delivered,5,2024-11-17,2024-11-20,4.0
15507,2692,2024-11-16,COD,Delivered,5,2024-11-17,2024-11-20,
15508,2027,2024-11-16,Net Banking,Delivered,5,2024-11-17,2024-11-19,5.0
15509,1831,2024-11-16,Debit Card,Delivered,5,2024-11-17,2024-11-20,
15510,206,2024-11-17,Debit Card,Delivered,5,2024-11-18,2024-11-23,5.0
15511,1572,2024-11-17,Debit Card,Delivered,5,2024-11-17,2024-11-26,3.0
15512,123,2024-11-17,UPI,Delivered,5,2024-11-18,2024-11-22,5.0
15513,1982,2024-11-17,Credit Card,Delivered,5,2024-11-19,2024-11-24,
15514,2378,2024-11-17,COD,Delivered,5,2024-11-18,2024-11-24,3.0
15515,2103,2024-11-17,UPI,Delivered,5,2024-11-17,2024-11-22,5.0
15516,739,2024-11-17,UPI,Delivered,5,2024-11-19,2024-11-21,5.0
15517,2743,2024-11-17,Debit Card,Delivered,5,2024-11-17,2024-11-20,
15518,1782,2024-11-17,COD,Delivered,5,2024-11-18,2024-11-23,5.0
15519,1901,2024-11-17,UPI,Delivered,5,2024-11-17,2024-11-21,
15520,705,2024-11-17,COD,Delivered,5,2024-11-18,2024-11-22,4.0
15521,1109,2024-11-18,UPI,Delivered,5,2024-11-18,2024-11-22,5.0
15522,2851,2024-11-18,Credit Card,Delivered,5,2024-11-20,2024-11-24,4.0
15523,2310,2024-11-18,Net Banking,Delivered,5,2024-11-19,2024-11-22,5.0
15524,1524,2024-11-18,UPI,Delivered,5,2024-11-18,2024-11-23,
15525,2127,2024-11-18,Credit Card,Delivered,5,2024-11-19,2024-11-22,
15526,823,2024-11-18,COD,Delivered,5,2024-11-18,2024-11-22,
15527,2578,2024-11-18,UPI,Delivered,5,2024-11-19,2024-11-22,4.0
15528,1967,2024-11-18,UPI,Delivered,5,2024-11-20,2024-11-24,
15529,2678,2024-11-18,Net Banking,Delivered,5,2024-11-18,2024-11-23,5.0
15530,2533,2024-11-18,Credit Card,Delivered,5,2024-11-20,2024-11-26,3.0
15531,2129,2024-11-18,Net Banking,Delivered,5,2024-11-20,2024-11-25,5.0
15532,1288,2024-11-19,COD,Delivered,5,2024-11-20,2024-11-25,
15533,2744,2024-11-19,Credit Card,Delivered,5,2024-11-20,2024-11-25,4.0
15534,270,2024-11-19,Credit Card,Cancelled,5,,,
15535,2896,2024-11-19,Credit Card,Returned,5,2024-11-20,2024-11-24,5.0
15536,2329,2024-11-19,UPI,Delivered,5,2024-11-20,2024-11-25,4.0
15537,1636,2024-11-19,Credit Card,Delivered,5,2024-11-20,2024-11-25,
15538,1161,2024-11-19,COD,Delivered,5,2024-11-21,2024-11-27,
15539,2282,2024-11-20,Net Banking,Delivered,5,2024-11-22,2024-11-24,4.0
15540,424,2024-11-20,Net Banking,Delivered,5,2024-11-21,2024-11-26,
15541,1261,2024-11-20,Net Banking,Returned,5,2024-11-22,2024-11-25,
15542,1009,2024-11-20,UPI,Delivered,5,2024-11-22,2024-11-26,3.0
15543,798,2024-11-20,Credit Card,Delivered,5,2024-11-20,2024-11-23,5.0
15544,1596,2024-11-20,UPI,Delivered,5,2024-11-20,2024-11-24,5.0
15545,423,2024-11-20,Debit Card,Delivered,5,2024-11-21,2024-11-26,
15546,763,2024-11-20,Net Banking,Delivered,5,2024-11-21,2024-11-23,4.0
15547,2765,2024-11-20,COD,Delivered,5,2024-11-21,2024-11-25,4.0
15548,454,2024-11-20,COD,Delivered,5,2024-11-20,2024-11-26,4.0
15549,411,2024-11-20,UPI,Delivered,5,2024-11-22,2024-11-25,
15550,2339,2024-11-20,Credit Card,Delivered,5,2024-11-21,2024-11-27,
15551,1712,2024-11-20,UPI,Delivered,5,2024-11-20,2024-11-26,4.0
15552,568,2024-11-20,Credit Card,Delivered,5,2024-11-22,2024-11-25,
15553,983,2024-11-21,UPI,Delivered,5,2024-11-23,2024-11-26,5.0
15554,1013,2024-11-21,COD,Delivered,5,2024-11-21,2024-11-24,5.0
15555,1670,2024-11-21,Credit Card,Returned,5,2024-11-22,2024-11-25,5.0
15556,1711,2024-11-21,Debit Card,Delivered,5,2024-11-22,2024-12-01,3.0
15557,95,2024-11-21,COD,Delivered,5,2024-11-21,2024-11-24,5.0
15558,26,2024-11-22,UPI,Delivered,5,2024-11-22,2024-11-25,5.0
15559,37,2024-11-22,Debit Card,Delivered,5,2024-11-23,2024-11-26,5.0
15560,59,2024-11-22,COD,Delivered,5,2024-11-23,2024-11-27,5.0
15561,1440,2024-11-22,Net Banking,Delivered,5,2024-11-24,2024-11-26,4.0
15562,687,2024-11-22,UPI,Delivered,5,2024-11-22,2024-11-25,5.0
15563,1976,2024-11-22,Debit Card,Delivered,5,2024-11-23,2024-11-27,4.0
15564,1141,2024-11-22,Credit Card,Delivered,5,2024-11-23,2024-11-26,
15565,2510,2024-11-22,UPI,Delivered,5,2024-11-24,2024-11-30,4.0
15566,2410,2024-11-22,UPI,Delivered,5,2024-11-24,2024-11-27,5.0
15567,2385,2024-11-23,Credit Card,Cancelled,5,,,
15568,2664,2024-11-23,UPI,Delivered,5,2024-11-23,2024-11-30,4.0
15569,950,2024-11-23,Debit Card,Delivered,5,2024-11-24,2024-11-30,3.0
15570,1168,2024-11-23,UPI,Delivered,5,2024-11-23,2024-11-28,5.0
15571,2657,2024-11-23,UPI,Delivered,5,2024-11-24,2024-11-28,5.0
15572,481,2024-11-23,COD,Returned,5,2024-11-23,2024-11-28,
15573,2178,2024-11-23,UPI,Delivered,5,2024-11-23,2024-11-27,
15574,188,2024-11-23,UPI,Delivered,5,2024-11-24,2024-11-27,5.0
15575,2412,2024-11-23,UPI,Delivered,5,2024-11-23,2024-11-29,
15576,2066,2024-11-23,UPI,Cancelled,5,,,
15577,2319,2024-11-23,Credit Card,Delivered,5,2024-11-23,2024-11-27,4.0
15578,2169,2024-11-23,COD,Delivered,5,2024-11-25,2024-11-28,
15579,973,2024-11-23,Debit Card,Delivered,5,2024-11-25,2024-12-01,
15580,157,2024-11-24,UPI,Delivered,5,2024-11-26,2024-11-29,4.0
15581,1550,2024-11-24,UPI,Delivered,5,2024-11-25,2024-11-28,5.0
15582,156,2024-11-24,COD,Delivered,5,2024-11-25,2024-12-01,5.0
15583,144,2024-11-24,UPI,Delivered,5,2024-11-25,2024-11-30,
15584,1035,2024-11-24,UPI,Cancelled,5,,,
15585,2253,2024-11-24,UPI,Delivered,5,2024-11-26,2024-12-01,4.0
15586,2408,2024-11-24,COD,Delivered,5,2024-11-25,2024-11-29,4.0
15587,2074,2024-11-24,Debit Card,Delivered,5,2024-11-25,2024-11-29,
15588,2465,2024-11-24,UPI,Delivered,5,2024-11-26,2024-11-29,4.0
15589,2471,2024-11-24,UPI,Delivered,5,2024-11-26,2024-12-03,3.0
15590,2530,2024-11-24,COD,Delivered,5,2024-11-25,2024-11-29,
15591,1292,2024-11-25,UPI,Delivered,5,2024-11-27,2024-11-30,5.0
15592,1089,2024-11-25,Credit Card,Delivered,5,2024-11-27,2024-11-30,5.0
15593,243,2024-11-25,COD,Delivered,5,2024-11-26,2024-12-01,3.0
15594,326,2024-11-25,UPI,Delivered,5,2024-11-27,2024-12-02,4.0
15595,2888,2024-11-25,UPI,Delivered,5,2024-11-25,2024-11-28,5.0
15596,1474,2024-11-25,Debit Card,Delivered,5,2024-11-27,2024-11-30,
15597,349,2024-11-25,Debit Card,Delivered,5,2024-11-27,2024-11-30,4.0
15598,1904,2024-11-25,Credit Card,Delivered,5,2024-11-26,2024-11-29,
15599,626,2024-11-25,Credit Card,Delivered,5,2024-11-25,2024-11-29,
15600,181,2024-11-25,UPI,Delivered,5,2024-11-27,2024-11-30,5.0
15601,2703,2024-11-25,Credit Card,Delivered,5,2024-11-26,2024-11-29,
15602,1297,2024-11-25,UPI,Delivered,5,2024-11-25,2024-11-29,3.0
15603,1117,2024-11-26,UPI,Delivered,5,2024-11-28,2024-12-01,4.0
15604,2787,2024-11-26,UPI,Delivered,5,2024-11-27,2024-12-01,5.0
15605,1116,2024-11-26,Credit Card,Delivered,5,2024-11-26,2024-11-29,
15606,1614,2024-11-26,UPI,Delivered,5,2024-11-27,2024-12-01,5.0
15607,178,2024-11-26,Credit Card,Delivered,5,2024-11-28,2024-12-01,4.0
15608,1601,2024-11-26,Debit Card,Cancelled,5,,,
15609,2518,2024-11-26,Net Banking,Delivered,5,2024-11-28,2024-12-02,5.0
15610,264,2024-11-26,Debit Card,Delivered,5,2024-11-26,2024-11-30,5.0
15611,2343,2024-11-27,Debit Card,Cancelled,5,,,
15612,699,2024-11-27,UPI,Delivered,5,2024-11-28,2024-12-01,
15613,580,2024-11-27,COD,Cancelled,5,,,
15614,1985,2024-11-27,Credit Card,Delivered,5,2024-11-27,2024-11-30,5.0
15615,2580,2024-11-27,COD,Delivered,5,2024-11-28,2024-12-02,
15616,1857,2024-11-27,Net Banking,Delivered,5,2024-11-28,2024-12-03,
15617,104,2024-11-27,UPI,Delivered,5,2024-11-28,2024-12-04,
15618,1021,2024-11-27,COD,Delivered,5,2024-11-27,2024-12-02,5.0
15619,1307,2024-11-27,Debit Card,Delivered,5,2024-11-28,2024-12-02,5.0
15620,1009,2024-11-27,Debit Card,Delivered,5,2024-11-28,2024-12-03,5.0
15621,2395,2024-11-27,Credit Card,Delivered,5,2024-11-29,2024-12-03,5.0
15622,1215,2024-11-28,UPI,Delivered,5,2024-11-29,2024-12-04,4.0
15623,65,2024-11-28,COD,Delivered,5,2024-11-29,2024-12-03,4.0
15624,833,2024-11-28,UPI,Delivered,5,2024-11-28,2024-11-30,
15625,654,2024-11-28,Credit Card,Delivered,5,2024-11-28,2024-12-02,
15626,85,2024-11-28,UPI,Delivered,5,2024-11-29,2024-12-04,
15627,2617,2024-11-28,UPI,Delivered,5,2024-11-29,2024-12-03,3.0
15628,2010,2024-11-28,Debit Card,Delivered,5,2024-11-28,2024-12-02,
15629,2127,2024-11-28,COD,Delivered,5,2024-11-29,2024-12-03,5.0
15629,2127,2024-11-28,COD,Delivered,5,2024-11-29,2024-12-03,5.0
15630,2632,2024-11-28,COD,Delivered,5,2024-11-29,2024-12-04,
15631,689,2024-11-28,Debit Card,Delivered,5,2024-11-29,2024-12-03,5.0
15632,865,2024-11-28,Debit Card,Delivered,5,2024-11-30,2024-12-04,
15633,2577,2024-11-28,Net Banking,Cancelled,5,,,
15634,873,2024-11-29,Credit Card,Delivered,5,2024-12-01,2024-12-07,4.0
15635,2599,2024-11-29,Debit Card,Delivered,5,2024-12-01,2024-12-09,2.0
15636,1695,2024-11-29,COD,Delivered,5,2024-11-30,2024-12-03,5.0
15637,10,2024-11-29,COD,Delivered,5,2024-11-29,2024-12-03,4.0
15638,2430,2024-11-29,COD,Delivered,5,2024-11-30,2024-12-03,
15639,1663,2024-11-29,Credit Card,Cancelled,5,,,
15640,2834,2024-11-29,Credit Card,Delivered,5,2024-11-30,2024-12-06,
15641,1486,2024-11-29,Debit Card,Delivered,5,2024-11-30,2024-12-03,5.0
15642,545,2024-11-29,Debit Card,Cancelled,5,,,
15643,1121,2024-11-29,Credit Card,Delivered,5,2024-11-30,2024-12-04,
15644,2367,2024-11-29,UPI,Delivered,5,2024-11-29,2024-12-02,
15645,2564,2024-11-29,UPI,Delivered,5,2024-11-29,2024-12-05,
15646,634,2024-11-29,Credit Card,Delivered,5,2024-11-29,2024-12-05,3.0
15647,2126,2024-11-30,UPI,Delivered,5,2024-12-02,2024-12-06,5.0
15648,568,2024-11-30,Credit Card,Delivered,5,2024-12-02,2024-12-07,
15649,456,2024-11-30,UPI,Delivered,5,2024-12-01,2024-12-04,5.0
15650,290,2024-11-30,UPI,Delivered,5,2024-11-30,2024-12-04,5.0
15651,2612,2024-11-30,COD,Cancelled,5,,,
15652,966,2024-11-30,Credit Card,Delivered,5,2024-12-01,2024-12-07,4.0
15653,2361,2024-11-30,COD,Delivered,5,2024-12-01,2024-12-07,3.0
15654,1133,2024-11-30,UPI,Delivered,5,2024-11-30,2024-12-02,4.0
15655,2870,2024-12-01,UPI,Delivered,5,2024-12-03,2024-12-06,4.0
15656,102,2024-12-01,UPI,Delivered,5,2024-12-01,2024-12-05,4.0
15657,537,2024-12-01,UPI,Delivered,5,2024-12-02,2024-12-07,5.0
15658,497,2024-12-01,UPI,Delivered,5,2024-12-01,2024-12-04,
15659,1948,2024-12-01,Credit Card,Delivered,5,2024-12-03,2024-12-09,
15660,2103,2024-12-01,UPI,Delivered,5,2024-12-02,2024-12-06,5.0
15661,601,2024-12-01,COD,Delivered,5,2024-12-03,2024-12-10,3.0
15662,2954,2024-12-01,Credit Card,Delivered,5,2024-12-02,2024-12-07,5.0
15663,2496,2024-12-01,UPI,Delivered,5,2024-12-03,2024-12-05,4.0
15664,2546,2024-12-01,COD,Delivered,5,2024-12-03,2024-12-08,
15665,1961,2024-12-01,Credit Card,Delivered,5,2024-12-03,2024-12-09,5.0
15666,987,2024-12-01,UPI,Delivered,5,2024-12-03,2024-12-07,
15667,295,2024-12-02,Credit Card,Delivered,5,2024-12-04,2024-12-12,
15668,198,2024-12-02,Debit Card,Delivered,5,2024-12-04,2024-12-10,4.0
15669,503,2024-12-02,Credit Card,Delivered,5,2024-12-04,2024-12-12,
15670,990,2024-12-02,COD,Delivered,5,2024-12-03,2024-12-07,
15671,1865,2024-12-02,UPI,Delivered,5,2024-12-03,2024-12-06,5.0
15672,2238,2024-12-02,UPI,Delivered,5,2024-12-02,2024-12-07,4.0
15673,1779,2024-12-02,COD,Delivered,5,2024-12-03,2024-12-07,5.0
15674,1570,2024-12-03,Debit Card,Delivered,5,2024-12-05,2024-12-12,4.0
15675,2128,2024-12-03,Net Banking,Returned,5,2024-12-05,2024-12-08,5.0
15676,1872,2024-12-03,COD,Delivered,5,2024-12-04,2024-12-06,4.0
15677,827,2024-12-03,Credit Card,Delivered,5,2024-12-04,2024-12-10,5.0
15678,2351,2024-12-03,Debit Card,Delivered,5,2024-12-05,2024-12-09,5.0
15679,2490,2024-12-03,UPI,Delivered,5,2024-12-05,2024-12-08,4.0
15680,2055,2024-12-03,UPI,Delivered,5,2024-12-03,2024-12-05,4.0
15681,334,2024-12-04,UPI,Delivered,5,2024-12-06,2024-12-13,5.0
15682,2408,2024-12-04,UPI,Delivered,5,2024-12-05,2024-12-11,5.0
15683,2543,2024-12-04,Debit Card,Delivered,5,2024-12-04,2024-12-11,
15684,2365,2024-12-04,Debit Card,Delivered,5,2024-12-05,2024-12-10,
15685,1389,2024-12-04,COD,Cancelled,5,,,
15686,1419,2024-12-04,UPI,Delivered,5,2024-12-04,2024-12-12,
15687,2295,2024-12-04,Credit Card,Delivered,5,2024-12-05,2024-12-08,5.0
15688,1161,2024-12-04,UPI,Cancelled,5,,,
15689,591,2024-12-04,Credit Card,Delivered,5,2024-12-04,2024-12-07,4.0
15690,1537,2024-12-04,UPI,Delivered,5,2024-12-06,2024-12-09,
15691,1754,2024-12-04,Credit Card,Delivered,5,2024-12-04,2024-12-09,
15692,1775,2024-12-04,Debit Card,Delivered,5,2024-12-06,2024-12-10,5.0
15693,1187,2024-12-05,UPI,Delivered,5,2024-12-07,2024-12-09,5.0
15694,2776,2024-12-05,Debit Card,Cancelled,5,,,
15695,2852,2024-12-05,UPI,Returned,5,2024-12-05,2024-12-09,5.0
15696,1182,2024-12-05,UPI,Delivered,5,2024-12-07,2024-12-11,4.0
15697,1197,2024-12-05,COD,Delivered,5,2024-12-05,2024-12-11,
15698,2393,2024-12-05,UPI,Delivered,5,2024-12-07,2024-12-12,4.0
15699,938,2024-12-06,UPI,Delivered,5,2024-12-07,2024-12-10,5.0
15700,2620,2024-12-06,COD,Delivered,5,2024-12-08,2024-12-11,4.0
15700,2620,2024-12-06,COD,Delivered,5,2024-12-08,2024-12-11,4.0
15701,1447,2024-12-06,UPI,Delivered,5,2024-12-08,2024-12-12,5.0
15702,2788,2024-12-06,UPI,Cancelled,5,,,
15703,1565,2024-12-06,Credit Card,Delivered,5,2024-12-06,2024-12-11,5.0
15704,2946,2024-12-06,Debit Card,Delivered,5,2024-12-06,2024-12-11,5.0
15705,756,2024-12-07,Debit Card,Delivered,5,2024-12-07,2024-12-11,4.0
15706,2978,2024-12-07,Debit Card,Delivered,5,2024-12-09,2024-12-12,
15707,2898,2024-12-07,Net Banking,Delivered,5,2024-12-07,2024-12-11,4.0
15708,2714,2024-12-07,UPI,Delivered,5,2024-12-08,2024-12-11,5.0
15709,210,2024-12-07,Credit Card,Delivered,5,2024-12-08,2024-12-12,5.0
15710,104,2024-12-07,Net Banking,Delivered,5,2024-12-07,2024-12-10,5.0
15711,730,2024-12-07,UPI,Delivered,5,2024-12-08,2024-12-12,4.0
15712,161,2024-12-07,Net Banking,Delivered,5,2024-12-08,2024-12-12,5.0
15713,87,2024-12-07,Net Banking,Delivered,5,2024-12-07,2024-12-10,4.0
15714,658,2024-12-07,Net Banking,Delivered,5,2024-12-09,2024-12-13,5.0
15715,163,2024-12-07,UPI,Delivered,5,2024-12-09,2024-12-12,5.0
15716,2860,2024-12-07,Credit Card,Delivered,5,2024-12-09,2024-12-15,5.0
15717,2734,2024-12-08,COD,Delivered,5,2024-12-09,2024-12-15,
15718,1970,2024-12-08,UPI,Delivered,5,2024-12-08,2024-12-11,5.0
15719,1178,2024-12-08,Credit Card,Delivered,5,2024-12-08,2024-12-12,
15720,59,2024-12-08,UPI,Delivered,5,2024-12-09,2024-12-13,5.0
15721,2728,2024-12-08,UPI,Delivered,5,2024-12-08,2024-12-12,4.0
15722,2276,2024-12-08,COD,Delivered,5,2024-12-10,2024-12-13,
15723,2564,2024-12-08,Net Banking,Delivered,5,2024-12-09,2024-12-15,
15724,1486,2024-12-08,UPI,Delivered,5,2024-12-10,2024-12-15,
15725,1568,2024-12-08,UPI,Delivered,5,2024-12-09,2024-12-12,4.0
15726,1910,2024-12-08,Credit Card,Delivered,5,2024-12-08,2024-12-11,
15727,2959,2024-12-08,UPI,Delivered,5,2024-12-09,2024-12-12,5.0
15728,2979,2024-12-08,Debit Card,Delivered,5,2024-12-10,2024-12-14,4.0
15729,2253,2024-12-08,Debit Card,Delivered,5,2024-12-09,2024-12-12,5.0
15730,2664,2024-12-08,UPI,Delivered,5,2024-12-10,2024-12-14,4.0
15731,251,2024-12-09,COD,Delivered,5,2024-12-11,2024-12-16,5.0
15732,2646,2024-12-09,UPI,Delivered,5,2024-12-09,2024-12-11,
15733,886,2024-12-09,UPI,Delivered,5,2024-12-11,2024-12-17,4.0
15734,373,2024-12-09,COD,Delivered,5,2024-12-09,2024-12-14,5.0
15735,654,2024-12-09,UPI,Delivered,5,2024-12-09,2024-12-17,4.0
15736,573,2024-12-09,UPI,Delivered,5,2024-12-10,2024-12-15,5.0
15737,2868,2024-12-09,Debit Card,Delivered,5,2024-12-11,2024-12-14,
15738,1596,2024-12-09,UPI,Delivered,5,2024-12-11,2024-12-16,
15739,968,2024-12-09,Credit Card,Delivered,5,2024-12-09,2024-12-13,5.0
15740,512,2024-12-09,COD,Delivered,5,2024-12-11,2024-12-19,
15741,2939,2024-12-09,UPI,Delivered,5,2024-12-11,2024-12-14,5.0
15742,96,2024-12-09,Credit Card,Delivered,5,2024-12-11,2024-12-14,4.0
15743,943,2024-12-09,UPI,Delivered,5,2024-12-10,2024-12-13,3.0
15744,1183,2024-12-09,Debit Card,Delivered,5,2024-12-11,2024-12-15,5.0
15745,1679,2024-12-09,UPI,Delivered,5,2024-12-10,2024-12-14,
15746,1506,2024-12-10,COD,Delivered,5,2024-12-11,2024-12-15,5.0
15747,420,2024-12-10,UPI,Delivered,5,2024-12-11,2024-12-17,4.0
15748,2966,2024-12-10,COD,Delivered,5,2024-12-10,2024-12-15,5.0
15749,1002,2024-12-10,COD,Cancelled,5,,,
15750,796,2024-12-10,COD,Delivered,5,2024-12-11,2024-12-17,
15751,2727,2024-12-10,Debit Card,Delivered,5,2024-12-11,2024-12-16,4.0
15752,2192,2024-12-10,UPI,Delivered,5,2024-12-11,2024-12-15,4.0
15753,986,2024-12-10,UPI,Delivered,5,2024-12-12,2024-12-15,
15754,1786,2024-12-10,UPI,Delivered,5,2024-12-12,2024-12-15,
15755,2696,2024-12-10,UPI,Delivered,5,2024-12-10,2024-12-13,5.0
15756,837,2024-12-10,Credit Card,Delivered,5,2024-12-12,2024-12-16,5.0
15757,1086,2024-12-10,Debit Card,Delivered,5,2024-12-12,2024-12-19,3.0
15758,123,2024-12-10,Credit Card,Cancelled,5,,,
15759,602,2024-12-10,Net Banking,Delivered,5,2024-12-12,2024-12-17,4.0
15760,1130,2024-12-10,Debit Card,Delivered,5,2024-12-11,2024-12-15,
15761,507,2024-12-10,Credit Card,Delivered,5,2024-12-11,2024-12-14,
15762,569,2024-12-10,UPI,Delivered,5,2024-12-11,2024-12-14,4.0
15763,2807,2024-12-10,Credit Card,Delivered,5,2024-12-12,2024-12-16,
15764,828,2024-12-10,Credit Card,Delivered,5,2024-12-11,2024-12-14,4.0
15765,1913,2024-12-10,UPI,Delivered,5,2024-12-11,2024-12-15,
15766,1487,2024-12-10,Credit Card,Delivered,5,2024-12-10,2024-12-14,
15767,1416,2024-12-11,Debit Card,Delivered,5,2024-12-11,2024-12-17,3.0
15768,747,2024-12-11,UPI,Delivered,5,2024-12-12,2024-12-17,3.0
15769,1566,2024-12-11,UPI,Delivered,5,2024-12-11,2024-12-15,5.0
15770,1118,2024-12-11,UPI,Delivered,5,2024-12-11,2024-12-15,
15771,1421,2024-12-11,UPI,Delivered,5,2024-12-11,2024-12-15,5.0
15772,2002,2024-12-11,UPI,Delivered,5,2024-12-12,2024-12-19,5.0
15773,822,2024-12-11,COD,Delivered,5,2024-12-11,2024-12-14,4.0
15774,909,2024-12-12,Debit Card,Delivered,5,2024-12-14,2024-12-17,5.0
15775,2580,2024-12-12,UPI,Delivered,5,2024-12-13,2024-12-15,4.0
15776,516,2024-12-12,Net Banking,Delivered,5,2024-12-13,2024-12-18,4.0
15777,2178,2024-12-12,Debit Card,Delivered,5,2024-12-12,2024-12-16,4.0
15778,311,2024-12-12,UPI,Delivered,5,2024-12-12,2024-12-16,5.0
15779,1069,2024-12-12,COD,Delivered,5,2024-12-12,2024-12-17,5.0
15780,2198,2024-12-12,COD,Delivered,5,2024-12-14,2024-12-17,5.0
15781,141,2024-12-12,Credit Card,Delivered,5,2024-12-13,2024-12-16,5.0
15782,550,2024-12-12,UPI,Delivered,5,2024-12-12,2024-12-17,5.0
15783,857,2024-12-12,COD,Delivered,5,2024-12-12,2024-12-16,
15784,481,2024-12-12,UPI,Delivered,5,2024-12-12,2024-12-15,
15785,77,2024-12-13,UPI,Delivered,5,2024-12-13,2024-12-18,
15786,2951,2024-12-13,COD,Delivered,5,2024-12-15,2024-12-18,
15787,1958,2024-12-13,COD,Delivered,5,2024-12-13,2024-12-16,4.0
15788,2119,2024-12-13,Debit Card,Delivered,5,2024-12-15,2024-12-19,4.0
15789,1,2024-12-13,UPI,Delivered,5,2024-12-14,2024-12-19,3.0
15790,1633,2024-12-13,UPI,Delivered,5,2024-12-13,2024-12-19,4.0
15791,1133,2024-12-13,COD,Delivered,5,2024-12-13,2024-12-17,5.0
15792,2744,2024-12-13,Debit Card,Delivered,5,2024-12-14,2024-12-18,
15793,1794,2024-12-13,COD,Delivered,5,2024-12-15,2024-12-18,4.0
15794,1197,2024-12-13,UPI,Delivered,5,2024-12-14,2024-12-20,
15795,1310,2024-12-13,Net Banking,Delivered,5,2024-12-15,2024-12-19,
15796,2915,2024-12-13,UPI,Delivered,5,2024-12-15,2024-12-24,2.0
15797,2357,2024-12-14,UPI,Delivered,5,2024-12-16,2024-12-20,5.0
15798,462,2024-12-14,COD,Delivered,5,2024-12-15,2024-12-19,
15799,1472,2024-12-14,UPI,Delivered,5,2024-12-15,2024-12-18,
15800,456,2024-12-14,Debit Card,Delivered,5,2024-12-15,2024-12-20,
15801,2116,2024-12-14,Credit Card,Delivered,5,2024-12-15,2024-12-21,4.0
15802,2508,2024-12-14,COD,Delivered,5,2024-12-14,2024-12-22,3.0
15803,2889,2024-12-14,UPI,Delivered,5,2024-12-15,2024-12-18,
15804,381,2024-12-14,UPI,Delivered,5,2024-12-14,2024-12-16,4.0
15805,1804,2024-12-14,Debit Card,Delivered,5,2024-12-16,2024-12-19,5.0
15806,2985,2024-12-14,COD,Delivered,5,2024-12-14,2024-12-17,4.0
15807,2765,2024-12-14,COD,Delivered,5,2024-12-14,2024-12-19,4.0
15808,2862,2024-12-14,UPI,Delivered,5,2024-12-15,2024-12-19,3.0
15809,5,2024-12-15,Debit Card,Delivered,5,2024-12-17,2024-12-23,
15810,1702,2024-12-15,UPI,Delivered,5,2024-12-16,2024-12-19,4.0
15811,2692,2024-12-15,UPI,Delivered,5,2024-12-15,2024-12-18,5.0
15812,2410,2024-12-15,UPI,Delivered,5,2024-12-15,2024-12-18,4.0
15813,1738,2024-12-15,UPI,Delivered,5,2024-12-16,2024-12-19,4.0
15814,2495,2024-12-15,UPI,Delivered,5,2024-12-15,2024-12-22,3.0
15815,1072,2024-12-15,UPI,Delivered,5,2024-12-17,2024-12-20,4.0
15816,1076,2024-12-15,UPI,Delivered,5,2024-12-16,2024-12-20,5.0
15817,1717,2024-12-15,COD,Delivered,5,2024-12-17,2024-12-22,
15818,1968,2024-12-15,UPI,Delivered,5,2024-12-15,2024-12-22,3.0
15819,1565,2024-12-15,COD,Delivered,5,2024-12-16,2024-12-20,4.0
15820,746,2024-12-15,COD,Delivered,5,2024-12-17,2024-12-20,
15821,2260,2024-12-16,Credit Card,Delivered,5,2024-12-16,2024-12-19,4.0
15821,2260,2024-12-16,Credit Card,Delivered,5,2024-12-16,2024-12-19,4.0
15822,2986,2024-12-16,Debit Card,Delivered,5,2024-12-18,2024-12-20,
15823,1360,2024-12-16,UPI,Delivered,5,2024-12-18,2024-12-21,4.0
15824,332,2024-12-16,UPI,Delivered,5,2024-12-17,2024-12-20,4.0
15825,2642,2024-12-16,Debit Card,Delivered,5,2024-12-16,2024-12-21,4.0
15826,1712,2024-12-17,Debit Card,Delivered,5,2024-12-19,2024-12-24,4.0
15827,813,2024-12-17,Credit Card,Returned,5,2024-12-18,2024-12-21,5.0
15828,1853,2024-12-17,COD,Delivered,5,2024-12-18,2024-12-22,5.0
15829,170,2024-12-17,Debit Card,Delivered,5,2024-12-19,2024-12-24,5.0
15830,2983,2024-12-18,Credit Card,Delivered,5,2024-12-19,2024-12-22,
15831,2143,2024-12-18,UPI,Delivered,5,2024-12-18,2024-12-21,4.0
15832,2701,2024-12-18,COD,Delivered,5,2024-12-19,2024-12-23,4.0
15833,423,2024-12-18,Net Banking,Delivered,5,2024-12-19,2024-12-22,4.0
15834,828,2024-12-18,Debit Card,Delivered,5,2024-12-18,2024-12-23,4.0
15835,1688,2024-12-18,COD,Delivered,5,2024-12-18,2024-12-20,4.0
15836,1366,2024-12-18,Credit Card,Delivered,5,2024-12-18,2024-12-21,5.0
15837,2000,2024-12-19,UPI,Delivered,5,2024-12-20,2024-12-23,5.0
15838,80,2024-12-19,COD,Delivered,5,2024-12-20,2024-12-25,5.0
15839,95,2024-12-19,Debit Card,Cancelled,5,,,
15840,1162,2024-12-19,Credit Card,Delivered,5,2024-12-19,2024-12-23,4.0
15841,1913,2024-12-19,Debit Card,Cancelled,5,,,
15842,2392,2024-12-20,Credit Card,Delivered,5,2024-12-22,2024-12-26,5.0
15843,2066,2024-12-20,UPI,Delivered,5,2024-12-20,2024-12-24,5.0
15844,2818,2024-12-20,Debit Card,Delivered,5,2024-12-20,2024-12-23,5.0
15845,699,2024-12-20,UPI,Delivered,5,2024-12-22,2024-12-25,5.0
15846,1021,2024-12-20,UPI,Delivered,5,2024-12-21,2024-12-26,4.0
15847,909,2024-12-20,UPI,Delivered,5,2024-12-21,2024-12-27,4.0
15848,2617,2024-12-20,UPI,Delivered,5,2024-12-21,2024-12-25,4.0
15849,622,2024-12-21,COD,Delivered,5,2024-12-23,2024-12-26,5.0
15850,255,2024-12-21,UPI,Delivered,5,2024-12-21,2024-12-24,5.0
15851,1299,2024-12-21,UPI,Delivered,5,2024-12-23,2024-12-31,4.0
15852,1837,2024-12-21,COD,Delivered,5,2024-12-21,2024-12-25,5.0
15853,2176,2024-12-21,COD,Delivered,5,2024-12-23,2024-12-26,
15854,1890,2024-12-22,Debit Card,Delivered,5,2024-12-23,2024-12-26,5.0
15855,14,2024-12-22,Net Banking,Delivered,5,2024-12-24,2024-12-27,4.0
15856,295,2024-12-22,Debit Card,Cancelled,5,,,
15857,157,2024-12-22,COD,Delivered,5,2024-12-23,2024-12-27,
15858,689,2024-12-22,Credit Card,Delivered,5,2024-12-22,2024-12-25,5.0
15859,4,2024-12-22,UPI,Cancelled,5,,,
15860,560,2024-12-22,Credit Card,Delivered,5,2024-12-22,2024-12-28,
15861,2329,2024-12-22,COD,Delivered,5,2024-12-23,2025-01-01,4.0
15862,431,2024-12-22,Debit Card,Delivered,5,2024-12-23,2024-12-27,5.0
15863,1721,2024-12-22,COD,Delivered,5,2024-12-23,2024-12-25,4.0
15864,2191,2024-12-23,Debit Card,Delivered,5,2024-12-25,2024-12-29,5.0
15865,2536,2024-12-23,Debit Card,Delivered,5,2024-12-24,2024-12-26,4.0
15866,782,2024-12-23,UPI,Delivered,5,2024-12-25,2024-12-30,3.0
15867,2271,2024-12-23,UPI,Delivered,5,2024-12-24,2024-12-28,4.0
15868,2276,2024-12-23,Credit Card,Delivered,5,2024-12-24,2024-12-28,
15869,866,2024-12-23,UPI,Delivered,5,2024-12-23,2024-12-27,5.0
15870,2658,2024-12-23,COD,Delivered,5,2024-12-25,2024-12-28,5.0
15871,1307,2024-12-24,UPI,Returned,5,2024-12-26,2024-12-31,
15872,843,2024-12-24,UPI,Delivered,5,2024-12-26,2024-12-30,5.0
15873,2252,2024-12-24,Debit Card,Delivered,5,2024-12-24,2024-12-28,
15874,1447,2024-12-24,UPI,Delivered,5,2024-12-25,2024-12-28,4.0
15875,1195,2024-12-24,Credit Card,Delivered,5,2024-12-25,2024-12-30,4.0
15876,2947,2024-12-24,UPI,Delivered,5,2024-12-26,2025-01-01,
15877,349,2024-12-24,UPI,Delivered,5,2024-12-24,2024-12-27,5.0
15878,2978,2024-12-24,Debit Card,Delivered,5,2024-12-26,2024-12-30,
15879,1121,2024-12-24,UPI,Delivered,5,2024-12-26,2024-12-28,5.0
15880,1381,2024-12-25,Credit Card,Cancelled,5,,,
15881,1340,2024-12-25,UPI,Delivered,5,2024-12-25,2024-12-27,4.0
15882,516,2024-12-25,Credit Card,Delivered,5,2024-12-26,2025-01-02,5.0
15883,990,2024-12-25,Credit Card,Delivered,5,2024-12-27,2025-01-01,4.0
15884,5,2024-12-25,UPI,Delivered,5,2024-12-27,2025-01-03,
15885,2729,2024-12-26,Debit Card,Delivered,5,2024-12-26,2024-12-29,4.0
15886,1069,2024-12-26,Credit Card,Delivered,5,2024-12-26,2024-12-29,
15887,411,2024-12-26,COD,Delivered,5,2024-12-27,2024-12-29,4.0
15888,96,2024-12-26,COD,Delivered,5,2024-12-26,2024-12-28,
15889,879,2024-12-26,Credit Card,Delivered,5,2024-12-27,2024-12-30,
15890,2123,2024-12-26,UPI,Delivered,5,2024-12-26,2024-12-29,
15891,1605,2024-12-27,COD,Delivered,5,2024-12-28,2024-12-30,5.0
15892,1613,2024-12-27,Credit Card,Cancelled,5,,,
15893,2847,2024-12-27,COD,Delivered,5,2024-12-27,2025-01-02,3.0
15894,332,2024-12-27,Credit Card,Delivered,5,2024-12-27,2024-12-30,
15895,1016,2024-12-27,UPI,Delivered,5,2024-12-27,2025-01-03,4.0
15896,2364,2024-12-28,COD,Delivered,5,2024-12-29,2025-01-01,
15897,483,2024-12-28,COD,Delivered,5,2024-12-28,2024-12-31,
15898,1117,2024-12-28,UPI,Delivered,5,2024-12-30,2025-01-02,5.0
15899,2361,2024-12-29,Debit Card,Delivered,5,2024-12-30,2025-01-06,3.0
15900,2176,2024-12-29,Credit Card,Delivered,5,2024-12-29,2025-01-01,4.0
15901,2939,2024-12-29,Credit Card,Delivered,5,2024-12-30,2025-01-05,3.0
15902,295,2024-12-29,COD,Delivered,5,2024-12-31,2025-01-03,4.0
15903,1924,2024-12-30,UPI,Cancelled,5,,,
15904,244,2024-12-30,UPI,Delivered,5,2025-01-01,2025-01-07,5.0
15905,1109,2024-12-30,UPI,Delivered,5,2024-12-31,2025-01-03,
15906,747,2024-12-30,COD,Delivered,5,2024-12-31,2025-01-04,
15907,1288,2024-12-30,UPI,Delivered,5,2024-12-31,2025-01-06,4.0
15908,1738,2024-12-31,Debit Card,Delivered,5,2025-01-02,2025-01-06,5.0
15909,2902,2024-12-31,COD,Delivered,5,2025-01-02,2025-01-05,5.0
15910,583,2024-12-31,COD,Delivered,5,2025-01-01,2025-01-07,
