order_id,product_id,quantity,discount_pct
10001,46,1,10
10002,25,1,0
10003,13,1,5
10004,32,1,5
10005,3,1,5
10005,11,1,0
10006,22,2,5
10007,27,1,0
10007,57,1,0
10008,1,1,0
10008,20,1,5
10009,9,1,0
10010,15,1,10
10011,4,1,0
10011,33,2,5
10012,61,2,5
10013,20,2,30
10014,34,1,0
10015,57,1,10
10015,62,1,5
10016,46,1,0
10017,33,1,0
10017,32,1,10
10018,53,2,5
10019,34,2,20
10020,37,2,0
10020,17,1,0
10021,37,1,0
10022,21,1,0
10023,28,1,0
10023,49,1,15
10024,18,1,0
10025,57,1,5
10025,42,1,0
10025,46,1,10
10025,28,1,0
10026,4,1,10
10026,8,1,0
10027,11,1,5
10028,48,1,0
10029,63,1,0
10029,34,1,0
10030,50,1,0
10031,21,1,10
10032,47,1,0
10033,18,2,0
10033,31,1,10
10033,25,2,0
10034,22,1,5
10034,16,1,0
10034,4,1,0
10035,41,1,5
10035,50,1,5
10035,39,1,0
10036,44,1,0
10037,46,1,0
10038,52,1,5
10039,45,2,10
10040,10,1,15
10041,22,1,0
10041,58,1,5
10041,62,1,0
10042,54,1,10
10042,51,1,5
10042,20,1,0
10043,4,1,0
10043,7,1,0
10043,44,1,0
10044,7,2,15
10044,18,2,20
10045,10,1,20
10046,1,1,0
10047,29,1,0
10048,31,1,10
10048,22,2,20
10048,3,1,0
10049,5,2,15
10050,23,1,5
10050,50,1,5
10051,5,2,15
10051,56,1,0
10052,26,1,10
10053,38,2,5
10054,2,1,0
10055,18,2,5
10055,5,2,0
10056,10,1,15
10056,39,1,0
10057,29,1,0
10058,20,1,20
10059,29,1,0
10059,5,2,5
10060,32,1,5
10060,62,1,0
10060,15,1,5
10061,53,1,10
10062,21,1,0
10062,16,1,5
10063,62,1,0
10063,53,1,5
10063,58,2,20
10064,64,1,5
10065,10,1,10
10066,36,1,5
10067,21,1,0
10067,39,1,0
10068,7,2,10
10068,21,1,0
10068,62,1,0
10068,23,1,0
10069,1,1,10
10069,16,1,0
10070,24,2,10
10071,15,1,0
10072,3,1,0
10072,38,1,0
10072,36,1,0
10072,49,1,0
10073,20,1,5
10074,30,1,5
10075,8,1,0
10076,5,1,5
10077,7,2,0
10078,47,1,5
10078,4,1,10
10078,18,1,10
10079,15,1,0
10079,58,2,0
10080,29,1,0
10081,47,1,0
10081,60,1,0
10082,31,1,0
10083,59,1,0
10084,58,2,0
10084,31,1,0
10085,54,1,0
10085,27,1,0
10086,19,1,0
10086,4,1,5
10087,25,1,0
10087,58,1,0
10088,54,1,0
10089,33,2,0
10090,47,1,10
10090,45,1,5
10090,35,1,5
10091,19,1,5
10091,1,1,0
10091,40,1,20
10092,38,1,0
10093,60,1,0
10093,16,1,5
10093,11,1,0
10093,5,1,5
10094,5,1,0
10095,32,2,15
10096,44,1,5
10096,55,1,0
10097,46,1,10
10098,50,1,0
10098,5,1,0
10098,58,1,0
10099,28,1,0
10099,20,1,10
10099,63,1,0
10100,42,1,5
10101,15,1,0
10101,51,1,10
10102,19,2,10
10103,6,1,0
10103,31,1,0
10104,62,1,0
10105,58,2,0
10105,8,1,0
10106,52,2,0
10107,24,1,0
10108,11,1,0
10109,28,2,0
10109,29,1,0
10109,22,1,0
10110,19,1,0
10111,32,1,0
10112,6,1,0
10112,42,2,5
10112,60,2,0
10112,62,1,0
10113,28,2,0
10113,23,1,0
10114,8,1,0
10114,28,1,10
10115,58,1,0
10116,5,1,10
10117,38,2,0
10117,2,2,0
10118,3,1,0
10119,56,1,0
10119,15,1,5
10120,2,1,10
10120,43,1,0
10121,41,1,5
10122,61,2,0
10123,53,1,0
10124,46,1,0
10124,17,1,10
10125,54,1,0
10126,27,2,0
10126,58,1,0
10127,33,1,0
10128,22,2,5
10129,64,1,10
10129,43,1,10
10130,31,1,5
10130,19,2,10
10130,29,1,0
10131,42,1,5
10131,61,1,0
10131,34,1,0
10132,5,1,10
10132,10,2,15
10132,64,1,30
10133,19,2,5
10134,5,1,5
10134,40,1,5
10134,49,1,0
10135,7,1,0
10136,18,1,5
10137,36,1,0
10138,10,1,0
10139,61,1,0
10140,22,1,0
10141,54,1,0
10141,61,2,0
10142,48,1,10
10143,49,2,5
10143,41,1,0
10144,9,1,10
10145,30,1,0
10145,59,1,0
10146,23,1,0
10146,40,2,0
10147,33,2,0
10148,30,1,0
10149,35,2,15
10149,20,1,5
10150,27,1,0
10150,24,1,0
10151,62,1,0
10152,24,1,5
10152,34,1,0
10153,19,1,5
10153,13,2,0
10154,23,2,0
10154,43,1,5
10155,46,1,0
10156,24,1,20
10157,2,1,0
10157,52,1,0
10158,58,1,5
10158,24,1,15
10158,26,1,0
10159,44,1,10
10160,18,1,0
10160,5,1,15
10160,32,1,0
10161,15,1,5
10161,30,2,0
10162,4,2,10
10162,52,1,0
10162,17,1,5
10163,2,2,0
10164,43,1,0
10165,5,1,0
10165,60,1,15
10166,3,1,10
10166,9,1,0
10167,63,1,0
10168,29,1,10
10168,14,1,5
10169,45,1,0
10169,57,1,0
10170,37,2,5
10170,43,1,0
10170,51,1,5
10170,12,2,0
10171,53,1,10
10171,16,2,0
10172,23,1,5
10173,64,1,0
10173,38,2,0
10174,53,2,15
10175,64,1,0
10175,12,1,0
10176,54,1,0
10177,21,1,5
10177,11,1,15
10178,21,1,15
10178,56,1,5
10179,28,2,0
10179,45,1,15
10179,37,1,5
10180,14,1,20
10181,40,1,0
10182,55,1,0
10183,35,2,10
10183,5,1,0
10183,13,2,0
10183,17,1,0
10184,30,1,5
10184,13,1,0
10184,28,2,10
10185,1,2,5
10186,15,2,0
10187,27,1,10
10187,53,1,0
10187,38,1,0
10187,62,1,15
10188,54,2,5
10188,18,2,0
10188,55,1,0
10189,30,2,10
10190,58,2,15
10191,36,1,10
10191,42,1,15
10191,64,1,10
10191,40,1,0
10192,62,1,10
10192,23,1,5
10192,31,1,0
10193,33,1,0
10194,17,2,0
10194,39,1,0
10195,39,1,0
10196,2,2,0
10197,18,1,0
10197,50,1,20
10198,15,2,20
10199,50,1,0
10200,34,1,0
10200,22,1,15
10201,4,1,5
10201,21,2,15
10202,8,1,10
10203,60,2,5
10204,16,1,0
10204,22,1,0
10205,62,1,0
10205,18,1,0
10206,63,1,10
10207,51,1,0
10208,50,1,0
10208,30,1,5
10209,59,1,0
10209,44,2,0
10209,8,1,0
10210,31,1,0
10211,22,1,10
10211,40,1,0
10212,32,1,5
10212,36,1,0
10212,27,1,5
10212,13,2,5
10213,6,1,0
10214,8,1,0
10214,49,2,0
10214,29,1,0
10215,34,1,0
10215,42,2,0
10216,64,1,0
10216,21,2,20
10216,7,1,15
10217,50,1,0
10217,3,1,0
10218,45,1,0
10219,64,1,0
10220,1,1,5
10220,37,1,0
10220,46,1,0
10220,26,1,0
10221,31,1,0
10222,49,1,0
10223,13,1,5
10223,15,1,0
10224,63,2,10
10225,60,1,10
10225,38,1,0
10225,12,1,30
10226,3,1,5
10227,7,2,0
10228,17,1,0
10228,10,1,0
10229,24,1,0
10230,39,1,0
10230,36,1,0
10231,7,1,5
10231,60,1,5
10232,10,1,10
10232,44,1,0
10233,37,1,0
10233,12,2,10
10234,40,1,15
10235,47,1,0
10236,8,1,0
10237,4,2,10
10237,9,1,0
10238,59,1,5
10238,27,1,0
10239,5,1,0
10239,24,1,5
10240,26,1,5
10241,12,2,5
10242,60,1,5
10242,42,1,0
10243,7,1,0
10243,43,1,0
10244,25,1,20
10244,47,1,10
10245,50,1,5
10246,64,1,0
10247,47,1,0
10248,22,1,0
10249,38,1,0
10250,15,1,0
10250,18,1,0
10250,45,1,0
10251,10,1,10
10252,11,1,0
10253,46,1,0
10253,8,1,15
10253,63,1,0
10254,51,2,5
10254,5,1,0
10254,18,1,0
10255,55,1,0
10256,36,1,5
10256,13,1,5
10257,19,1,0
10258,51,1,0
10259,4,1,5
10260,10,2,10
10261,11,1,0
10261,30,1,5
10262,57,1,0
10263,40,1,0
10263,57,1,0
10263,64,1,0
10263,12,2,5
10264,45,1,5
10264,6,1,0
10264,11,1,10
10265,43,1,5
10265,25,1,0
10266,36,1,10
10266,6,1,10
10267,9,1,0
10267,15,1,0
10268,50,1,5
10269,54,1,0
10269,51,1,10
10270,9,1,15
10271,16,2,0
10271,6,1,5
10271,35,1,0
10272,32,1,0
10273,16,1,0
10273,45,1,0
10273,10,1,10
10274,39,1,5
10275,1,1,0
10275,26,1,0
10275,36,2,0
10276,13,2,5
10277,11,1,0
10277,14,2,5
10277,31,1,0
10277,58,1,0
10278,48,1,0
10279,9,1,5
10279,50,1,0
10280,32,1,5
10280,29,2,20
10280,11,2,5
10280,53,1,0
10281,43,1,15
10281,26,1,0
10281,2,2,0
10281,59,2,0
10282,63,2,5
10282,61,1,0
10283,61,1,0
10283,63,1,0
10283,60,1,0
10283,1,2,15
10284,50,1,0
10284,63,1,0
10285,39,1,0
10285,20,1,5
10286,44,1,5
10287,43,1,0
10288,6,1,0
10288,17,1,0
10288,51,1,0
10289,45,1,10
10290,48,1,0
10290,33,1,0
10291,45,1,0
10291,5,1,0
10291,52,1,0
10292,30,1,5
10292,37,1,0
10293,26,1,5
10293,64,1,0
10294,47,1,0
10295,63,2,0
10296,3,1,5
10296,46,1,5
10296,26,2,10
10296,14,1,0
10297,13,1,30
10298,59,1,0
10299,19,2,20
10299,22,1,30
10300,48,2,0
10301,43,1,0
10301,27,1,5
10302,50,1,5
10303,57,1,0
10303,63,1,0
10303,26,1,5
10304,30,1,0
10304,41,1,0
10305,64,2,15
10305,13,1,0
10305,58,1,10
10305,46,2,30
10306,48,1,0
10307,44,1,20
10307,39,1,0
10307,56,2,0
10307,28,2,10
10308,51,1,15
10309,31,1,0
10309,17,1,0
10310,53,1,0
10311,20,1,5
10311,37,2,5
10311,32,1,5
10312,57,1,10
10313,51,1,0
10314,1,1,5
10314,24,2,0
10314,3,1,0
10314,43,1,15
10315,31,1,10
10316,24,1,0
10317,24,1,5
10318,25,1,0
10319,28,1,0
10320,13,1,15
10320,47,1,10
10321,34,1,0
10322,12,2,0
10323,40,2,15
10324,10,1,20
10325,40,1,10
10325,1,1,0
10325,56,1,0
10326,56,1,0
10326,6,1,0
10327,7,2,15
10328,9,2,5
10328,22,1,15
10328,54,1,0
10329,60,2,0
10330,39,1,0
10331,60,1,0
10331,2,1,15
10332,53,1,0
10333,1,1,15
10334,20,1,10
10334,6,2,30
10334,21,1,0
10335,45,1,0
10335,56,1,0
10336,58,1,20
10336,55,1,0
10337,18,1,10
10337,5,2,20
10338,12,1,5
10338,56,1,0
10338,14,1,15
10338,43,1,15
10339,14,1,0
10339,60,1,0
10340,49,1,0
10340,50,1,0
10341,62,1,0
10341,38,1,5
10342,28,2,0
10343,58,1,10
10344,12,1,5
10345,50,1,5
10345,27,1,0
10346,30,1,15
10347,58,1,0
10348,31,1,0
10348,45,1,0
10349,27,1,0
10349,63,1,15
10349,34,1,0
10350,46,1,0
10351,12,2,0
10351,20,1,0
10352,55,2,10
10353,62,2,5
10353,54,1,0
10354,6,1,10
10354,44,2,0
10354,51,1,0
10355,58,1,10
10355,39,1,0
10355,33,1,10
10356,59,2,10
10356,52,2,10
10357,61,1,0
10358,44,1,0
10359,57,2,0
10360,49,1,5
10361,42,2,20
10362,43,1,0
10363,29,1,0
10363,49,1,0
10364,37,1,10
10364,17,1,5
10364,64,1,0
10364,29,2,0
10365,61,2,10
10365,35,1,0
10366,35,1,0
10366,48,2,0
10367,6,1,0
10367,53,2,5
10368,62,1,0
10369,58,1,5
10370,61,1,0
10371,51,1,5
10371,62,1,0
10371,34,1,0
10372,42,1,0
10372,34,1,0
10372,27,1,5
10373,21,2,0
10373,19,1,5
10373,40,1,0
10374,24,2,10
10374,57,1,0
10375,40,1,10
10376,55,1,5
10376,22,1,0
10376,24,1,0
10377,20,1,0
10377,59,2,0
10378,34,1,20
10378,55,1,0
10379,45,1,0
10379,60,1,5
10379,64,1,10
10380,53,1,0
10381,11,1,10
10381,10,1,0
10382,28,1,0
10383,59,1,0
10383,48,1,10
10384,52,1,5
10384,47,1,0
10385,60,1,0
10385,37,1,0
10386,62,1,5
10386,63,1,0
10386,8,1,5
10387,19,1,0
10388,27,2,5
10389,44,1,30
10390,3,1,15
10390,14,1,0
10390,25,2,10
10391,16,1,0
10392,39,2,5
10393,62,1,5
10393,32,1,5
10394,4,1,5
10394,40,1,5
10394,32,1,0
10395,3,2,5
10395,41,1,0
10396,62,1,0
10397,41,1,5
10398,43,1,0
10399,45,1,0
10399,25,2,0
10399,4,1,10
10399,49,2,10
10400,38,1,5
10401,13,1,0
10401,35,1,0
10401,16,1,5
10402,15,1,0
10402,26,1,15
10402,3,1,0
10403,61,2,0
10404,47,1,0
10404,37,1,0
10404,31,2,0
10405,34,1,10
10405,33,1,0
10406,38,1,0
10407,47,1,5
10408,6,1,0
10409,33,2,20
10409,43,1,5
10409,47,1,0
10410,2,2,10
10410,30,1,10
10411,11,1,5
10411,23,1,0
10412,52,1,10
10412,44,2,5
10413,63,1,0
10413,34,1,0
10414,17,1,5
10414,28,1,0
10414,41,2,5
10415,30,2,5
10415,62,1,5
10415,42,2,0
10416,44,1,0
10416,2,2,20
10417,38,1,0
10418,57,1,5
10419,25,1,0
10420,38,1,5
10420,61,1,0
10420,10,1,5
10421,22,1,10
10421,53,2,0
10422,37,1,0
10422,62,2,30
10423,22,1,0
10423,38,1,5
10424,16,1,0
10425,56,2,0
10425,18,1,0
10425,2,1,0
10425,32,1,0
10426,14,1,0
10426,44,1,0
10426,50,1,5
10427,38,2,0
10427,35,1,10
10428,9,1,0
10429,20,1,0
10429,12,1,0
10430,62,1,0
10431,58,1,0
10431,43,1,0
10432,44,2,0
10432,26,1,0
10432,36,1,15
10433,60,1,0
10434,8,1,5
10435,47,2,0
10435,62,1,10
10435,55,1,20
10435,14,1,0
10436,42,1,5
10436,53,2,0
10437,14,1,5
10438,20,1,0
10439,15,1,0
10439,55,1,0
10439,37,1,5
10440,57,1,5
10440,23,1,0
10440,26,1,0
10441,38,1,5
10441,11,1,0
10442,8,1,0
10443,29,1,0
10443,19,1,20
10444,48,1,10
10445,8,1,0
10446,64,1,0
10447,19,1,15
10447,46,1,0
10448,23,1,5
10449,25,1,0
10450,24,1,20
10450,11,1,0
10450,60,1,10
10450,55,1,0
10451,49,1,0
10452,54,1,5
10453,54,1,0
10454,19,1,0
10455,3,2,0
10455,55,2,0
10455,52,1,5
10456,20,1,10
10457,1,1,0
10458,6,1,0
10459,37,2,10
10460,13,1,10
10460,61,2,15
10461,12,1,5
10461,46,1,20
10462,55,1,0
10462,32,1,5
10463,9,1,30
10463,36,1,5
10463,61,2,0
10464,11,1,0
10465,47,1,30
10465,60,1,0
10465,46,1,0
10465,37,1,0
10466,24,1,10
10467,38,1,0
10467,37,1,5
10468,63,1,0
10468,20,1,0
10469,51,1,20
10470,29,1,0
10470,62,1,0
10471,44,2,15
10471,3,2,0
10472,32,1,0
10473,26,1,0
10473,2,1,0
10473,3,1,0
10474,52,1,20
10475,28,1,0
10475,37,2,10
10476,63,1,30
10476,9,1,0
10477,20,1,15
10477,14,1,0
10478,44,1,5
10479,32,1,0
10479,25,1,20
10480,27,1,5
10480,21,1,15
10481,30,1,0
10482,9,1,15
10483,13,1,20
10483,38,1,0
10484,25,1,0
10484,21,1,0
10484,17,1,0
10485,17,1,0
10486,41,1,10
10486,47,1,10
10487,64,1,0
10488,13,1,0
10488,29,1,0
10489,11,1,30
10489,14,2,5
10489,50,1,0
10489,5,2,0
10490,25,1,5
10491,29,1,0
10492,18,2,10
10493,6,1,5
10493,33,1,10
10494,24,2,0
10495,56,1,0
10496,28,1,5
10496,19,1,0
10496,46,1,0
10497,27,1,5
10498,12,1,0
10498,22,1,15
10499,28,1,0
10500,42,1,0
10501,44,2,15
10502,26,1,0
10502,39,1,0
10503,41,1,0
10503,8,1,5
10503,24,1,0
10504,42,1,5
10505,13,1,15
10506,10,1,5
10506,13,1,5
10507,16,1,15
10508,36,1,0
10509,16,1,5
10509,14,1,0
10509,40,1,0
10510,40,1,10
10511,22,2,0
10512,16,1,0
10512,64,1,0
10513,17,1,0
10513,46,1,0
10514,21,1,10
10515,27,2,0
10516,22,1,0
10516,62,1,0
10516,18,1,10
10517,18,1,0
10517,50,1,5
10517,12,1,0
10518,55,1,0
10518,19,1,5
10518,18,1,0
10519,43,1,5
10520,54,1,5
10520,13,1,5
10520,10,1,15
10521,13,1,0
10521,62,1,0
10522,4,1,5
10523,39,2,0
10524,36,1,0
10525,6,1,0
10525,2,1,0
10526,44,1,0
10526,21,1,0
10527,57,1,0
10528,51,2,0
10529,22,1,0
10530,37,1,5
10531,18,1,0
10531,1,2,5
10532,38,1,0
10533,46,1,10
10533,13,1,15
10533,12,1,15
10534,5,2,5
10535,56,1,0
10535,10,1,5
10535,45,1,0
10536,36,1,0
10536,63,1,0
10536,21,1,0
10537,29,1,5
10538,63,1,0
10538,54,2,0
10539,42,1,5
10540,39,1,5
10540,46,1,0
10540,60,1,0
10541,25,1,0
10541,22,1,5
10542,13,2,10
10542,50,1,0
10543,25,2,0
10543,18,1,10
10543,7,1,5
10543,23,2,0
10544,63,1,0
10545,58,2,0
10546,42,1,0
10547,35,2,0
10548,12,1,10
10549,1,1,0
10550,63,1,0
10551,3,1,0
10552,43,1,0
10553,21,1,0
10553,31,1,0
10553,11,2,15
10554,43,2,15
10554,42,1,0
10555,26,1,5
10556,60,1,5
10557,46,1,0
10558,3,1,30
10558,26,1,0
10559,52,1,10
10559,10,1,0
10559,62,1,10
10559,20,1,0
10560,1,1,0
10561,17,1,0
10562,48,1,0
10562,26,1,0
10563,37,2,0
10563,32,1,0
10564,23,2,0
10565,57,1,10
10565,5,1,5
10565,14,1,0
10566,7,2,0
10566,57,1,0
10567,5,1,5
10567,20,1,10
10568,58,1,0
10568,29,1,5
10568,25,2,0
10569,8,1,10
10569,49,1,15
10570,24,1,0
10571,60,1,0
10572,3,1,0
10572,45,2,0
10573,30,2,15
10573,61,1,0
10574,55,1,0
10575,30,1,0
10576,58,2,0
10576,28,1,0
10577,2,1,5
10578,15,1,0
10579,7,1,10
10580,26,1,15
10581,7,1,30
10582,39,1,5
10582,2,2,0
10583,44,1,0
10584,63,2,0
10584,8,2,5
10584,16,1,5
10584,64,1,5
10585,25,2,0
10586,37,1,10
10586,63,1,0
10587,15,1,10
10587,53,1,0
10587,7,1,0
10588,56,1,0
10589,7,1,5
10590,10,1,10
10591,62,2,0
10591,29,1,0
10592,41,1,0
10593,49,1,0
10593,6,1,0
10593,24,1,5
10594,11,2,5
10595,22,1,5
10596,15,1,5
10597,41,2,0
10598,59,1,15
10599,39,1,0
10600,25,2,0
10601,10,1,15
10601,1,2,5
10602,64,1,0
10603,38,1,5
10604,46,1,0
10604,25,1,0
10605,64,1,20
10605,30,1,5
10606,6,1,0
10606,14,1,0
10607,25,1,0
10607,23,1,0
10607,35,1,10
10608,51,2,5
10609,64,1,0
10609,2,1,0
10610,45,1,0
10611,19,1,0
10612,59,2,0
10612,4,1,0
10613,6,2,5
10614,27,1,5
10614,23,1,0
10615,10,1,10
10615,42,1,0
10616,46,2,0
10617,44,2,0
10617,48,1,0
10617,19,1,10
10618,44,1,0
10619,49,1,10
10619,15,2,10
10620,39,1,5
10620,17,1,0
10620,20,1,0
10621,13,1,0
10621,45,1,0
10622,4,2,20
10622,1,1,5
10623,61,1,15
10623,54,2,20
10624,41,1,0
10624,39,1,0
10624,33,1,5
10625,15,1,10
10626,38,1,0
10627,13,2,0
10627,1,1,10
10627,4,1,0
10628,18,1,0
10628,35,1,15
10628,12,2,30
10629,59,1,0
10629,9,2,30
10629,2,2,15
10630,46,1,0
10630,59,1,10
10630,44,1,0
10630,18,1,15
10631,7,1,0
10631,35,1,5
10632,6,2,0
10633,22,1,0
10634,63,1,0
10635,41,1,15
10636,44,1,0
10637,39,1,0
10638,33,1,0
10638,48,1,0
10638,47,1,5
10638,4,1,5
10639,46,2,0
10640,55,1,0
10640,63,2,20
10640,6,1,0
10641,19,1,20
10641,38,2,10
10641,58,1,0
10641,37,1,0
10642,32,1,0
10642,37,1,0
10642,50,1,0
10643,10,1,0
10643,5,1,5
10644,55,2,0
10644,30,2,0
10645,16,2,0
10646,42,2,0
10647,56,1,0
10648,62,1,0
10648,16,1,0
10649,24,1,15
10650,22,1,30
10651,57,1,5
10651,21,1,15
10651,44,1,5
10652,13,1,0
10653,26,1,0
10653,28,1,5
10653,47,2,0
10653,42,1,0
10654,32,1,0
10655,17,1,0
10656,50,1,20
10656,18,1,5
10657,34,1,10
10657,53,2,10
10657,37,1,0
10658,34,1,0
10659,28,1,0
10660,36,1,0
10660,58,1,0
10660,18,1,0
10661,34,1,5
10662,3,2,0
10663,53,1,0
10664,43,1,10
10664,40,1,5
10665,30,1,0
10665,31,2,5
10665,55,1,5
10666,47,1,0
10667,27,1,0
10667,42,1,0
10667,49,1,0
10667,61,2,30
10668,11,1,10
10669,46,2,10
10669,14,1,30
10670,12,2,30
10670,50,2,5
10671,30,1,0
10671,9,1,0
10672,7,1,5
10673,6,1,5
10674,40,2,0
10674,57,1,5
10674,61,1,0
10674,64,1,5
10675,45,1,15
10675,56,1,0
10675,36,1,5
10676,39,1,5
10677,11,2,5
10678,4,2,10
10678,44,2,0
10678,56,1,5
10679,17,1,0
10679,22,1,0
10680,18,1,5
10680,12,1,0
10680,7,1,5
10681,11,2,20
10681,24,1,0
10681,12,1,0
10682,48,1,0
10682,57,1,0
10682,6,1,10
10683,62,1,0
10684,39,1,0
10685,8,1,5
10685,16,1,0
10685,46,2,20
10685,41,1,5
10686,13,1,10
10686,7,1,5
10687,2,1,10
10688,36,1,10
10688,30,1,10
10689,43,1,20
10689,55,1,0
10690,26,1,0
10690,17,1,0
10690,24,1,0
10691,10,1,0
10692,10,1,5
10693,10,2,15
10693,40,1,10
10694,56,2,5
10694,28,2,5
10695,45,1,10
10696,1,1,0
10697,36,1,0
10698,41,1,5
10698,10,1,0
10698,9,1,0
10699,44,1,0
10700,29,1,5
10701,40,2,0
10701,31,1,0
10702,26,1,0
10702,44,1,0
10703,26,2,20
10703,10,1,0
10704,58,1,0
10704,30,1,0
10705,11,1,0
10706,37,1,0
10707,7,2,20
10707,57,1,20
10708,25,1,10
10709,50,1,5
10710,32,1,0
10710,43,2,20
10711,23,1,0
10711,37,1,0
10711,19,2,0
10712,46,1,10
10713,24,1,0
10713,18,1,0
10713,57,1,0
10714,23,1,5
10714,27,1,0
10714,34,1,15
10715,49,1,0
10715,28,1,10
10716,51,1,10
10717,60,1,0
10718,25,2,0
10718,14,2,20
10718,23,1,15
10718,63,1,10
10719,10,1,5
10719,3,2,0
10720,38,2,0
10720,8,1,0
10721,7,2,5
10722,44,1,0
10723,33,2,15
10723,2,1,10
10724,62,1,0
10725,24,1,15
10725,61,1,5
10725,58,2,5
10726,53,1,0
10727,22,1,0
10728,16,1,10
10728,2,1,10
10728,8,1,10
10728,25,1,0
10729,5,1,0
10729,2,1,0
10729,14,1,0
10730,46,2,0
10731,53,1,0
10731,36,1,0
10731,16,1,0
10732,42,1,0
10733,7,1,0
10733,15,1,0
10734,16,1,15
10735,11,1,10
10735,4,1,0
10735,34,1,5
10736,3,1,0
10736,33,1,0
10737,48,1,20
10737,42,1,15
10737,4,1,5
10738,26,1,15
10739,41,1,0
10739,1,2,0
10739,7,1,0
10739,3,1,0
10740,19,1,0
10740,4,1,10
10741,7,1,5
10741,64,1,5
10742,46,1,0
10742,50,1,15
10743,31,2,0
10744,59,1,10
10744,22,1,10
10745,26,1,0
10746,58,1,0
10746,35,2,10
10747,22,1,0
10747,30,1,5
10747,50,1,10
10748,49,1,0
10749,61,1,0
10749,34,2,10
10750,19,2,0
10750,58,2,10
10751,30,1,5
10751,35,2,5
10752,61,1,0
10753,14,1,0
10753,6,1,10
10754,55,2,10
10755,36,1,0
10756,50,1,0
10757,39,1,0
10757,5,1,0
10757,2,1,0
10757,21,1,0
10758,64,1,0
10759,49,2,5
10759,63,1,0
10759,19,1,5
10759,18,2,0
10760,48,2,0
10760,44,1,5
10761,25,1,0
10762,20,1,0
10762,4,1,20
10763,6,1,0
10763,23,1,10
10764,6,1,0
10765,38,1,0
10765,55,1,0
10766,60,2,10
10767,20,2,5
10767,54,1,0
10768,6,1,0
10768,50,2,0
10769,35,1,0
10769,11,1,5
10770,46,1,15
10770,21,1,0
10770,45,1,5
10770,40,1,10
10771,15,1,10
10772,34,1,5
10773,17,1,10
10774,62,1,0
10775,40,1,5
10775,49,1,0
10776,39,1,5
10776,23,1,5
10776,46,1,20
10777,64,1,5
10778,12,1,5
10778,34,1,0
10779,27,1,0
10780,39,1,0
10781,35,1,5
10782,24,1,0
10783,19,1,0
10784,55,1,0
10784,3,1,0
10785,21,1,0
10785,62,2,0
10785,61,1,0
10786,46,1,0
10786,21,1,0
10786,43,2,0
10786,3,1,10
10787,44,2,0
10787,22,1,10
10787,41,1,30
10788,53,1,0
10788,46,1,0
10789,42,1,0
10790,56,1,0
10791,2,2,0
10791,14,1,0
10791,34,1,0
10792,58,1,5
10793,56,1,0
10794,56,1,0
10795,29,1,0
10795,52,1,10
10796,50,2,10
10797,4,1,0
10798,41,1,10
10798,13,1,0
10799,56,1,5
10800,21,1,0
10801,8,1,0
10801,56,1,0
10801,3,2,10
10802,44,1,0
10802,49,1,0
10802,35,1,5
10802,43,2,0
10803,48,1,0
10804,61,1,5
10805,64,1,20
10806,2,1,0
10807,58,1,0
10808,42,1,0
10808,32,1,5
10809,3,2,10
10810,57,1,0
10811,48,2,0
10811,47,1,0
10812,49,1,20
10812,58,1,0
10813,59,2,5
10813,41,1,0
10814,23,1,0
10814,59,2,0
10815,21,1,0
10815,25,1,0
10816,13,1,0
10816,34,1,5
10816,1,1,0
10816,28,1,0
10817,4,2,15
10818,27,1,0
10819,46,2,0
10819,28,1,0
10819,8,1,0
10819,7,1,5
10820,39,2,0
10821,16,1,0
10821,21,1,0
10822,39,1,0
10823,15,1,5
10823,40,1,0
10824,4,1,10
10825,20,1,5
10826,42,1,20
10826,33,1,0
10826,60,2,0
10827,59,1,5
10827,6,2,0
10827,3,1,5
10828,35,1,0
10829,22,1,10
10829,10,1,5
10830,38,1,0
10830,41,1,0
10831,21,1,0
10832,24,1,10
10832,9,1,5
10833,53,1,5
10833,30,1,0
10834,40,1,10
10834,18,1,5
10835,57,1,0
10835,1,2,20
10836,46,1,20
10836,30,2,15
10837,21,2,0
10838,28,2,0
10839,26,1,0
10840,8,1,0
10840,32,1,0
10841,9,1,15
10842,12,2,30
10842,48,2,0
10843,21,1,0
10843,61,1,0
10844,1,1,5
10844,50,2,15
10845,9,1,20
10846,10,1,5
10847,8,1,0
10848,5,1,0
10848,2,1,0
10848,61,1,0
10849,34,1,0
10849,29,1,0
10849,19,1,15
10850,54,2,5
10851,44,1,0
10852,16,1,5
10852,50,2,0
10853,11,1,10
10854,6,1,10
10854,1,1,0
10854,9,1,10
10855,58,1,0
10856,50,2,0
10856,38,2,0
10857,18,2,0
10858,29,2,0
10859,49,1,0
10860,3,1,0
10861,20,2,5
10862,18,1,15
10862,64,1,0
10863,31,2,0
10864,29,1,5
10865,62,1,0
10865,33,2,0
10866,4,1,5
10867,19,1,5
10868,37,1,0
10869,8,1,0
10870,12,1,0
10870,46,2,0
10871,45,1,5
10871,1,2,0
10872,58,1,0
10873,13,2,0
10873,21,1,15
10874,42,2,0
10874,39,1,5
10874,33,1,0
10874,5,2,20
10875,3,2,0
10876,21,1,5
10877,27,1,5
10878,3,1,10
10879,48,1,0
10880,32,1,0
10881,53,1,0
10882,44,1,0
10882,55,1,5
10883,32,1,10
10884,6,1,0
10885,33,1,0
10886,60,1,30
10886,44,2,15
10887,44,1,0
10887,29,1,0
10888,21,1,0
10888,40,1,5
10888,60,2,0
10889,13,1,10
10889,25,1,5
10890,4,1,10
10890,48,1,0
10891,17,1,0
10891,36,1,5
10892,59,1,5
10892,63,2,0
10893,31,1,5
10893,19,1,5
10894,58,1,10
10894,45,1,0
10894,5,2,0
10895,37,1,0
10896,10,1,15
10896,29,1,20
10897,45,2,0
10897,4,1,0
10897,3,1,0
10898,26,1,0
10899,4,2,0
10900,42,2,0
10901,5,1,5
10901,11,2,0
10902,55,2,0
10902,42,1,5
10903,52,2,0
10904,47,1,10
10905,5,1,0
10906,29,1,0
10907,7,1,5
10908,43,1,15
10909,47,1,0
10909,36,1,15
10910,14,1,0
10911,61,1,5
10912,17,1,10
10912,7,1,10
10912,12,1,0
10913,18,2,5
10913,15,1,5
10914,10,1,10
10915,44,1,0
10916,27,1,0
10916,16,1,0
10917,10,2,0
10917,44,1,5
10917,61,1,10
10918,11,2,0
10919,59,1,0
10919,14,1,5
10920,7,1,0
10920,51,1,0
10920,55,1,0
10921,64,1,0
10922,39,1,0
10923,53,2,0
10923,25,1,0
10924,48,1,0
10925,6,2,0
10925,4,1,20
10926,25,2,0
10927,38,2,0
10927,27,1,10
10928,63,1,0
10929,11,1,0
10929,29,1,0
10929,33,1,5
10929,45,1,0
10930,43,1,10
10931,10,1,5
10932,30,1,0
10932,55,1,10
10932,42,1,0
10933,37,1,0
10934,46,1,0
10934,51,1,0
10934,54,1,5
10934,15,1,0
10935,30,1,0
10935,9,2,5
10935,43,1,10
10936,52,2,15
10937,35,1,0
10938,33,1,0
10938,22,2,5
10939,21,1,5
10940,31,1,5
10941,60,1,15
10941,50,1,0
10941,13,1,0
10942,64,1,5
10942,35,1,0
10942,9,1,5
10942,32,1,0
10943,9,1,0
10943,45,1,0
10944,9,2,10
10945,33,1,5
10945,60,1,5
10946,62,1,0
10947,40,2,5
10947,45,2,0
10947,47,1,5
10948,22,1,0
10949,28,1,5
10949,56,1,0
10950,47,2,5
10951,59,1,15
10952,36,1,0
10952,34,1,0
10953,33,1,5
10953,20,1,0
10954,64,1,0
10954,24,1,0
10955,27,1,5
10955,53,1,30
10956,64,2,10
10957,43,1,10
10958,42,1,5
10959,25,1,0
10960,19,1,30
10960,64,1,0
10961,46,1,5
10962,11,1,0
10962,38,1,0
10962,60,1,0
10963,13,2,5
10964,44,2,0
10965,14,2,5
10966,17,1,0
10967,15,1,5
10968,36,1,10
10969,54,2,5
10970,46,2,0
10971,17,1,0
10972,7,1,5
10973,40,1,15
10973,22,2,0
10974,20,1,5
10974,24,2,10
10974,57,1,0
10975,46,1,0
10976,54,2,20
10977,63,1,0
10977,47,1,0
10978,27,1,0
10979,27,1,0
10979,40,1,20
10980,7,1,15
10981,16,1,0
10981,11,1,0
10982,56,1,10
10983,30,1,0
10984,8,2,5
10985,42,1,0
10985,61,1,30
10986,44,2,0
10986,30,1,0
10987,43,1,15
10988,42,1,0
10989,31,1,15
10990,57,1,0
10990,35,1,5
10991,55,1,5
10991,13,2,5
10992,16,1,0
10992,26,1,0
10993,38,2,5
10994,2,2,0
10995,15,1,0
10996,41,2,0
10997,43,1,0
10998,48,2,5
10998,2,1,0
10998,59,1,0
10999,21,2,15
11000,12,1,0
11001,30,1,0
11002,31,1,0
11003,38,2,10
11003,32,2,15
11004,30,1,0
11005,7,1,30
11005,64,1,0
11006,33,1,0
11006,56,2,10
11007,56,1,5
11008,58,1,20
11009,25,1,5
11010,3,1,10
11011,34,1,0
11012,20,1,5
11013,39,1,0
11014,47,1,5
11015,54,1,10
11015,47,1,30
11016,18,1,0
11016,10,1,10
11017,18,1,0
11017,24,2,0
11018,7,2,15
11019,33,2,0
11019,24,1,10
11019,2,2,10
11020,32,1,0
11021,28,2,5
11021,61,2,0
11022,29,1,20
11022,32,1,0
11022,37,1,0
11023,33,1,0
11023,38,2,0
11024,4,1,0
11024,52,1,0
11024,25,1,0
11025,21,1,5
11026,60,1,0
11026,9,1,0
11027,37,1,0
11027,27,1,5
11027,8,1,5
11028,60,2,0
11029,12,1,0
11029,24,1,0
11030,21,2,15
11030,41,2,0
11031,25,1,5
11031,1,1,0
11032,4,1,5
11033,19,1,0
11033,30,1,5
11034,62,1,0
11034,2,1,5
11035,41,1,0
11036,1,1,5
11037,48,1,5
11038,42,2,5
11038,26,2,5
11039,16,1,0
11039,34,2,10
11040,46,1,5
11041,49,2,0
11042,22,1,0
11043,31,1,0
11043,32,1,5
11043,63,2,0
11043,36,1,5
11044,43,1,5
11045,21,1,0
11046,4,1,5
11046,49,1,0
11047,23,1,0
11047,7,2,0
11048,10,1,0
11048,53,2,5
11049,3,1,0
11049,8,1,5
11050,49,1,20
11051,45,1,0
11052,13,1,0
11053,17,1,0
11054,40,1,15
11055,5,2,0
11056,36,1,0
11057,58,1,0
11057,48,1,0
11058,19,2,0
11059,33,1,15
11059,17,1,20
11060,51,2,15
11060,19,1,0
11061,55,2,0
11062,56,1,0
11063,57,1,0
11063,61,1,5
11063,64,1,0
11064,20,1,15
11065,47,1,0
11065,4,1,5
11065,63,1,0
11066,4,1,5
11066,63,1,0
11067,56,1,30
11067,36,1,0
11068,62,1,0
11068,42,1,15
11069,64,1,0
11070,57,1,0
11071,51,1,5
11071,25,1,0
11071,46,1,5
11072,48,1,15
11072,64,1,30
11072,43,1,0
11073,20,1,15
11074,33,1,0
11075,49,1,0
11075,52,1,5
11076,27,1,0
11076,16,2,30
11076,29,1,0
11076,47,1,5
11077,9,1,0
11077,61,1,0
11078,42,1,0
11079,1,1,20
11080,1,2,20
11080,18,2,0
11081,62,1,0
11082,10,1,10
11082,6,1,5
11082,58,1,0
11083,38,1,0
11084,2,1,15
11084,6,1,0
11084,45,1,5
11085,27,1,0
11085,2,1,0
11085,8,1,0
11086,61,1,0
11086,19,1,0
11086,36,1,0
11086,35,1,0
11087,58,1,0
11087,61,1,0
11088,49,1,0
11089,36,1,0
11090,47,1,5
11091,61,2,0
11091,15,1,0
11092,40,1,5
11092,24,1,0
11093,22,1,0
11093,24,1,15
11093,44,1,15
11094,45,1,0
11094,62,2,5
11095,2,1,0
11095,34,1,0
11096,47,1,0
11097,60,2,15
11098,14,1,0
11098,24,1,10
11099,39,1,5
11099,41,1,0
11100,42,1,5
11100,23,1,0
11100,52,1,0
11101,63,1,0
11101,3,2,15
11101,25,1,5
11101,19,1,5
11102,62,2,0
11103,48,1,0
11104,42,1,10
11104,59,1,5
11105,49,1,0
11105,60,1,0
11106,56,1,0
11106,21,1,0
11106,51,1,5
11107,52,2,20
11107,59,1,10
11107,4,1,10
11107,29,1,0
11108,8,1,0
11109,24,1,0
11110,11,1,0
11111,17,1,0
11112,31,1,0
11113,36,1,0
11113,48,1,0
11114,52,2,0
11114,6,1,0
11114,56,2,5
11115,22,1,5
11116,64,1,5
11116,46,1,5
11117,4,1,10
11118,9,1,5
11119,58,1,0
11120,5,1,0
11120,43,1,0
11121,50,1,0
11121,35,2,0
11122,46,1,0
11122,3,1,5
11123,27,1,10
11123,2,1,0
11124,25,2,0
11125,9,1,10
11125,64,1,10
11126,55,1,0
11127,56,1,0
11127,44,2,0
11127,14,1,0
11128,15,2,10
11128,19,1,5
11129,61,2,5
11129,34,1,0
11129,53,1,0
11130,7,1,0
11130,22,1,20
11131,63,1,15
11132,4,1,0
11133,33,1,5
11133,13,1,10
11133,48,1,0
11133,26,2,5
11134,46,1,20
11134,52,1,0
11135,35,2,0
11135,29,1,0
11135,33,2,5
11136,27,1,0
11136,32,1,5
11137,48,2,10
11138,41,1,0
11138,37,1,5
11139,29,1,0
11140,32,2,5
11140,41,1,0
11141,45,1,5
11142,22,2,0
11143,53,1,0
11143,59,1,10
11144,32,1,15
11144,3,1,0
11145,36,1,0
11146,29,1,5
11146,43,2,10
11147,43,1,15
11147,24,1,0
11147,11,1,0
11147,48,1,0
11148,34,1,30
11149,38,1,0
11149,32,1,0
11149,21,2,5
11150,16,1,20
11150,20,1,15
11150,45,1,0
11150,30,1,0
11151,47,1,0
11152,14,2,15
11152,27,1,0
11153,8,1,0
11153,54,2,0
11154,50,1,5
11154,55,1,5
11155,26,1,0
11155,29,1,0
11155,23,1,5
11156,35,1,5
11157,34,1,0
11157,63,1,0
11157,39,2,0
11158,48,1,0
11159,22,1,0
11160,10,1,0
11160,61,1,0
11161,18,2,10
11161,23,1,0
11162,38,1,0
11163,51,2,20
11164,41,1,0
11164,29,1,0
11164,48,1,0
11165,14,1,0
11166,7,1,5
11167,60,2,0
11168,51,2,15
11169,26,2,5
11169,49,1,5
11169,7,1,20
11170,23,1,0
11170,34,1,15
11170,36,1,0
11171,16,1,0
11172,32,2,0
11173,49,1,5
11173,43,2,0
11174,17,1,0
11175,36,1,10
11176,39,1,0
11176,55,1,0
11176,20,1,0
11177,25,1,10
11177,24,1,0
11178,25,1,5
11179,62,1,0
11180,9,1,0
11181,5,1,0
11182,61,1,0
11182,34,2,0
11183,1,1,0
11184,23,2,0
11184,30,2,0
11185,59,1,5
11185,17,1,5
11185,42,1,0
11186,39,1,5
11187,20,2,5
11187,62,2,5
11188,43,1,5
11188,11,1,0
11189,22,1,0
11189,55,1,0
11190,18,1,5
11191,3,2,5
11192,27,1,5
11193,63,2,0
11193,13,2,0
11193,24,1,0
11193,19,1,0
11194,44,1,0
11195,55,2,0
11196,14,2,15
11197,51,1,0
11198,8,1,0
11198,26,2,20
11198,3,1,0
11199,36,1,0
11200,3,2,5
11201,20,1,0
11201,10,1,0
11202,2,1,0
11202,3,1,0
11203,35,1,0
11203,50,1,10
11204,38,1,5
11205,17,1,0
11206,31,1,10
11206,43,2,10
11207,12,1,5
11208,51,2,5
11208,14,1,0
11208,23,2,5
11208,39,1,0
11209,53,1,10
11209,12,1,5
11210,19,2,0
11211,61,2,5
11212,10,1,0
11212,58,2,5
11212,55,1,5
11212,13,1,10
11213,42,1,5
11213,18,1,0
11214,54,1,0
11214,35,1,10
11214,20,1,5
11215,40,1,0
11215,20,1,5
11215,23,1,0
11216,50,2,5
11216,46,2,5
11217,18,1,0
11217,9,1,10
11217,64,1,0
11217,61,1,0
11218,26,1,0
11218,15,2,0
11219,46,1,10
11220,15,1,10
11221,7,1,5
11221,53,1,0
11222,50,1,0
11223,36,2,30
11224,49,1,0
11224,12,1,0
11224,44,2,0
11225,16,1,0
11225,17,1,5
11226,22,1,0
11226,10,1,15
11226,50,1,10
11227,48,1,0
11228,6,2,0
11229,7,1,15
11229,52,1,0
11230,32,1,0
11231,32,1,5
11231,18,1,5
11232,13,1,0
11232,11,1,0
11232,25,1,10
11233,44,1,0
11233,27,2,5
11234,34,1,0
11235,58,1,0
11236,15,1,0
11237,18,1,10
11238,63,1,0
11239,61,1,5
11240,13,1,0
11241,30,1,0
11241,21,1,5
11242,61,2,0
11242,15,1,10
11242,47,1,5
11243,43,2,10
11243,14,1,0
11244,28,1,0
11245,59,2,15
11245,31,2,5
11245,33,1,10
11246,21,1,10
11246,42,1,0
11246,15,1,0
11247,62,2,20
11247,63,1,5
11248,43,1,0
11248,55,1,5
11249,14,1,5
11249,52,1,5
11249,49,1,0
11250,40,1,0
11251,17,1,0
11252,52,1,15
11252,38,1,0
11253,20,1,0
11253,30,1,20
11254,6,1,10
11254,8,1,10
11255,20,1,0
11256,34,1,0
11257,18,1,0
11258,5,2,10
11258,12,1,0
11259,14,2,10
11260,29,1,10
11261,29,1,0
11261,11,1,0
11261,49,1,0
11261,28,1,0
11262,60,1,0
11262,30,1,0
11262,18,2,10
11263,54,1,0
11264,60,1,0
11265,36,1,15
11266,60,1,5
11266,45,2,0
11267,33,1,0
11267,50,2,0
11268,21,2,0
11269,56,1,5
11269,7,1,0
11270,26,1,0
11271,48,1,5
11272,64,1,10
11273,22,1,0
11273,4,2,30
11274,4,1,10
11274,36,1,0
11275,57,1,0
11275,37,1,5
11275,53,1,0
11276,40,1,15
11276,14,1,5
11277,32,1,0
11277,64,1,5
11277,17,1,0
11278,62,1,0
11278,41,1,10
11278,57,1,5
11279,64,1,10
11280,6,1,0
11280,14,1,5
11281,52,1,0
11281,49,1,0
11282,38,1,0
11282,10,1,15
11282,50,1,0
11283,38,1,5
11283,62,1,5
11283,4,1,0
11283,44,2,0
11284,36,2,10
11284,14,1,0
11285,36,1,5
11285,47,1,0
11285,3,1,10
11286,22,1,0
11287,20,1,0
11287,31,2,0
11288,25,1,0
11289,36,1,0
11289,52,1,5
11290,41,1,0
11291,56,1,0
11292,58,1,0
11293,49,1,0
11294,64,1,0
11295,13,1,5
11296,25,1,0
11296,28,1,15
11297,49,1,0
11297,47,2,0
11298,49,2,0
11299,23,1,0
11300,37,1,0
11300,22,1,5
11301,31,1,0
11302,53,2,0
11302,12,1,0
11303,11,1,0
11303,22,1,10
11303,29,1,10
11304,64,2,5
11305,59,2,10
11305,6,1,0
11306,36,2,0
11307,57,1,0
11308,20,1,0
11309,35,2,5
11310,38,1,5
11310,36,1,15
11311,37,1,0
11312,9,2,0
11312,55,1,0
11313,23,2,20
11314,25,1,5
11314,57,1,0
11314,47,1,5
11315,36,1,0
11315,16,1,0
11315,51,1,0
11315,37,1,10
11316,59,1,0
11317,7,1,5
11318,55,1,0
11319,15,2,0
11319,45,1,0
11320,63,1,0
11321,53,1,0
11322,19,1,5
11322,44,2,0
11323,2,1,0
11324,27,1,0
11324,55,1,0
11325,18,1,0
11325,45,1,0
11326,16,1,5
11327,36,1,0
11327,18,1,10
11327,37,2,0
11328,5,1,0
11328,36,1,0
11329,50,1,0
11330,23,1,5
11331,16,1,0
11332,39,1,0
11333,37,1,0
11334,53,1,0
11335,3,1,0
11336,53,1,0
11336,14,1,0
11336,40,1,10
11337,58,1,20
11337,27,1,5
11338,32,1,0
11338,9,1,10
11339,44,2,0
11340,49,2,0
11341,45,1,0
11342,43,1,0
11343,9,1,0
11343,54,2,0
11344,57,2,30
11345,6,1,10
11346,23,1,0
11347,41,1,10
11347,59,1,0
11348,42,1,15
11349,59,1,0
11349,32,1,0
11350,50,1,0
11351,12,1,5
11351,17,2,0
11352,18,2,10
11353,30,1,0
11353,62,1,0
11353,39,1,15
11353,36,2,0
11354,26,1,0
11355,61,1,5
11356,18,1,5
11356,62,1,0
11357,54,2,0
11358,39,1,0
11359,50,1,0
11360,55,1,0
11360,33,1,0
11361,35,2,5
11361,20,1,5
11362,37,1,0
11362,20,1,0
11363,58,1,5
11364,39,1,0
11365,23,2,10
11366,47,1,0
11366,14,1,0
11367,46,1,0
11367,13,1,0
11368,28,1,5
11368,17,1,5
11369,50,1,0
11370,26,1,0
11371,57,1,20
11371,5,1,0
11372,53,1,0
11372,41,1,0
11373,11,2,15
11373,23,1,0
11374,50,2,5
11374,14,1,0
11374,57,2,0
11375,59,1,0
11375,61,2,5
11376,62,1,0
11376,36,1,0
11377,20,1,15
11377,63,1,0
11378,59,2,0
11378,26,2,0
11378,24,1,15
11379,23,1,0
11379,3,1,10
11380,19,1,20
11381,36,1,5
11381,30,1,0
11381,28,1,0
11382,31,1,0
11383,24,1,0
11384,29,1,0
11384,7,1,0
11384,48,1,5
11385,26,1,10
11386,24,2,5
11386,5,1,0
11386,19,1,0
11387,48,1,5
11388,38,1,0
11389,63,1,0
11389,23,1,0
11389,58,1,0
11390,36,2,0
11391,34,1,5
11391,5,1,0
11391,43,1,5
11392,7,1,0
11393,23,1,0
11393,8,2,5
11394,22,1,0
11394,62,1,15
11395,22,1,0
11396,40,1,15
11397,35,1,0
11397,55,1,0
11398,31,1,0
11398,62,1,0
11398,60,2,5
11399,9,1,0
11400,44,2,0
11401,37,1,5
11401,34,1,0
11402,47,1,0
11403,3,2,20
11403,6,1,10
11404,53,1,20
11404,28,1,5
11405,45,1,5
11405,34,1,5
11406,58,1,20
11406,42,1,0
11406,24,1,0
11407,13,1,0
11408,60,1,5
11408,8,1,5
11409,61,1,0
11410,35,1,0
11410,3,1,15
11411,13,1,5
11411,21,2,20
11412,58,2,10
11412,21,1,0
11412,41,1,0
11413,61,1,5
11414,2,1,5
11414,5,1,10
11415,11,1,10
11416,2,1,15
11416,24,1,5
11417,46,1,15
11417,31,1,0
11418,3,1,5
11419,64,2,0
11419,2,1,0
11420,4,1,15
11421,46,1,0
11422,49,2,20
11423,63,2,5
11423,42,1,0
11424,30,1,10
11425,35,1,0
11426,19,1,0
11427,49,1,0
11427,42,1,10
11428,33,2,0
11429,62,1,15
11430,52,2,5
11431,11,1,5
11432,13,1,0
11433,34,1,0
11433,38,1,0
11434,12,1,0
11434,23,1,0
11434,20,2,5
11435,5,1,30
11435,26,1,0
11436,2,1,0
11436,13,2,5
11437,10,2,10
11437,14,2,0
11437,42,2,5
11438,10,1,15
11439,29,1,0
11440,43,2,15
11441,52,1,5
11442,55,1,0
11443,47,1,0
11444,50,2,5
11444,8,1,0
11445,31,1,5
11445,13,2,0
11445,55,1,0
11446,24,2,15
11446,33,2,20
11447,48,1,0
11447,18,1,0
11447,64,1,0
11448,56,1,0
11448,6,1,15
11449,7,2,15
11450,15,1,0
11450,63,1,0
11450,29,1,5
11451,26,1,0
11451,10,1,5
11452,59,1,5
11452,43,1,0
11452,19,1,0
11453,49,1,0
11454,42,1,0
11454,54,1,5
11454,21,1,0
11455,23,1,0
11456,43,1,0
11456,11,2,5
11457,49,1,0
11457,44,1,0
11458,46,2,0
11459,61,1,5
11459,52,1,0
11460,63,1,0
11461,38,1,0
11461,36,2,0
11462,50,1,0
11463,7,1,15
11464,10,1,0
11464,47,1,0
11465,33,1,5
11465,15,1,15
11466,27,1,5
11466,57,1,0
11466,34,2,10
11467,23,1,0
11467,30,2,5
11468,26,2,5
11468,58,1,15
11468,3,1,15
11469,35,1,0
11469,25,2,20
11469,27,1,0
11470,16,1,20
11470,6,1,5
11471,16,1,5
11472,49,1,10
11472,45,1,0
11472,9,2,15
11472,36,1,10
11473,10,1,5
11473,26,1,15
11473,34,1,0
11474,62,1,0
11474,48,2,5
11475,36,1,0
11476,56,1,10
11476,18,1,10
11477,21,2,5
11478,46,1,0
11478,2,2,15
11479,37,2,15
11480,31,1,0
11480,6,1,0
11481,7,2,20
11482,54,1,0
11482,53,1,0
11482,55,1,5
11482,30,1,5
11483,31,1,5
11483,38,1,5
11484,55,2,15
11484,40,1,0
11485,36,1,0
11485,18,1,0
11486,58,1,10
11486,55,2,5
11486,56,2,0
11487,26,1,0
11487,58,1,0
11487,29,1,0
11487,61,2,10
11488,23,1,15
11489,37,1,0
11490,6,1,0
11490,26,1,5
11491,26,1,15
11492,9,1,30
11492,15,1,10
11493,64,1,0
11494,12,2,0
11494,15,1,0
11495,61,1,20
11496,13,1,0
11497,53,1,0
11498,14,1,10
11499,45,1,5
11500,31,1,10
11500,16,1,0
11501,16,2,15
11501,48,1,0
11502,25,1,5
11503,26,1,0
11504,30,1,5
11505,6,1,0
11506,11,1,5
11507,11,1,10
11508,6,1,15
11508,24,1,0
11508,13,1,20
11509,19,1,0
11509,20,1,0
11510,28,1,0
11510,56,1,0
11510,1,1,5
11511,16,1,0
11512,5,1,0
11512,52,1,5
11512,13,1,5
11513,50,1,10
11513,30,1,0
11514,28,1,0
11514,13,1,5
11514,48,2,0
11515,34,1,0
11515,18,1,10
11516,41,1,30
11517,6,1,20
11517,15,1,0
11518,1,1,0
11518,13,1,0
11519,3,1,5
11519,33,1,5
11519,61,1,0
11520,43,1,0
11520,39,2,20
11521,25,2,0
11522,28,2,0
11523,21,1,0
11524,20,1,0
11525,40,1,0
11526,37,1,5
11527,29,1,0
11527,43,1,5
11527,39,2,0
11527,56,2,20
11528,49,1,5
11528,16,1,0
11528,6,1,5
11529,33,2,10
11529,22,2,0
11530,44,1,0
11530,3,1,0
11530,64,1,0
11531,38,1,0
11531,10,1,30
11532,12,1,0
11533,31,1,0
11533,3,1,0
11534,1,1,0
11534,29,1,0
11535,44,1,0
11536,1,1,0
11537,51,1,0
11538,21,1,0
11539,8,1,5
11540,41,1,0
11540,43,2,0
11540,63,2,0
11541,32,2,10
11542,63,2,0
11543,12,1,0
11544,44,1,0
11544,19,1,0
11544,3,1,0
11545,33,2,0
11546,7,1,5
11546,38,2,5
11547,27,1,0
11547,63,1,0
11547,4,1,0
11548,50,1,0
11548,17,2,5
11548,16,1,0
11549,35,1,0
11549,47,1,0
11550,6,2,10
11550,19,1,0
11551,10,1,0
11552,59,1,0
11553,59,1,5
11554,55,1,0
11554,38,1,0
11554,12,1,5
11554,58,1,0
11555,61,1,5
11556,16,1,0
11557,22,1,0
11558,58,2,10
11559,2,2,15
11559,4,2,0
11560,35,1,10
11560,54,2,0
11560,41,1,0
11560,14,1,5
11561,35,2,10
11561,6,2,15
11562,58,1,0
11562,44,1,0
11563,61,1,0
11563,5,1,0
11564,9,1,10
11565,22,1,0
11566,11,1,0
11567,12,1,0
11567,33,2,15
11568,50,2,10
11568,38,1,0
11568,44,1,0
11569,61,1,5
11570,40,1,0
11571,16,1,0
11572,41,1,5
11573,2,1,0
11573,10,1,0
11574,17,1,0
11574,30,1,0
11574,46,1,0
11574,27,1,0
11575,35,1,5
11575,34,1,0
11575,31,1,0
11576,28,1,0
11577,51,2,10
11577,50,1,0
11578,54,1,5
11579,17,1,0
11579,30,2,0
11579,32,1,0
11580,26,1,0
11580,28,2,0
11581,32,1,0
11581,50,1,0
11581,18,1,10
11581,13,1,5
11582,10,1,10
11582,42,1,0
11583,11,1,0
11583,4,1,0
11583,38,2,5
11584,62,1,0
11585,37,2,5
11585,7,1,10
11585,43,1,0
11585,42,1,0
11586,6,1,0
11587,27,1,0
11587,56,1,0
11587,10,2,10
11588,20,1,10
11588,3,1,0
11589,15,2,20
11590,17,1,0
11591,54,1,0
11592,17,1,0
11593,51,1,0
11594,23,1,10
11595,54,1,0
11596,15,1,0
11597,19,1,5
11598,63,1,0
11598,5,1,0
11598,32,1,0
11599,47,1,5
11600,27,1,5
11600,44,1,0
11601,24,1,0
11602,61,2,0
11602,40,1,5
11603,19,2,10
11603,17,1,5
11604,12,1,0
11605,35,1,0
11606,34,2,10
11607,18,1,5
11607,50,1,0
11607,21,1,0
11608,42,1,0
11608,22,1,10
11609,17,1,10
11609,13,1,0
11609,19,1,0
11609,54,2,30
11610,45,1,0
11610,10,2,15
11611,49,1,0
11612,11,1,0
11613,4,1,0
11614,7,2,5
11614,61,1,15
11615,62,1,0
11615,63,1,5
11616,60,1,0
11616,36,1,5
11617,53,1,0
11617,61,2,15
11617,30,1,5
11617,42,1,5
11618,41,1,20
11618,52,1,5
11619,61,1,0
11619,39,2,0
11620,46,1,0
11621,3,1,0
11621,45,1,0
11622,5,1,5
11623,33,1,0
11624,32,1,0
11624,45,2,0
11624,28,1,5
11625,40,1,0
11625,48,1,5
11626,30,1,5
11626,4,1,10
11627,63,1,15
11627,26,1,15
11628,32,2,15
11628,26,1,0
11629,8,1,0
11630,20,2,0
11630,9,1,5
11631,24,1,10
11632,60,1,0
11633,9,1,0
11634,59,1,5
11634,31,1,0
11634,33,1,10
11635,41,1,5
11635,10,2,15
11636,48,2,10
11636,53,1,0
11637,35,1,0
11637,56,1,0
11637,63,1,5
11638,33,1,5
11638,64,1,0
11639,35,1,30
11640,10,1,0
11640,61,1,0
11641,23,1,0
11641,5,1,0
11641,19,1,0
11642,1,1,0
11643,36,1,0
11643,21,1,0
11644,44,1,20
11644,32,1,5
11645,39,2,0
11645,59,1,5
11645,1,1,0
11646,17,1,0
11646,46,2,5
11647,5,1,0
11647,11,1,30
11648,7,1,10
11649,45,1,0
11649,33,1,0
11650,55,1,10
11651,13,1,0
11651,11,1,0
11652,20,1,5
11653,52,1,15
11653,33,1,5
11654,36,1,0
11654,14,1,0
11654,41,1,0
11655,50,1,0
11655,9,1,10
11656,1,1,0
11657,63,2,10
11658,45,1,10
11659,42,2,20
11659,12,1,0
11660,28,1,0
11661,20,1,0
11662,1,2,15
11662,64,2,0
11662,16,1,0
11663,61,1,5
11664,53,2,10
11664,1,1,0
11664,28,1,0
11665,13,1,0
11665,41,1,15
11666,46,1,5
11666,25,1,0
11667,63,2,10
11668,60,2,10
11668,12,1,0
11668,46,1,5
11669,46,1,0
11670,34,1,0
11670,37,1,0
11670,15,1,5
11671,54,1,5
11672,1,2,5
11673,8,1,0
11673,36,2,10
11674,37,1,0
11675,24,2,0
11676,6,1,0
11676,51,1,15
11677,5,1,0
11677,64,1,0
11677,17,2,0
11678,17,1,10
11679,38,1,0
11680,62,1,0
11680,24,1,5
11681,26,1,5
11681,51,1,5
11681,57,2,0
11682,53,2,5
11683,53,1,10
11684,14,1,5
11685,56,1,0
11686,24,1,0
11687,29,1,0
11687,10,1,0
11688,16,1,5
11689,31,1,0
11690,16,1,0
11691,1,1,10
11691,56,1,0
11692,54,1,15
11692,34,1,0
11692,10,1,5
11693,28,1,0
11693,58,1,0
11693,21,1,0
11694,12,1,15
11695,23,1,0
11696,26,1,0
11697,47,1,10
11698,27,1,0
11699,5,1,0
11700,19,1,0
11701,9,2,0
11701,5,2,5
11702,43,1,0
11702,33,1,0
11703,14,1,0
11704,64,1,15
11705,12,2,5
11706,14,1,20
11707,19,1,5
11707,56,2,0
11708,44,1,0
11708,38,2,15
11709,48,1,0
11709,14,1,0
11710,7,2,5
11711,57,1,5
11711,55,1,20
11711,14,2,0
11712,33,2,10
11712,57,1,0
11713,36,1,5
11713,27,1,0
11714,52,2,5
11715,61,1,0
11716,52,2,10
11716,28,1,0
11717,41,2,5
11717,19,2,5
11718,51,1,0
11718,49,1,0
11719,1,2,15
11719,38,1,10
11719,15,1,0
11720,39,2,0
11720,29,1,0
11720,41,1,0
11721,30,1,0
11721,61,1,0
11722,15,1,5
11722,27,2,0
11723,30,1,0
11724,7,1,0
11725,27,1,10
11725,60,1,0
11726,34,1,0
11727,7,2,5
11727,13,2,5
11727,25,2,0
11728,29,1,0
11728,38,1,0
11728,52,1,0
11729,40,1,0
11730,33,2,30
11731,18,1,0
11731,62,1,0
11732,9,1,15
11732,48,2,10
11733,44,1,0
11733,7,1,0
11733,34,2,5
11734,6,1,0
11734,36,1,0
11734,15,1,15
11734,16,1,10
11735,14,1,0
11735,13,1,0
11735,30,1,0
11736,7,1,5
11736,56,1,0
11736,53,1,5
11737,58,1,0
11737,11,2,30
11737,31,1,5
11737,47,1,0
11738,55,1,0
11738,1,1,0
11739,62,1,0
11739,36,1,0
11740,48,1,0
11741,21,1,0
11742,6,1,0
11743,13,1,5
11743,44,1,0
11744,8,1,15
11744,47,1,0
11745,18,2,0
11745,4,1,0
11746,35,1,0
11747,52,1,0
11747,23,1,0
11748,9,1,10
11749,47,1,0
11749,57,1,5
11750,13,1,5
11751,30,1,0
11751,62,1,0
11751,9,1,5
11751,6,1,5
11752,11,1,0
11753,16,1,0
11753,14,2,10
11754,24,1,0
11755,1,1,15
11755,30,1,15
11756,6,1,10
11756,19,1,0
11757,57,1,0
11757,34,1,5
11757,44,1,0
11758,63,2,10
11759,64,1,0
11759,60,1,0
11760,60,1,5
11760,42,1,30
11761,42,1,15
11762,25,1,0
11762,64,1,5
11762,40,1,0
11763,16,1,0
11763,26,1,5
11764,48,1,0
11764,20,1,0
11764,37,1,0
11764,19,1,10
11765,64,1,0
11765,61,1,0
11766,44,1,0
11766,4,2,5
11767,36,1,0
11768,52,2,0
11769,46,1,0
11770,26,2,0
11770,57,1,0
11771,26,1,0
11771,3,1,10
11771,16,1,0
11771,7,1,0
11772,31,1,0
11772,39,1,0
11772,57,1,10
11773,32,1,10
11774,34,1,0
11774,2,2,0
11775,61,1,0
11776,23,1,0
11776,56,1,0
11776,41,1,0
11777,52,1,5
11777,41,1,0
11778,21,1,0
11778,52,1,0
11779,59,1,0
11780,31,1,0
11780,55,1,0
11780,1,2,10
11780,28,1,10
11781,31,1,20
11781,61,2,5
11782,19,1,0
11783,49,1,0
11784,39,1,5
11784,25,1,10
11785,17,1,0
11786,7,1,20
11787,64,1,0
11787,8,1,10
11787,63,1,10
11788,63,1,5
11789,5,1,5
11789,15,1,20
11789,34,1,5
11790,35,1,0
11791,63,1,0
11792,38,1,0
11792,10,1,5
11793,25,2,15
11793,22,1,0
11794,4,1,5
11794,50,1,0
11795,4,1,20
11796,57,1,10
11796,10,1,10
11796,11,1,20
11797,4,1,0
11797,36,1,10
11797,20,1,20
11798,41,1,15
11799,11,1,20
11799,59,1,15
11800,48,1,10
11801,10,1,0
11802,32,1,0
11803,37,2,5
11804,58,1,10
11805,64,1,0
11805,18,1,15
11805,28,2,30
11806,4,1,5
11806,61,1,20
11807,58,1,0
11807,14,2,5
11808,29,1,5
11809,63,1,0
11810,20,1,5
11811,49,1,10
11811,2,1,5
11811,46,1,0
11811,38,1,20
11812,57,1,10
11813,13,1,10
11813,38,1,5
11814,7,1,5
11814,32,1,5
11815,16,1,0
11816,36,2,15
11817,30,1,15
11818,34,1,5
11819,8,1,15
11820,22,1,10
11820,18,1,10
11820,64,1,5
11821,57,1,5
11821,43,1,10
11822,22,1,20
11823,22,2,5
11824,24,1,5
11825,49,2,20
11825,22,1,5
11826,23,1,10
11826,2,1,20
11826,42,1,0
11827,64,1,5
11828,56,1,10
11828,40,1,0
11829,44,1,10
11829,60,2,5
11830,32,2,15
11831,22,1,5
11832,2,1,20
11832,30,2,0
11832,11,1,0
11833,23,2,20
11833,21,2,20
11834,36,1,10
11835,46,1,5
11835,31,1,20
11836,2,2,20
11837,20,1,0
11837,42,1,5
11838,47,1,20
11839,38,1,5
11840,22,1,10
11841,48,1,30
11842,9,1,5
11842,16,1,5
11843,25,1,10
11843,57,1,5
11844,49,1,20
11844,19,1,10
11845,15,1,30
11846,19,1,15
11846,35,1,10
11847,29,1,0
11848,22,1,5
11849,38,1,10
11849,54,1,0
11849,8,2,10
11850,9,1,20
11850,11,1,30
11850,56,2,0
11850,50,1,0
11851,16,1,5
11852,36,1,5
11853,6,2,30
11854,60,2,15
11855,55,2,10
11856,56,2,10
11857,47,1,10
11857,30,2,20
11858,54,2,20
11859,60,2,5
11860,37,1,5
11861,20,2,10
11861,39,2,0
11862,11,1,10
11862,40,1,0
11863,7,2,30
11864,39,1,10
11865,8,1,15
11866,10,1,0
11866,36,1,5
11867,20,1,5
11867,59,1,0
11868,40,1,10
11869,9,1,10
11869,62,1,30
11870,55,2,20
11870,2,1,10
11870,21,1,5
11871,25,1,10
11872,19,2,20
11872,40,1,10
11873,54,1,10
11873,34,1,0
11873,10,1,15
11874,54,1,20
11875,33,1,0
11875,18,1,5
11875,8,2,5
11875,12,2,20
11876,62,2,5
11876,48,1,0
11877,23,1,0
11878,27,2,20
11878,29,1,5
11879,18,1,0
11880,56,1,0
11880,17,1,5
11881,6,2,30
11881,12,2,20
11882,25,2,5
11882,60,2,0
11883,57,1,5
11883,64,1,5
11884,17,2,10
11885,50,1,10
11885,62,2,10
11886,61,1,20
11887,42,2,0
11887,31,1,10
11887,62,1,5
11887,15,1,0
11888,38,1,5
11889,13,1,5
11889,23,1,15
11890,33,1,20
11890,63,2,20
11890,7,2,10
11891,51,1,30
11892,36,2,10
11892,34,2,10
11893,59,2,30
11894,20,1,20
11894,23,1,10
11894,15,1,0
11895,1,1,20
11895,24,1,5
11896,28,1,10
11896,35,1,0
11897,54,1,10
11898,16,1,5
11899,42,1,5
11900,23,1,0
11901,51,1,0
11901,26,2,20
11901,34,2,20
11902,47,1,10
11902,35,1,0
11903,49,2,20
11903,64,1,20
11904,35,1,30
11904,49,1,0
11904,30,1,5
11905,44,1,15
11905,28,1,5
11906,38,1,10
11907,12,1,15
11908,19,1,0
11909,43,1,15
11910,34,1,20
11910,40,1,10
11911,26,1,10
11911,51,1,0
11911,22,2,0
11912,61,1,10
11913,28,1,5
11914,43,2,15
11914,9,1,5
11915,30,1,5
11916,63,1,5
11917,19,1,10
11917,56,1,5
11918,50,1,20
11919,59,2,10
11919,33,1,5
11919,45,2,30
11920,22,1,5
11921,64,1,20
11921,34,1,15
11921,2,2,10
11922,45,1,5
11922,26,1,5
11922,63,1,10
11923,8,2,5
11924,5,1,0
11924,3,1,30
11925,2,1,0
11925,28,1,10
11926,51,2,10
11927,41,1,20
11928,2,1,15
11929,11,1,5
11930,29,2,30
11930,30,1,0
11930,15,1,5
11931,40,1,0
11932,57,1,5
11932,62,1,0
11932,9,1,15
11933,38,1,5
11934,25,1,20
11934,27,1,10
11934,6,1,10
11935,52,1,5
11936,58,1,0
11937,23,1,0
11937,28,1,5
11938,38,1,0
11939,56,2,20
11939,11,1,0
11939,39,1,0
11940,16,1,15
11940,31,1,5
11940,35,2,10
11941,51,2,20
11942,42,1,0
11943,21,2,15
11944,8,2,30
11944,58,2,10
11945,29,1,20
11945,38,2,10
11946,38,1,10
11946,19,1,15
11947,64,1,20
11947,45,1,0
11947,24,1,5
11948,35,1,0
11948,23,2,20
11948,2,2,5
11949,16,2,20
11949,35,1,5
11950,45,1,5
11951,32,1,15
11952,58,2,0
11953,5,1,5
11953,51,1,0
11954,12,2,30
11955,39,1,0
11956,55,1,20
11956,37,2,5
11956,17,2,5
11956,28,1,5
11957,19,1,10
11958,44,1,30
11958,51,1,5
11958,64,2,0
11959,63,2,20
11960,17,1,5
11960,2,1,10
11961,7,1,5
11961,42,1,5
11962,41,1,5
11962,8,1,5
11962,35,1,5
11963,15,1,0
11964,59,1,5
11965,58,1,30
11966,30,2,10
11967,52,1,30
11968,59,1,0
11968,39,1,10
11969,56,1,5
11970,41,1,5
11971,13,1,15
11971,21,1,5
11971,28,2,10
11971,50,1,0
11972,12,2,30
11972,8,1,0
11972,33,1,15
11973,5,1,10
11973,9,2,20
11973,48,1,5
11974,2,1,0
11974,24,1,0
11974,46,2,30
11975,26,1,0
11975,19,1,0
11975,46,1,0
11975,4,1,10
11976,29,1,20
11976,64,2,20
11977,41,2,10
11977,64,1,5
11978,9,1,30
11978,54,1,10
11979,8,2,15
11979,55,1,5
11980,15,1,15
11980,38,1,5
11980,44,1,15
11981,40,1,5
11982,14,2,5
11983,30,1,5
11983,17,2,10
11984,36,2,15
11984,24,1,15
11985,58,2,0
11986,57,1,0
11987,19,1,5
11988,38,1,20
11988,37,1,0
11988,47,1,0
11988,10,1,0
11989,59,1,15
11990,8,1,5
11990,44,1,0
11991,34,1,10
11992,32,1,0
11993,3,1,10
11994,26,2,10
11995,21,1,5
11995,16,2,10
11996,40,1,5
11997,40,2,5
11997,41,2,5
11998,8,1,5
11999,33,1,5
12000,6,1,20
12000,48,1,5
12000,37,1,5
12000,9,2,20
12001,38,1,10
12002,4,1,30
12002,57,1,10
12002,52,2,0
12003,30,1,20
12004,8,2,10
12004,7,2,0
12005,25,1,15
12005,54,1,0
12006,28,1,10
12006,38,1,15
12007,28,1,10
12008,48,2,0
12009,18,1,15
12009,41,1,30
12010,28,1,0
12010,38,1,0
12011,63,1,20
12011,13,2,10
12012,25,1,15
12012,2,2,30
12013,9,2,30
12014,47,1,10
12015,15,1,5
12015,1,2,10
12016,32,1,30
12016,53,1,5
12017,24,1,0
12018,46,1,10
12018,8,1,20
12019,61,1,20
12019,4,1,15
12020,61,2,5
12021,40,2,5
12022,10,1,10
12022,59,1,5
12022,64,1,15
12023,22,2,10
12023,15,1,5
12023,26,1,10
12024,28,1,0
12024,33,1,20
12024,3,1,20
12025,59,1,10
12025,46,1,5
12026,28,2,30
12027,60,1,5
12028,49,1,5
12028,25,1,0
12029,54,1,10
12029,60,1,0
12030,47,1,0
12030,9,2,5
12031,29,1,5
12032,13,1,20
12033,42,1,5
12034,61,1,20
12035,52,1,5
12036,20,2,0
12036,64,1,0
12037,30,1,5
12037,63,1,30
12038,52,1,5
12038,7,1,15
12039,26,2,15
12040,15,1,20
12040,58,1,20
12040,21,1,5
12040,34,1,20
12041,47,1,5
12041,27,1,10
12042,20,1,0
12042,48,1,10
12043,46,1,0
12043,24,2,10
12043,54,1,5
12044,24,1,0
12044,51,2,10
12044,55,2,30
12044,52,2,0
12045,27,1,30
12046,50,1,5
12046,11,1,20
12047,51,1,5
12048,10,1,15
12049,6,1,10
12050,15,1,0
12051,61,2,30
12051,50,2,30
12052,17,1,0
12053,3,1,0
12053,33,1,0
12054,61,1,0
12055,19,2,10
12055,49,1,0
12056,6,1,5
12056,52,2,15
12056,51,1,30
12056,31,1,10
12057,62,1,0
12057,23,1,5
12058,17,2,10
12059,61,2,0
12060,30,2,0
12061,29,1,15
12061,64,1,10
12062,24,1,15
12062,21,2,5
12062,31,1,30
12062,41,1,0
12063,59,2,0
12063,44,1,20
12064,29,1,10
12064,5,1,20
12065,33,1,15
12065,63,1,0
12066,11,1,30
12067,46,2,0
12067,39,1,5
12068,14,1,5
12068,28,2,0
12068,36,1,10
12069,26,2,10
12069,21,1,0
12070,48,1,5
12070,31,1,15
12071,51,1,30
12071,26,1,0
12072,41,1,0
12073,15,1,5
12073,32,1,5
12074,36,1,15
12074,28,1,15
12074,62,1,20
12075,55,2,0
12075,29,1,0
12076,18,1,10
12077,48,2,30
12078,35,2,30
12079,15,2,30
12079,40,1,5
12079,26,2,5
12080,53,1,10
12081,17,1,10
12081,63,2,30
12081,25,1,15
12081,29,1,0
12082,60,1,0
12083,13,1,5
12084,36,1,5
12085,14,1,20
12086,5,2,30
12086,10,1,5
12087,11,2,0
12087,52,1,15
12088,32,1,10
12089,21,1,5
12090,55,1,10
12091,16,1,10
12091,37,1,15
12092,37,1,0
12093,40,1,5
12093,52,1,0
12094,34,1,20
12094,49,1,10
12095,2,1,0
12095,53,1,5
12095,46,1,5
12095,13,1,0
12096,9,1,0
12097,32,1,0
12097,5,2,20
12097,8,1,0
12098,6,1,0
12098,23,1,30
12098,13,1,0
12099,23,1,5
12100,11,1,30
12100,46,1,0
12100,40,1,5
12100,8,1,15
12101,60,1,0
12102,34,2,10
12103,38,1,10
12104,7,2,10
12105,61,1,0
12105,22,1,0
12105,42,1,5
12106,61,2,30
12107,57,1,10
12107,46,2,5
12107,29,2,30
12108,10,2,20
12108,4,2,15
12108,28,1,0
12109,4,1,20
12109,46,1,30
12110,54,1,30
12111,52,2,5
12111,45,1,0
12112,8,1,5
12113,11,2,20
12114,55,1,10
12114,41,2,0
12115,32,1,10
12115,19,2,10
12116,26,1,0
12116,39,1,15
12117,53,1,5
12118,50,2,10
12119,37,1,5
12120,59,1,10
12120,17,1,0
12121,10,1,5
12122,56,2,0
12123,35,1,10
12124,55,1,5
12125,3,1,15
12125,20,1,5
12126,36,1,5
12127,48,1,5
12127,12,2,30
12127,25,2,20
12127,13,1,5
12128,32,2,0
12129,9,1,0
12130,26,1,5
12130,54,2,30
12130,4,1,15
12130,41,2,0
12131,26,1,0
12131,6,1,20
12132,61,2,10
12133,29,1,15
12134,50,1,20
12134,60,1,20
12134,56,2,0
12135,36,1,15
12136,2,1,15
12137,44,2,10
12138,12,2,30
12139,27,1,10
12139,44,2,5
12139,15,1,5
12140,28,2,5
12140,26,1,0
12141,23,2,0
12142,20,2,20
12142,32,1,10
12143,44,1,10
12143,25,1,0
12143,52,1,0
12144,55,1,5
12144,23,1,0
12144,17,1,0
12144,56,1,0
12145,61,2,5
12145,54,2,15
12145,24,1,20
12146,43,1,20
12146,52,1,0
12147,42,1,20
12148,55,1,10
12149,55,2,30
12150,16,1,10
12150,62,2,10
12150,33,1,5
12151,19,1,10
12151,30,1,10
12152,33,2,0
12153,46,1,5
12153,55,1,30
12154,48,1,0
12154,16,1,0
12154,25,2,5
12154,2,2,10
12155,22,1,5
12155,27,1,30
12155,11,1,0
12156,10,2,10
12156,22,1,10
12157,27,1,0
12158,16,1,0
12158,41,2,15
12158,43,1,0
12159,14,2,0
12159,13,2,5
12160,11,2,30
12161,25,1,30
12161,61,1,0
12162,26,1,0
12162,54,1,20
12163,44,2,15
12163,42,2,20
12164,34,1,30
12165,60,1,0
12166,34,1,30
12166,60,1,30
12166,44,1,0
12167,35,2,10
12167,11,1,10
12167,23,1,10
12168,56,2,10
12168,30,1,5
12169,20,1,0
12170,27,1,10
12171,23,2,30
12172,11,1,0
12173,35,1,5
12174,43,2,10
12175,26,2,30
12175,50,1,0
12175,48,1,0
12176,29,1,0
12176,53,1,5
12176,35,2,20
12177,54,1,5
12178,20,1,10
12178,21,1,10
12179,42,1,0
12179,2,1,0
12180,38,1,0
12180,48,1,0
12181,50,1,0
12182,26,2,0
12183,34,1,0
12183,7,1,10
12183,31,2,0
12184,38,2,5
12185,51,1,5
12185,35,1,0
12186,36,1,20
12187,44,1,15
12188,54,1,5
12188,19,1,5
12188,28,1,10
12189,38,1,10
12189,1,2,5
12189,8,1,5
12190,34,1,20
12191,28,2,0
12192,57,1,5
12193,4,1,30
12193,35,1,0
12193,39,1,5
12194,37,1,5
12194,49,1,0
12195,27,2,0
12195,53,2,10
12195,59,1,10
12196,6,1,15
12197,46,1,10
12197,40,1,0
12197,7,2,15
12198,17,2,10
12198,8,1,15
12199,57,1,15
12200,2,1,15
12201,33,1,5
12202,33,1,20
12203,42,1,15
12203,5,2,10
12204,27,1,15
12205,53,1,15
12206,9,2,30
12206,45,1,10
12207,2,1,5
12208,47,1,30
12208,11,1,15
12209,48,1,5
12209,24,2,0
12210,52,1,5
12210,9,1,5
12211,24,1,5
12212,45,1,5
12213,58,1,15
12213,36,1,0
12214,46,1,20
12214,63,2,5
12215,11,1,0
12216,4,1,0
12217,1,2,30
12217,5,1,15
12217,3,1,20
12218,12,1,0
12218,40,1,5
12218,23,1,0
12219,30,1,0
12220,40,2,30
12221,28,1,5
12221,44,1,20
12222,18,1,5
12223,8,1,15
12224,6,2,10
12225,46,1,0
12225,21,2,10
12226,10,1,15
12227,29,1,10
12228,17,1,10
12228,44,1,0
12228,53,1,0
12229,63,1,0
12229,39,2,30
12230,49,1,0
12230,48,2,30
12230,42,2,20
12231,64,1,0
12231,36,2,5
12232,27,1,5
12232,14,1,10
12233,27,1,15
12233,17,1,0
12234,2,1,5
12235,57,1,10
12236,21,1,0
12237,48,1,5
12237,33,2,10
12237,63,1,0
12237,49,1,5
12238,57,2,5
12239,5,2,20
12239,17,1,5
12240,50,1,10
12240,55,2,5
12240,52,1,0
12241,11,1,10
12242,54,2,5
12242,4,1,0
12242,26,2,30
12242,24,2,5
12243,2,2,30
12243,44,1,5
12244,9,1,20
12245,20,1,5
12245,17,1,20
12246,54,1,20
12246,16,1,5
12247,11,2,5
12247,9,1,0
12247,6,1,10
12247,38,1,0
12248,12,1,5
12248,23,2,10
12249,6,1,5
12249,17,1,0
12250,14,1,5
12250,21,1,30
12251,39,2,5
12252,51,2,10
12253,22,2,30
12253,50,1,10
12253,11,2,10
12254,36,1,15
12255,32,2,5
12256,35,1,0
12257,18,2,5
12258,23,1,10
12258,13,1,5
12259,23,1,10
12259,24,1,5
12260,36,1,15
12261,39,1,30
12261,57,1,15
12261,8,1,10
12262,4,1,10
12262,34,2,20
12263,63,1,10
12264,43,2,10
12264,10,1,10
12265,40,2,5
12265,23,1,5
12266,57,1,30
12266,56,1,5
12266,52,1,10
12267,27,1,20
12268,63,1,5
12269,40,1,15
12269,41,2,5
12269,16,1,0
12270,38,1,0
12270,2,1,30
12271,31,1,15
12271,62,1,0
12272,30,1,10
12272,4,1,15
12272,31,1,10
12273,15,2,30
12274,53,2,10
12274,57,1,30
12275,14,2,10
12275,41,1,5
12276,16,1,5
12277,15,2,0
12277,29,1,5
12278,63,1,20
12278,48,1,0
12278,8,2,10
12279,19,1,10
12280,11,1,10
12281,63,1,10
12282,1,1,5
12283,47,1,10
12283,3,2,30
12284,54,1,5
12285,48,1,10
12285,7,1,5
12286,61,2,5
12286,33,1,0
12287,7,1,10
12287,5,1,30
12287,25,1,15
12288,31,1,0
12289,41,1,0
12289,48,1,5
12290,55,1,10
12291,43,2,10
12291,27,2,15
12292,60,2,30
12293,43,1,15
12293,57,1,10
12293,38,1,20
12294,36,1,20
12295,44,1,30
12296,41,1,10
12297,9,1,30
12297,63,1,10
12298,19,1,10
12299,43,1,5
12300,13,2,10
12301,44,2,5
12301,51,1,20
12302,25,1,10
12303,31,1,5
12304,29,1,5
12304,11,1,5
12304,46,1,5
12305,15,1,0
12306,38,2,15
12307,39,2,0
12308,42,2,30
12309,1,1,15
12309,42,1,20
12310,53,1,10
12311,17,1,5
12312,37,2,15
12312,13,1,20
12312,53,1,10
12313,30,2,5
12314,20,1,20
12314,59,2,0
12315,51,1,10
12316,39,1,10
12317,22,1,20
12318,51,1,5
12319,18,1,5
12319,54,1,15
12320,31,1,15
12320,60,2,20
12321,40,1,10
12322,8,1,10
12323,61,1,0
12323,19,1,0
12324,16,2,10
12324,12,2,15
12325,53,1,5
12325,52,1,10
12326,25,2,15
12326,41,1,5
12327,54,1,10
12327,62,2,10
12328,18,1,0
12328,64,1,10
12329,50,1,5
12330,55,2,10
12331,59,1,10
12332,63,1,30
12333,57,2,20
12333,21,2,10
12333,9,1,10
12333,63,1,10
12334,60,2,5
12334,47,1,10
12335,56,1,5
12336,9,1,20
12337,42,1,10
12338,33,1,0
12338,64,1,5
12338,50,2,15
12339,22,2,5
12339,21,1,5
12339,63,1,0
12339,59,1,10
12340,64,1,30
12340,23,1,15
12341,36,1,0
12341,39,2,5
12342,7,1,20
12342,11,1,10
12342,37,1,0
12343,18,1,0
12344,45,1,5
12344,36,1,10
12344,28,1,30
12345,50,1,0
12345,16,2,10
12345,11,1,5
12346,35,2,15
12346,50,1,10
12347,7,1,5
12347,14,1,0
12347,64,2,30
12347,15,1,0
12348,37,1,15
12348,25,1,5
12348,58,1,30
12348,33,1,0
12349,48,2,20
12350,36,1,5
12351,2,1,5
12352,37,1,0
12352,17,2,10
12352,63,1,20
12352,61,1,0
12353,59,1,0
12353,29,1,0
12354,58,1,5
12355,13,1,20
12356,30,2,10
12357,29,1,0
12358,34,2,20
12359,46,2,5
12359,8,1,5
12359,61,1,15
12360,58,1,0
12361,44,1,15
12361,32,1,5
12361,13,1,5
12362,58,2,5
12363,51,1,10
12364,57,1,5
12364,7,1,0
12365,42,1,15
12365,32,1,5
12366,41,1,10
12366,45,1,15
12366,62,1,5
12367,18,1,10
12367,41,1,0
12367,7,1,10
12368,62,2,20
12369,33,1,20
12369,46,1,10
12370,24,1,5
12370,61,1,0
12370,8,1,5
12371,53,1,0
12372,30,1,0
12372,20,1,0
12373,29,2,10
12374,36,2,10
12374,13,2,10
12375,6,1,20
12375,38,1,5
12376,21,1,0
12377,25,1,0
12377,34,1,0
12377,32,2,30
12377,24,1,5
12378,46,1,5
12379,8,1,0
12379,33,2,15
12380,2,2,10
12380,63,1,20
12380,56,1,0
12381,55,1,15
12381,13,1,15
12381,23,1,10
12382,21,1,5
12382,20,1,0
12383,28,1,10
12383,26,1,0
12383,35,1,0
12384,33,1,0
12384,45,1,0
12385,51,1,15
12385,60,1,0
12385,20,1,0
12386,21,1,0
12386,14,1,15
12386,53,2,10
12387,21,1,30
12388,30,1,5
12389,6,2,10
12389,30,1,15
12390,53,1,10
12391,35,2,30
12392,12,1,10
12392,58,1,0
12393,10,1,10
12393,27,2,5
12393,46,1,15
12394,27,1,15
12395,18,1,10
12395,17,1,20
12395,19,2,30
12395,39,1,0
12396,10,2,30
12396,19,1,20
12396,11,1,5
12396,14,1,5
12397,44,1,15
12398,33,1,10
12399,15,2,15
12399,20,2,20
12400,15,1,10
12400,47,2,15
12400,32,1,0
12401,63,1,10
12402,3,1,20
12403,28,1,0
12403,47,1,5
12404,38,1,5
12404,14,1,10
12405,11,1,30
12406,23,1,5
12407,13,1,0
12407,2,1,0
12408,32,2,20
12409,23,2,0
12409,12,1,10
12410,9,2,30
12411,56,1,0
12411,33,2,10
12411,34,1,30
12412,11,1,5
12413,26,1,10
12413,50,1,5
12413,19,1,5
12413,54,1,5
12414,29,1,15
12414,61,1,5
12414,55,1,10
12415,44,1,0
12416,52,1,0
12416,63,1,5
12417,51,1,15
12417,10,2,5
12417,23,1,30
12417,13,2,0
12418,25,1,0
12418,11,1,0
12419,50,1,5
12420,15,2,10
12420,55,1,0
12421,11,1,0
12421,21,1,0
12421,25,2,0
12421,20,1,5
12422,57,1,0
12422,59,2,0
12423,22,1,0
12423,58,2,15
12423,50,2,5
12423,13,1,5
12424,54,2,0
12425,8,1,0
12425,51,1,15
12426,63,1,5
12427,29,1,0
12427,8,1,0
12427,23,1,10
12428,34,1,0
12429,9,1,0
12429,50,1,10
12429,12,1,10
12429,27,2,0
12430,64,1,15
12431,20,1,0
12432,64,2,10
12432,29,2,5
12432,2,1,0
12433,17,1,0
12434,8,1,0
12435,27,1,0
12436,27,1,0
12437,49,2,5
12438,1,1,0
12438,3,1,0
12439,19,2,0
12439,13,1,0
12440,58,1,0
12440,14,2,15
12441,16,1,0
12442,9,1,5
12442,34,1,10
12443,56,1,0
12443,30,1,5
12443,12,2,0
12444,45,1,0
12445,62,1,0
12446,18,1,5
12447,8,1,15
12447,57,1,10
12448,47,1,0
12448,33,1,5
12449,22,1,5
12450,16,1,0
12450,40,1,0
12451,51,1,10
12452,46,1,10
12452,42,1,0
12453,2,1,10
12454,63,1,20
12455,16,1,0
12456,51,1,0
12456,30,1,0
12457,42,1,10
12457,15,1,0
12458,63,1,5
12459,24,1,15
12460,58,2,10
12461,54,1,0
12461,46,1,0
12461,13,1,0
12462,8,2,15
12462,3,2,0
12463,19,1,15
12464,20,2,5
12464,22,1,0
12464,19,1,0
12465,23,1,5
12465,18,1,5
12465,31,1,0
12465,19,1,5
12466,64,1,0
12466,39,1,5
12467,33,2,0
12467,27,2,0
12468,58,1,0
12469,20,2,0
12470,16,1,5
12470,60,1,0
12471,62,1,0
12472,8,1,0
12473,45,1,0
12474,18,1,0
12474,29,1,0
12474,58,1,0
12475,15,1,0
12476,34,2,5
12477,13,1,0
12477,18,1,0
12478,38,1,5
12479,61,1,5
12479,35,1,0
12480,25,1,0
12480,61,1,0
12481,44,2,10
12481,25,1,5
12482,25,2,15
12483,20,1,0
12483,26,2,20
12483,62,1,10
12484,55,1,0
12484,29,1,10
12484,53,2,20
12485,42,1,0
12485,7,1,0
12486,37,2,10
12487,17,2,5
12488,54,2,0
12488,57,1,5
12488,22,1,5
12489,55,1,0
12490,15,1,0
12491,40,1,0
12492,55,2,15
12493,41,1,0
12494,62,1,0
12495,56,1,0
12496,18,1,0
12496,64,1,10
12497,49,1,0
12497,9,1,0
12497,57,1,20
12498,14,1,5
12498,21,1,0
12499,14,1,0
12499,9,1,5
12499,35,2,0
12500,32,1,0
12501,48,1,0
12501,22,1,0
12502,61,1,0
12502,27,1,0
12503,16,2,0
12503,49,1,0
12504,25,1,0
12505,45,1,0
12505,58,1,5
12505,31,2,5
12506,22,1,0
12507,42,1,5
12508,33,1,0
12508,43,1,5
12509,49,2,5
12510,3,1,5
12510,27,1,5
12510,58,1,10
12511,22,1,5
12511,39,2,5
12512,34,1,0
12512,24,2,15
12513,15,2,5
12514,4,1,0
12515,38,1,0
12516,29,1,0
12517,60,1,5
12518,3,1,0
12519,34,1,0
12520,54,2,0
12521,16,1,0
12521,19,1,5
12522,2,2,15
12523,26,1,10
12524,49,1,5
12524,37,1,0
12524,5,2,10
12525,24,1,0
12526,32,1,10
12526,5,1,5
12526,17,1,0
12527,23,1,0
12528,52,1,0
12529,13,2,5
12529,59,1,10
12530,31,1,5
12530,21,2,0
12531,50,1,0
12531,36,1,0
12532,38,2,5
12533,43,1,5
12533,53,2,30
12534,38,2,0
12535,44,1,10
12536,45,1,0
12537,63,1,0
12537,21,1,10
12538,23,1,5
12539,7,1,0
12540,57,1,15
12541,51,1,0
12541,63,1,15
12541,49,1,0
12541,39,1,0
12542,31,1,0
12542,6,2,0
12543,1,1,5
12543,46,2,0
12543,7,1,0
12544,35,1,10
12545,2,1,5
12545,49,1,10
12546,26,1,0
12546,34,1,0
12547,21,1,5
12547,58,1,0
12547,35,1,0
12548,51,1,0
12549,27,1,0
12550,29,1,5
12550,45,1,0
12550,36,1,15
12551,42,1,0
12552,25,2,5
12552,59,1,0
12552,19,2,10
12552,28,1,0
12553,26,2,0
12554,1,1,15
12555,11,1,0
12555,24,1,5
12556,48,2,0
12557,38,1,0
12558,55,1,15
12558,2,1,0
12559,55,2,0
12560,14,2,0
12561,51,1,0
12561,16,1,10
12562,13,1,0
12563,32,2,0
12563,58,1,0
12563,16,1,0
12564,44,1,15
12564,48,1,5
12564,21,1,0
12564,30,2,20
12565,13,2,0
12565,18,1,0
12565,39,2,0
12566,44,1,5
12566,60,1,10
12566,49,1,0
12567,64,1,15
12568,8,1,20
12569,64,1,0
12569,63,1,0
12570,53,1,0
12571,46,2,0
12572,61,1,10
12573,33,2,15
12573,54,1,0
12574,46,2,10
12574,32,1,0
12574,21,1,0
12575,56,1,5
12575,28,1,0
12576,64,1,0
12576,15,1,20
12576,42,2,5
12577,63,1,10
12577,42,2,20
12578,32,1,0
12579,37,1,5
12579,4,2,30
12580,32,1,10
12581,9,1,5
12582,2,1,0
12582,63,1,5
12582,4,2,0
12583,36,1,0
12583,17,1,10
12584,63,1,5
12585,57,2,5
12585,40,1,0
12585,15,2,0
12586,4,1,0
12586,23,1,20
12587,48,1,0
12587,2,1,10
12587,34,1,10
12588,46,2,15
12589,39,1,15
12590,30,1,0
12590,11,2,15
12591,63,1,15
12592,5,1,10
12593,6,1,0
12593,39,2,10
12594,43,2,0
12594,64,1,0
12595,61,2,5
12596,62,1,0
12596,26,1,0
12596,29,1,0
12596,44,1,0
12597,4,1,5
12597,44,1,0
12597,56,1,5
12597,62,1,10
12598,17,1,0
12598,1,1,15
12599,34,1,10
12600,53,1,5
12601,22,1,20
12602,58,2,0
12603,27,2,5
12604,5,1,30
12605,42,2,5
12605,36,1,0
12606,31,1,0
12606,17,1,0
12606,59,1,5
12606,3,1,0
12607,13,1,0
12607,5,1,5
12608,16,1,5
12609,14,2,0
12610,11,1,0
12610,30,1,10
12611,40,1,0
12611,42,1,15
12611,7,1,5
12611,58,1,0
12612,37,1,5
12612,38,1,0
12613,24,2,10
12613,42,1,0
12614,56,1,0
12615,49,1,5
12615,11,1,0
12616,61,1,10
12617,32,1,0
12618,37,1,0
12618,43,1,5
12618,26,1,10
12618,39,1,10
12619,19,1,0
12619,22,1,0
12619,2,1,0
12620,52,1,0
12621,58,1,0
12622,27,1,0
12623,15,1,0
12624,28,1,20
12624,36,1,10
12624,13,1,0
12625,19,1,0
12626,3,1,5
12626,31,1,0
12626,42,1,0
12627,48,1,5
12627,52,1,0
12628,22,1,5
12629,14,2,5
12629,39,1,0
12629,21,1,10
12630,53,1,0
12630,48,1,0
12631,25,1,20
12632,62,1,10
12633,45,2,10
12634,28,1,5
12635,57,1,0
12636,3,1,5
12636,7,2,0
12637,60,1,0
12637,53,2,0
12638,29,1,0
12639,35,2,0
12639,14,1,5
12639,44,1,5
12639,51,2,10
12640,15,1,15
12641,17,1,0
12641,7,1,0
12642,28,1,15
12642,60,1,0
12643,27,1,0
12644,27,1,0
12645,31,1,0
12645,53,2,0
12645,51,1,0
12646,63,1,5
12646,53,1,0
12647,31,2,5
12647,18,1,0
12647,30,1,0
12648,21,1,0
12648,5,2,5
12649,14,1,0
12650,22,1,0
12650,17,1,0
12650,21,1,15
12651,55,1,0
12651,45,1,0
12652,52,1,0
12653,41,1,10
12654,41,1,0
12654,62,1,0
12654,17,1,20
12655,41,2,0
12655,26,2,0
12656,24,2,20
12657,20,1,0
12658,18,1,0
12658,44,1,0
12658,26,1,10
12659,52,1,0
12659,34,1,5
12660,26,2,0
12660,38,2,5
12660,18,2,0
12661,47,1,0
12662,36,1,5
12662,48,2,15
12663,1,1,10
12663,9,1,10
12664,1,1,5
12665,31,1,0
12666,30,1,0
12666,26,1,0
12667,20,1,5
12668,53,2,15
12668,3,1,0
12668,34,1,0
12668,9,1,5
12669,63,1,20
12669,52,1,0
12670,23,1,0
12671,41,1,0
12671,9,2,5
12672,16,1,0
12672,62,1,0
12672,30,1,10
12673,42,2,0
12674,7,1,5
12674,50,1,5
12675,64,1,0
12676,45,1,10
12677,19,1,0
12678,4,1,15
12679,49,1,0
12679,14,1,5
12680,47,1,0
12680,34,1,15
12680,43,1,0
12681,12,1,0
12681,35,1,5
12681,36,1,0
12682,54,1,0
12683,1,1,0
12683,41,1,20
12684,59,1,0
12685,28,1,0
12685,42,1,10
12685,43,1,10
12685,44,1,0
12686,33,2,0
12687,61,1,0
12688,28,1,0
12689,55,1,5
12690,26,1,15
12690,5,1,0
12691,39,1,5
12691,53,1,5
12692,33,1,20
12692,7,1,0
12692,56,2,0
12693,31,2,0
12694,61,1,0
12694,51,1,20
12695,20,1,0
12696,54,1,10
12697,49,2,5
12697,33,1,0
12697,35,1,5
12697,51,1,0
12698,3,2,10
12698,50,1,0
12699,40,1,0
12700,28,1,0
12700,40,1,10
12701,39,2,0
12701,63,1,5
12702,60,2,15
12703,26,1,0
12703,62,1,0
12704,1,1,5
12704,24,1,0
12705,36,1,0
12705,46,1,5
12706,13,1,5
12707,13,1,0
12707,36,1,0
12708,23,1,0
12708,5,1,20
12709,52,1,0
12709,11,1,5
12710,56,1,15
12711,8,1,5
12712,16,1,10
12713,7,1,0
12714,42,1,0
12715,55,1,0
12716,39,1,0
12716,33,2,0
12717,43,2,20
12717,16,1,5
12718,6,1,0
12718,61,1,5
12718,32,1,0
12719,2,2,0
12719,3,1,5
12720,26,1,5
12721,25,2,0
12722,21,1,0
12722,24,1,0
12722,41,1,0
12722,53,1,0
12723,26,2,10
12724,9,1,0
12724,18,1,0
12725,17,1,0
12725,52,1,10
12726,2,1,0
12727,25,1,5
12727,5,1,5
12728,63,1,0
12729,33,1,0
12730,47,1,0
12730,24,1,5
12730,52,1,0
12731,24,1,0
12731,27,1,10
12732,40,1,0
12733,28,2,5
12734,13,2,10
12735,49,1,0
12735,19,1,5
12735,36,2,0
12736,15,1,0
12736,2,1,0
12737,2,1,0
12738,51,2,0
12739,35,1,0
12739,36,1,0
12740,19,1,10
12741,13,2,20
12741,37,1,15
12742,18,1,0
12743,50,1,20
12743,28,1,0
12744,55,1,0
12745,8,1,5
12745,31,1,0
12746,3,1,0
12747,11,1,5
12747,8,1,5
12748,28,1,5
12749,56,1,0
12749,48,1,0
12750,56,1,0
12750,38,2,0
12751,37,1,0
12752,6,1,15
12753,61,1,10
12753,45,1,0
12753,40,1,5
12754,17,1,0
12754,3,1,5
12755,15,2,0
12755,46,1,0
12756,37,1,0
12757,27,1,0
12758,19,2,30
12758,1,1,0
12759,48,2,0
12760,24,1,0
12760,40,1,0
12760,53,1,0
12761,48,1,10
12762,61,1,0
12762,11,2,0
12763,9,2,10
12763,17,1,0
12764,36,1,0
12764,59,1,0
12765,27,1,20
12766,21,1,5
12767,60,1,0
12768,45,2,0
12768,4,1,5
12768,12,1,10
12769,58,1,10
12770,63,1,10
12770,29,2,0
12770,43,1,0
12771,17,1,0
12772,53,1,0
12773,17,1,0
12774,58,1,20
12775,17,1,0
12775,44,1,0
12775,57,1,0
12776,51,1,0
12776,57,1,0
12776,27,2,0
12777,24,1,5
12778,63,1,0
12779,63,1,5
12779,64,1,5
12779,17,1,0
12780,19,1,0
12780,18,1,0
12780,23,1,0
12781,46,1,0
12782,8,2,0
12783,22,1,0
12783,6,1,0
12784,28,2,0
12784,42,1,10
12785,38,1,0
12785,6,1,0
12786,48,1,5
12786,32,1,5
12787,63,1,0
12788,32,1,0
12789,37,1,0
12790,28,1,0
12791,61,1,15
12791,35,1,0
12792,16,1,0
12793,29,1,5
12793,42,1,5
12794,17,2,0
12794,3,1,0
12794,60,1,0
12794,14,1,0
12795,60,2,5
12796,41,1,0
12797,13,2,0
12798,41,1,0
12798,30,1,0
12798,35,1,0
12799,4,1,5
12799,59,1,10
12799,60,2,0
12800,42,1,10
12801,2,1,0
12801,11,2,10
12802,38,1,0
12803,8,1,0
12804,32,2,15
12804,21,1,0
12804,37,1,5
12805,44,1,0
12805,62,2,15
12806,30,1,5
12807,49,1,0
12807,34,2,20
12808,61,1,0
12808,36,1,0
12809,29,1,0
12809,62,2,0
12810,38,1,5
12811,58,1,0
12811,51,2,10
12811,22,1,0
12812,29,1,0
12813,2,1,10
12813,3,2,30
12813,24,2,15
12814,62,1,0
12815,3,1,0
12816,58,2,15
12816,6,1,0
12816,57,1,0
12816,43,1,5
12817,47,1,0
12817,18,1,10
12818,6,1,5
12818,12,1,5
12818,38,1,0
12819,12,1,0
12819,34,1,5
12819,54,1,0
12820,43,1,5
12820,23,1,0
12821,55,1,10
12821,41,2,0
12821,39,1,5
12822,49,1,15
12823,45,1,10
12823,57,1,0
12824,23,1,0
12824,31,2,0
12824,29,1,0
12824,22,1,10
12825,54,1,15
12826,27,2,10
12826,40,1,0
12826,30,1,0
12827,10,1,15
12827,11,1,5
12828,50,1,0
12828,7,1,0
12828,34,2,15
12829,49,2,10
12829,46,1,5
12829,25,1,0
12830,45,2,5
12831,14,1,10
12831,4,1,20
12832,63,2,30
12833,48,1,0
12833,37,1,0
12833,63,1,0
12834,43,1,0
12834,1,1,10
12835,12,1,10
12835,32,1,0
12836,28,1,0
12836,52,2,0
12837,48,2,30
12837,63,1,5
12838,64,1,10
12838,20,1,0
12839,16,1,0
12840,17,1,0
12841,20,1,5
12842,41,1,0
12843,31,1,5
12843,34,1,0
12844,51,1,0
12844,54,1,5
12845,39,1,0
12845,47,1,15
12845,6,1,5
12846,27,1,0
12847,3,1,0
12848,41,2,0
12848,64,1,5
12848,25,1,0
12848,30,1,5
12849,4,2,0
12850,44,2,0
12851,21,1,0
12851,61,1,0
12852,51,1,0
12853,20,1,0
12853,18,1,5
12853,50,1,0
12854,22,1,5
12855,14,1,0
12855,62,2,5
12856,52,1,0
12856,32,1,0
12857,40,1,10
12857,61,1,10
12858,31,1,15
12858,55,1,5
12858,37,1,20
12859,15,1,0
12859,12,1,5
12860,46,1,0
12861,34,1,0
12861,30,1,0
12862,38,1,0
12862,3,1,0
12863,49,2,30
12864,33,1,0
12864,20,2,0
12864,52,1,0
12865,38,1,0
12866,54,1,0
12866,4,2,15
12866,62,1,0
12867,42,1,0
12867,52,1,0
12868,60,2,0
12868,18,2,10
12869,47,1,0
12870,4,2,15
12870,5,2,30
12871,45,1,10
12871,14,2,0
12872,34,1,10
12872,57,1,0
12873,37,1,5
12874,20,1,0
12874,44,1,0
12875,20,1,0
12876,17,1,0
12877,19,1,5
12878,63,1,5
12878,44,1,0
12879,23,1,0
12879,20,1,0
12880,24,2,5
12880,17,1,0
12881,37,1,0
12882,55,1,10
12882,38,1,10
12883,28,1,0
12883,20,1,0
12884,7,1,0
12885,59,1,0
12886,50,1,0
12886,5,2,5
12887,38,1,15
12887,4,1,0
12888,49,1,0
12889,40,1,0
12889,8,1,0
12890,2,1,20
12890,10,1,0
12890,54,2,10
12891,63,1,10
12891,51,1,5
12892,50,2,10
12892,56,1,10
12892,49,1,0
12893,21,1,0
12893,47,1,20
12894,24,1,0
12895,32,1,10
12895,7,1,5
12895,46,1,5
12895,31,1,10
12896,60,1,30
12897,16,1,0
12897,22,1,10
12897,27,1,5
12898,57,1,0
12899,61,1,0
12899,7,1,0
12900,54,1,5
12900,55,2,30
12901,14,1,0
12901,53,1,0
12902,3,1,10
12902,13,2,20
12902,47,1,0
12902,31,1,0
12903,7,1,0
12903,15,1,0
12904,34,1,10
12904,63,1,0
12904,7,1,15
12904,38,1,0
12905,44,2,0
12905,36,1,20
12905,16,1,15
12906,45,1,0
12907,31,1,0
12907,32,1,0
12908,57,2,15
12908,36,2,10
12909,4,1,0
12910,13,1,0
12911,48,1,0
12912,17,2,0
12912,30,2,0
12913,33,1,0
12914,7,1,15
12915,7,1,5
12916,17,1,0
12916,55,1,10
12917,30,1,5
12918,43,1,0
12919,4,1,5
12920,1,1,0
12920,26,1,0
12920,20,1,0
12921,28,1,5
12921,12,1,5
12922,19,1,5
12923,50,1,0
12924,9,1,20
12925,18,1,10
12926,59,1,0
12926,13,1,10
12927,31,1,15
12928,47,2,5
12928,42,2,10
12929,4,1,10
12930,3,1,0
12931,53,1,0
12931,28,1,0
12931,14,1,5
12931,33,1,0
12932,9,1,0
12932,41,1,0
12933,24,1,0
12933,13,1,5
12933,17,2,10
12933,57,2,0
12934,31,1,5
12934,37,1,0
12934,58,2,20
12935,57,1,0
12935,38,1,5
12936,25,1,0
12937,37,1,10
12937,11,1,0
12938,29,1,0
12938,60,1,5
12938,5,1,0
12939,9,2,15
12940,51,1,15
12940,10,1,5
12941,32,2,0
12942,45,1,0
12942,60,1,5
12943,46,1,5
12944,52,1,5
12944,64,1,5
12945,42,1,5
12946,27,1,0
12947,5,1,10
12947,13,1,20
12947,36,1,0
12948,34,1,0
12949,19,1,0
12950,30,1,0
12950,42,1,5
12950,52,1,0
12950,61,1,0
12951,57,1,0
12951,10,1,10
12951,7,2,20
12951,55,1,0
12952,37,1,0
12952,61,2,0
12953,18,1,0
12953,33,1,0
12954,40,1,5
12955,43,1,0
12955,12,1,0
12956,52,1,0
12956,3,1,5
12956,19,2,15
12957,64,2,0
12958,32,1,5
12959,30,1,0
12959,49,1,0
12959,46,1,0
12959,16,1,0
12960,45,1,0
12961,29,1,10
12961,9,2,5
12962,11,1,0
12962,24,1,0
12963,44,1,0
12964,25,1,0
12964,14,1,0
12965,19,1,5
12966,45,1,0
12966,56,1,15
12967,45,1,0
12968,64,1,0
12969,29,1,0
12969,30,1,0
12970,23,1,0
12971,10,2,0
12971,2,1,15
12971,15,1,0
12972,10,1,10
12973,60,2,0
12973,4,1,0
12973,40,1,0
12974,10,1,15
12974,24,1,0
12975,26,1,0
12975,37,1,15
12975,22,2,0
12976,36,2,5
12976,5,2,30
12977,62,1,0
12978,7,1,10
12978,5,2,30
12979,9,1,10
12979,30,1,0
12980,38,1,0
12980,59,1,0
12980,56,1,0
12981,14,1,0
12981,9,1,0
12982,6,1,0
12983,17,1,0
12984,43,1,0
12985,46,1,15
12985,60,1,15
12985,36,2,10
12985,15,1,5
12986,45,1,0
12987,16,1,0
12987,21,2,10
12988,6,1,0
12989,5,1,15
12990,50,1,0
12991,44,1,0
12991,57,2,15
12992,10,1,0
12993,35,2,10
12993,2,1,0
12994,3,1,10
12994,45,1,0
12995,19,1,0
12995,60,1,0
12995,49,1,0
12995,26,1,0
12996,36,1,0
12997,49,1,0
12997,40,1,5
12997,56,1,10
12998,36,1,0
12998,37,1,0
12999,21,1,10
12999,30,1,0
13000,28,1,0
13001,9,1,0
13002,42,1,0
13002,11,1,0
13003,60,1,0
13003,37,1,5
13004,21,2,0
13005,17,1,10
13006,44,1,0
13007,30,2,0
13008,27,1,0
13009,5,1,0
13009,8,1,5
13010,2,1,0
13010,49,1,15
13011,16,1,0
13011,25,1,5
13012,38,1,0
13012,53,1,0
13012,52,1,5
13012,45,1,5
13013,15,1,0
13013,52,1,5
13014,13,2,15
13014,32,1,0
13015,38,1,5
13015,15,1,0
13016,37,1,0
13016,1,2,0
13017,59,1,10
13017,51,1,5
13018,42,1,0
13018,33,2,10
13018,32,2,30
13018,47,2,0
13019,41,1,0
13019,45,1,5
13020,22,1,5
13020,57,1,10
13021,48,1,0
13022,43,1,0
13022,31,1,0
13023,7,1,10
13024,52,1,5
13025,59,1,5
13025,42,1,0
13025,10,1,15
13026,35,2,5
13027,47,1,0
13028,26,1,15
13028,34,1,0
13028,38,1,0
13028,49,1,0
13029,1,1,0
13029,47,2,0
13030,36,1,0
13030,33,1,0
13031,27,1,0
13031,14,1,5
13031,8,1,0
13032,39,1,0
13032,59,1,0
13033,63,1,10
13033,59,1,10
13034,25,1,0
13035,3,1,5
13036,26,2,0
13036,32,2,0
13037,4,1,0
13038,19,2,0
13038,60,1,0
13039,58,1,0
13039,32,2,0
13039,22,1,0
13039,23,1,5
13040,49,1,0
13041,57,1,0
13042,28,2,0
13042,46,1,0
13043,56,1,0
13043,35,1,0
13043,9,1,0
13043,21,1,0
13044,59,1,10
13044,33,1,15
13045,61,1,0
13045,59,1,0
13046,37,1,0
13046,31,1,0
13047,13,1,5
13048,24,1,0
13049,53,2,15
13050,49,2,0
13051,18,1,0
13051,34,1,0
13052,35,1,0
13052,17,2,15
13052,5,2,0
13053,36,1,0
13054,5,2,0
13055,64,1,10
13055,22,1,10
13056,35,1,0
13057,17,1,0
13057,29,1,15
13057,15,2,0
13058,12,1,0
13059,38,2,10
13060,17,1,0
13061,9,2,5
13062,39,1,5
13062,42,2,0
13063,61,1,0
13063,32,1,5
13063,26,1,5
13063,62,1,0
13064,18,1,0
13064,41,1,0
13065,59,1,30
13065,19,1,0
13066,13,1,5
13067,29,1,5
13067,53,1,0
13068,34,1,0
13068,58,2,0
13069,29,1,0
13069,4,2,0
13070,62,1,0
13071,9,1,0
13071,54,1,15
13072,55,1,0
13073,10,1,0
13073,59,1,0
13073,2,1,5
13073,44,1,0
13074,26,1,5
13074,55,1,0
13075,63,2,0
13076,35,1,0
13077,24,2,0
13077,36,1,10
13078,2,1,0
13078,60,1,0
13078,18,1,0
13078,14,1,0
13079,32,1,15
13080,44,1,0
13081,29,1,5
13082,44,2,5
13083,60,1,0
13084,28,1,0
13084,9,1,0
13085,31,1,0
13085,34,2,0
13086,22,2,0
13087,57,1,10
13088,24,1,0
13088,40,1,15
13088,9,1,10
13089,46,1,0
13090,9,1,30
13091,33,1,0
13092,52,1,30
13092,5,2,5
13092,63,1,0
13092,34,1,0
13093,52,2,0
13093,63,1,0
13094,28,2,10
13094,62,1,5
13095,34,2,0
13096,39,1,5
13097,27,1,0
13097,16,2,5
13098,22,1,5
13098,60,2,0
13099,63,1,0
13099,64,1,5
13099,56,1,0
13100,24,1,0
13100,37,1,0
13100,45,2,15
13101,49,2,0
13102,30,1,0
13102,47,1,5
13103,26,1,0
13104,59,2,0
13104,64,1,0
13104,54,1,5
13105,36,1,0
13106,14,1,0
13107,47,2,0
13108,18,2,5
13109,32,1,0
13110,61,1,5
13110,27,1,5
13110,7,1,10
13111,33,1,5
13112,17,1,0
13113,32,1,0
13114,8,1,10
13115,60,1,0
13116,61,1,0
13117,36,2,5
13117,15,1,0
13118,50,1,15
13119,36,2,0
13119,48,1,0
13120,17,2,0
13121,47,1,0
13121,49,1,0
13122,38,1,0
13122,53,1,5
13123,51,2,0
13124,17,1,0
13125,20,1,0
13126,34,1,0
13126,11,2,10
13126,21,1,5
13127,51,1,0
13127,43,2,15
13128,15,1,0
13128,33,1,0
13129,64,2,0
13130,38,2,15
13130,2,1,15
13131,37,1,0
13131,14,1,0
13131,16,1,10
13131,34,1,5
13132,53,1,0
13132,22,2,0
13133,23,2,0
13134,33,1,0
13134,49,2,0
13134,19,2,5
13135,23,1,0
13136,43,2,20
13137,64,1,5
13137,14,1,0
13137,45,1,0
13138,32,1,5
13139,29,1,0
13139,41,2,10
13140,40,1,5
13140,32,1,0
13141,16,1,0
13142,3,2,5
13142,27,1,0
13142,33,1,0
13142,2,1,15
13143,24,1,15
13143,60,1,10
13144,50,1,0
13145,58,1,15
13146,26,1,5
13146,56,1,0
13147,11,1,0
13148,19,2,5
13149,52,1,10
13150,53,1,0
13150,33,1,0
13150,3,2,20
13150,64,2,0
13151,41,1,0
13151,14,1,10
13152,33,1,5
13153,57,1,0
13153,16,1,0
13154,43,1,10
13155,24,1,5
13156,46,2,10
13156,45,2,0
13157,27,2,5
13157,52,1,15
13158,11,2,20
13158,46,2,0
13158,9,1,0
13158,34,1,0
13159,52,1,0
13159,18,1,15
13160,3,1,0
13161,12,1,5
13162,19,1,5
13163,36,1,0
13163,34,1,5
13163,26,1,0
13164,14,1,5
13164,54,1,0
13165,57,2,0
13165,5,1,0
13166,17,1,0
13167,13,2,0
13168,21,1,10
13169,52,1,5
13169,24,1,0
13170,32,2,0
13171,20,1,10
13172,38,2,5
13173,7,1,10
13174,29,1,10
13175,53,1,5
13176,62,1,0
13176,54,1,0
13176,25,1,0
13177,36,1,0
13177,14,2,0
13178,47,1,5
13179,3,1,0
13179,32,1,5
13180,40,1,5
13181,28,1,5
13182,50,1,0
13183,25,1,0
13184,55,2,0
13184,9,1,5
13185,37,1,0
13185,10,1,0
13186,25,1,0
13187,20,1,0
13187,34,1,5
13187,4,1,5
13188,37,1,5
13188,44,1,10
13189,38,2,15
13190,42,2,0
13191,5,2,0
13191,23,1,0
13192,62,2,0
13192,40,1,15
13192,6,1,5
13193,32,1,0
13194,24,1,0
13195,21,2,0
13195,57,1,10
13195,8,1,0
13195,34,1,10
13196,34,1,0
13197,49,1,15
13198,31,1,10
13199,24,1,0
13200,14,1,5
13200,41,1,15
13201,47,1,0
13201,41,1,0
13201,49,1,10
13202,53,2,0
13202,42,1,0
13202,33,1,0
13203,46,1,0
13203,51,1,0
13204,58,1,0
13205,30,1,0
13206,42,1,5
13206,24,1,20
13207,4,1,10
13207,12,1,0
13207,7,2,15
13207,30,1,0
13208,57,1,0
13209,11,1,0
13209,1,2,5
13210,30,1,0
13211,44,1,0
13212,54,2,15
13213,28,1,0
13213,49,1,0
13213,59,1,0
13213,9,1,0
13214,51,1,0
13214,5,1,0
13215,57,1,10
13215,32,1,10
13215,9,2,15
13216,32,1,5
13217,23,1,0
13218,51,1,0
13218,52,1,10
13219,56,1,0
13219,64,1,5
13220,2,1,0
13221,54,1,5
13221,33,1,15
13222,37,2,5
13222,62,1,10
13222,27,2,0
13223,37,2,0
13224,15,1,0
13224,18,1,0
13225,58,2,0
13226,49,1,0
13227,21,1,0
13228,22,1,5
13229,50,1,20
13229,36,1,0
13229,34,1,5
13230,58,1,0
13231,44,1,0
13231,25,1,0
13232,3,1,15
13233,14,2,5
13233,41,1,0
13234,27,1,0
13234,55,1,0
13234,34,1,0
13235,7,1,20
13236,55,1,0
13237,21,1,0
13237,12,1,5
13238,52,1,0
13239,1,1,0
13240,26,1,0
13240,28,1,0
13240,11,1,0
13241,7,1,10
13242,41,1,0
13243,14,1,0
13243,55,1,0
13244,1,2,20
13244,56,1,15
13244,26,2,5
13245,43,1,0
13246,52,1,0
13246,61,1,0
13246,30,1,0
13247,60,2,0
13248,17,1,5
13249,26,1,5
13250,30,1,0
13250,22,1,0
13250,5,1,0
13251,1,1,0
13251,20,1,5
13252,12,1,10
13252,36,1,0
13253,61,1,5
13253,29,2,0
13254,20,1,0
13254,55,1,30
13254,13,1,15
13255,50,1,0
13255,7,1,0
13256,57,1,0
13256,42,1,15
13257,53,1,0
13258,40,1,0
13259,21,1,5
13259,3,1,0
13259,15,1,10
13260,34,1,10
13261,41,1,0
13261,20,1,0
13261,9,1,5
13261,16,1,0
13262,17,2,0
13263,32,1,0
13263,27,1,0
13263,17,2,20
13264,43,1,5
13265,33,2,5
13266,38,1,0
13267,27,1,0
13267,47,1,0
13267,1,1,10
13268,22,1,5
13269,56,1,10
13269,11,1,0
13270,7,1,0
13270,38,1,5
13271,6,1,0
13272,60,1,0
13273,61,1,0
13274,4,2,30
13275,41,1,0
13275,27,1,5
13275,64,1,0
13276,59,2,10
13277,10,1,0
13277,20,1,0
13278,49,2,15
13279,64,1,0
13279,35,1,0
13279,51,1,5
13280,63,1,0
13280,25,1,0
13281,61,1,0
13281,36,1,0
13282,9,1,0
13282,43,1,0
13283,11,2,5
13284,49,1,30
13284,51,1,0
13285,59,1,5
13286,11,1,0
13286,17,1,0
13287,30,1,0
13287,52,1,0
13287,50,1,0
13288,2,1,10
13288,51,1,5
13289,6,1,0
13289,23,2,30
13290,52,1,0
13291,17,1,0
13291,21,1,0
13291,25,1,5
13292,35,1,10
13293,11,1,0
13294,12,1,0
13294,58,2,0
13294,8,1,0
13294,40,1,0
13295,55,1,15
13295,31,1,5
13296,31,2,30
13297,64,1,20
13298,23,2,0
13299,26,1,0
13300,10,1,0
13300,18,1,5
13300,55,1,0
13300,45,1,0
13301,40,1,0
13302,13,2,10
13303,31,1,0
13303,56,1,15
13304,60,1,0
13304,53,2,5
13304,7,1,15
13305,50,2,0
13305,17,1,0
13305,4,1,10
13306,1,1,0
13306,63,1,0
13307,51,1,15
13307,56,1,5
13307,36,1,5
13307,55,1,0
13308,10,1,0
13309,3,1,10
13309,35,1,0
13310,24,1,0
13311,1,1,0
13311,44,1,5
13312,1,1,0
13312,36,1,5
13313,56,1,0
13314,59,1,0
13315,27,1,10
13316,50,1,0
13317,60,1,5
13317,53,1,20
13317,23,1,0
13317,15,1,0
13318,61,1,0
13318,42,1,0
13319,16,1,0
13320,56,1,0
13321,58,2,0
13321,48,1,0
13321,22,1,0
13322,23,2,5
13323,64,1,10
13324,23,1,0
13325,2,1,10
13325,30,1,0
13326,58,1,0
13327,13,1,5
13327,11,1,0
13328,32,1,0
13328,23,1,0
13328,4,1,20
13328,27,2,10
13329,61,2,5
13329,56,2,0
13329,5,1,0
13330,39,1,0
13330,6,1,0
13331,63,1,0
13331,36,2,0
13332,19,2,5
13333,4,1,5
13333,19,1,0
13334,43,2,10
13334,12,1,0
13335,57,1,15
13336,6,1,10
13337,20,1,10
13338,60,1,0
13339,54,1,0
13340,61,1,0
13340,32,1,15
13341,13,1,0
13341,37,1,0
13342,35,2,0
13343,62,2,20
13344,33,1,0
13345,3,1,5
13345,51,1,20
13345,42,1,0
13345,45,1,0
13346,62,1,20
13347,63,1,10
13347,49,1,5
13348,7,1,0
13348,52,1,0
13349,36,1,0
13349,52,1,0
13349,29,1,0
13350,60,1,0
13351,46,1,0
13352,63,1,0
13353,64,1,0
13354,56,2,0
13355,64,1,0
13356,15,1,5
13357,1,1,0
13357,17,1,20
13358,1,1,20
13358,12,1,0
13359,55,1,0
13359,54,2,20
13359,8,1,0
13360,6,1,15
13361,28,2,5
13362,53,1,0
13362,33,1,0
13362,42,1,10
13362,32,1,0
13363,21,1,0
13363,26,1,0
13363,4,1,5
13363,23,1,10
13364,5,1,5
13365,58,1,0
13366,63,1,0
13366,23,1,15
13367,44,1,30
13367,48,1,10
13367,53,2,0
13368,15,1,0
13368,44,1,0
13369,32,1,20
13370,19,2,0
13371,27,1,5
13371,35,1,0
13372,9,2,15
13373,61,1,5
13373,1,2,5
13374,62,1,0
13375,46,2,10
13376,39,1,0
13376,2,1,0
13377,41,1,0
13378,4,1,0
13378,25,1,0
13379,52,1,0
13380,11,1,0
13380,1,1,0
13381,9,1,0
13382,32,1,10
13383,38,1,0
13383,29,1,0
13383,28,1,0
13384,14,1,0
13384,59,1,10
13385,28,1,0
13386,37,1,5
13387,17,1,30
13388,16,1,0
13389,52,1,5
13389,47,1,0
13390,34,1,0
13390,54,1,0
13391,45,1,0
13392,43,2,10
13393,9,2,0
13394,28,1,0
13395,35,1,0
13396,19,1,5
13397,21,1,0
13398,42,1,5
13399,25,1,0
13400,41,1,0
13401,45,2,5
13402,44,2,0
13403,7,2,5
13403,41,1,0
13403,43,1,0
13404,36,1,5
13405,50,1,0
13405,56,1,0
13406,10,1,0
13407,22,2,20
13408,23,1,0
13409,10,1,5
13409,62,1,0
13409,58,1,5
13410,27,1,0
13410,4,1,0
13411,27,1,0
13412,46,1,0
13413,45,1,0
13413,36,1,10
13413,31,1,15
13414,10,1,10
13415,40,1,0
13416,47,1,10
13416,49,1,0
13417,16,1,0
13417,42,1,20
13418,52,2,15
13419,26,2,5
13420,33,1,0
13420,45,1,0
13421,24,1,5
13421,64,1,0
13421,42,2,5
13422,28,1,15
13423,46,1,10
13423,5,1,0
13424,13,1,0
13425,24,1,0
13425,30,1,0
13425,58,1,0
13426,38,1,0
13426,27,2,5
13426,48,1,0
13427,11,1,10
13428,26,1,5
13428,3,1,0
13429,52,1,0
13429,29,2,0
13430,63,1,0
13430,44,1,0
13431,44,1,0
13432,37,1,5
13433,38,1,0
13433,23,2,10
13433,28,2,0
13434,48,1,0
13435,40,1,0
13436,61,1,5
13437,15,1,10
13438,58,1,20
13439,29,1,0
13439,14,2,5
13440,14,1,20
13440,42,2,20
13441,59,2,0
13441,50,1,0
13441,51,1,5
13442,23,1,0
13443,63,1,0
13444,34,1,10
13445,19,1,20
13446,21,1,10
13447,49,1,0
13447,14,1,0
13447,9,1,5
13447,36,1,0
13448,23,1,0
13448,3,1,0
13448,30,1,0
13448,48,1,0
13449,27,1,0
13449,57,1,0
13449,14,1,0
13450,11,1,0
13451,44,1,5
13452,36,1,5
13452,35,1,5
13453,20,1,0
13453,64,1,5
13453,13,1,0
13453,43,1,0
13454,1,1,0
13454,59,1,5
13455,34,1,0
13456,46,1,0
13456,38,1,0
13457,27,1,5
13458,8,1,5
13459,46,1,0
13459,51,1,0
13460,32,1,0
13461,10,2,10
13462,8,1,0
13463,32,2,0
13463,10,1,5
13464,46,1,0
13464,4,1,30
13464,36,1,0
13464,59,1,0
13465,23,2,0
13465,31,1,0
13466,27,2,10
13467,2,1,30
13467,60,2,15
13468,21,1,15
13468,26,1,0
13469,5,2,0
13470,18,1,0
13471,46,1,0
13471,1,1,5
13472,64,1,0
13472,41,1,0
13473,4,1,0
13474,5,1,0
13474,49,1,0
13475,15,1,0
13475,45,1,0
13475,6,2,0
13476,55,2,15
13477,46,2,5
13478,24,1,0
13478,40,2,20
13479,49,1,10
13480,23,1,0
13480,29,1,15
13481,57,1,0
13482,59,1,0
13483,34,2,0
13484,36,1,0
13485,64,1,0
13486,21,1,0
13486,6,1,0
13487,21,1,30
13488,23,1,10
13488,24,1,0
13489,37,1,0
13489,21,1,0
13489,39,1,0
13490,29,2,0
13491,58,1,0
13492,31,2,0
13492,1,1,5
13493,12,1,5
13493,29,1,0
13493,47,1,0
13493,21,1,10
13494,52,1,5
13495,46,1,10
13496,4,1,0
13497,26,1,15
13498,60,2,0
13499,19,1,0
13500,63,1,5
13501,15,2,0
13502,22,1,10
13503,40,1,0
13504,39,1,0
13505,56,2,0
13505,10,1,5
13505,5,2,10
13506,9,1,5
13506,47,1,0
13507,37,1,0
13507,33,1,0
13508,11,2,0
13509,40,2,5
13510,47,1,0
13511,6,1,5
13512,64,1,15
13513,63,2,0
13514,64,1,0
13515,22,1,0
13515,28,1,0
13516,20,1,5
13516,30,1,5
13517,33,1,0
13517,29,2,0
13517,58,1,0
13518,37,1,0
13519,48,2,0
13520,49,1,5
13520,43,1,0
13521,61,1,0
13522,46,1,10
13523,62,1,0
13523,3,1,10
13523,50,1,5
13524,37,1,15
13525,48,1,0
13526,15,1,0
13527,12,1,0
13528,42,1,0
13529,1,1,5
13530,19,1,0
13530,15,1,0
13530,44,1,5
13530,9,2,0
13531,8,1,0
13532,8,1,5
13533,32,1,0
13534,60,1,5
13534,4,1,5
13534,10,1,15
13534,12,1,0
13535,43,1,0
13536,12,1,0
13536,29,1,0
13537,24,2,0
13537,11,1,20
13538,39,1,0
13538,3,1,0
13538,50,1,0
13539,10,2,30
13540,47,1,5
13541,45,1,0
13542,63,1,5
13543,32,1,0
13543,43,1,0
13544,19,1,0
13545,51,1,0
13545,18,1,0
13546,20,1,0
13547,16,1,10
13547,25,1,0
13548,13,1,5
13548,34,1,0
13549,40,1,15
13549,46,1,5
13550,36,1,0
13550,11,1,15
13550,51,1,5
13551,46,1,5
13551,45,1,5
13552,62,2,5
13552,64,1,0
13553,11,1,0
13553,27,1,15
13554,58,1,0
13555,41,1,0
13555,33,1,15
13555,19,1,15
13556,23,1,0
13557,46,2,10
13558,41,1,5
13558,2,1,0
13558,8,1,5
13559,8,2,0
13560,38,1,5
13561,32,1,5
13562,38,1,15
13563,9,1,5
13564,61,1,10
13564,38,1,0
13564,59,1,0
13564,6,1,0
13565,45,1,5
13565,59,1,5
13565,27,1,0
13566,28,1,0
13566,27,1,0
13567,40,2,5
13568,29,1,10
13569,45,1,5
13570,22,1,0
13570,40,1,5
13570,16,1,5
13571,14,1,5
13571,45,1,0
13572,61,2,5
13573,64,1,0
13574,26,1,0
13574,29,2,10
13575,53,1,0
13575,46,1,5
13575,51,1,5
13576,27,1,0
13577,56,1,0
13577,1,2,20
13578,45,1,5
13578,39,2,0
13578,18,1,0
13579,37,1,0
13579,38,2,0
13580,9,2,0
13580,18,2,0
13581,40,1,0
13581,30,1,5
13582,10,1,0
13582,61,2,5
13583,49,1,0
13583,5,1,0
13583,39,2,5
13584,54,1,0
13584,44,2,5
13584,36,1,0
13585,5,1,0
13585,47,1,0
13586,55,1,0
13587,11,1,0
13587,51,1,0
13587,62,1,0
13587,63,1,5
13588,8,1,0
13588,63,1,0
13589,45,1,0
13590,64,1,5
13590,42,1,10
13591,28,1,0
13592,17,1,20
13592,6,1,0
13593,21,1,0
13594,28,1,5
13594,50,1,0
13595,30,1,0
13596,34,1,10
13597,10,1,0
13598,58,1,0
13598,8,1,5
13599,51,1,5
13599,7,1,0
13599,13,2,5
13599,16,2,20
13600,44,1,0
13601,21,1,0
13602,50,1,0
13603,30,1,0
13603,17,1,0
13603,21,2,0
13604,52,1,0
13604,16,1,5
13605,63,1,0
13605,12,2,15
13606,58,2,30
13606,22,1,5
13606,55,1,0
13606,61,1,0
13607,23,1,5
13607,36,1,20
13608,7,1,10
13608,37,1,0
13609,64,1,0
13609,25,1,0
13609,31,1,0
13610,61,1,0
13610,48,1,10
13610,21,1,10
13610,9,1,0
13611,16,1,15
13612,5,1,0
13612,31,1,0
13613,48,1,0
13613,12,1,0
13613,42,1,15
13613,26,1,5
13614,27,1,0
13615,2,2,10
13615,39,1,0
13616,12,2,15
13616,14,2,15
13617,9,1,0
13617,10,1,15
13617,15,1,0
13618,4,1,0
13618,17,1,0
13618,51,1,0
13619,19,1,0
13619,64,1,10
13620,5,1,15
13621,39,1,10
13622,12,1,0
13622,32,2,0
13623,10,1,15
13623,51,1,15
13624,44,2,0
13625,18,1,0
13625,26,2,15
13625,56,1,10
13626,6,1,0
13627,14,1,0
13628,33,1,0
13628,41,1,15
13629,50,1,5
13629,31,1,0
13629,36,2,5
13630,46,1,0
13631,53,1,5
13632,44,1,0
13633,30,1,5
13633,37,1,0
13633,15,1,0
13633,28,2,0
13634,43,1,0
13635,17,1,10
13635,61,1,0
13636,32,1,20
13636,59,1,5
13636,13,2,0
13636,38,2,15
13637,22,1,0
13638,13,1,0
13638,59,1,0
13638,54,1,15
13639,31,2,10
13640,27,1,0
13641,64,1,0
13641,12,1,0
13642,3,1,5
13643,59,2,10
13644,9,1,0
13644,31,1,5
13645,10,1,0
13646,57,1,5
13646,7,1,5
13647,49,1,10
13647,31,1,5
13648,6,1,0
13649,10,1,0
13649,58,1,0
13650,31,1,5
13651,62,1,0
13652,46,1,0
13652,42,1,0
13652,36,1,10
13653,12,1,0
13654,46,1,0
13655,43,2,10
13655,11,1,0
13655,33,1,0
13655,18,1,0
13656,21,1,0
13656,42,1,0
13657,51,1,0
13657,15,1,5
13658,57,1,10
13658,42,1,0
13658,50,1,0
13658,28,1,0
13659,29,1,15
13659,4,1,0
13660,12,1,0
13661,48,1,5
13662,52,1,0
13662,29,2,20
13663,40,2,0
13663,14,1,0
13663,5,1,0
13664,16,2,15
13664,24,2,15
13665,38,1,10
13665,28,1,0
13666,23,1,0
13667,61,1,0
13668,14,1,5
13669,58,1,0
13669,37,1,0
13670,37,1,5
13671,24,2,0
13672,52,1,20
13672,41,2,0
13673,61,1,10
13674,39,1,0
13674,42,1,0
13675,28,1,0
13676,40,1,0
13677,11,2,15
13677,55,1,10
13678,59,1,10
13679,28,1,5
13679,38,1,5
13679,18,1,0
13680,43,1,0
13680,53,1,0
13680,45,1,0
13681,15,2,0
13681,55,1,5
13681,8,1,10
13682,62,1,5
13682,22,1,0
13682,61,1,0
13683,55,1,0
13683,16,1,5
13683,13,2,15
13683,51,1,0
13684,47,1,0
13685,4,1,5
13685,57,1,0
13686,29,1,15
13687,7,1,0
13688,41,1,10
13688,58,1,5
13689,4,1,5
13690,23,1,0
13690,53,1,5
13690,56,1,0
13691,24,1,0
13691,29,1,0
13691,4,1,0
13691,26,2,0
13692,60,1,0
13692,24,2,15
13693,40,2,5
13694,24,2,0
13694,64,1,0
13695,32,2,0
13695,10,1,5
13696,40,2,5
13697,51,1,0
13698,29,1,0
13699,20,1,0
13700,1,1,5
13700,58,1,5
13701,23,1,0
13702,8,2,5
13703,35,2,0
13703,14,1,5
13703,24,2,0
13703,42,1,5
13704,55,1,0
13704,9,2,5
13704,58,1,5
13705,21,1,0
13706,31,1,0
13706,43,1,0
13707,4,1,0
13707,11,1,20
13707,54,1,0
13708,1,2,0
13708,18,2,5
13709,63,1,0
13710,62,1,15
13711,26,1,0
13712,58,2,10
13712,22,1,0
13713,14,1,0
13714,17,1,5
13714,12,2,0
13715,19,1,0
13715,59,2,5
13716,24,1,0
13717,8,1,15
13718,38,1,0
13719,43,2,0
13720,60,1,5
13721,34,1,5
13721,17,1,15
13721,2,1,5
13722,14,1,15
13722,22,2,0
13723,3,1,0
13723,58,1,0
13723,42,1,0
13724,13,1,0
13725,20,2,10
13725,45,1,5
13726,14,1,0
13726,29,1,0
13726,33,1,0
13727,14,1,5
13727,12,1,0
13727,52,1,0
13728,2,1,10
13729,47,1,0
13730,52,1,0
13731,1,1,0
13732,36,2,5
13733,49,1,5
13733,17,1,5
13734,21,1,0
13735,10,1,0
13736,42,1,20
13736,9,1,5
13737,51,2,10
13737,18,1,0
13738,60,1,10
13738,24,1,5
13739,14,1,0
13740,1,2,10
13741,62,1,5
13741,58,2,5
13741,40,1,0
13742,62,1,0
13742,52,1,0
13742,12,1,0
13743,20,2,0
13744,30,2,5
13745,12,1,0
13746,15,1,5
13747,20,1,0
13748,46,1,0
13748,4,1,5
13749,50,1,15
13749,27,1,0
13750,51,1,0
13751,38,1,5
13751,37,2,5
13752,59,1,10
13753,22,1,0
13754,39,1,5
13755,62,1,0
13755,51,2,15
13755,7,1,15
13756,24,1,15
13756,50,2,10
13757,24,2,10
13758,34,1,0
13759,5,1,30
13759,48,1,0
13759,59,1,5
13760,61,1,0
13761,51,2,0
13762,6,1,0
13763,50,1,5
13764,40,1,0
13765,37,1,0
13766,31,2,5
13766,27,1,0
13767,56,1,5
13767,40,1,0
13767,29,1,0
13767,28,1,10
13768,28,1,10
13768,3,1,5
13769,42,1,0
13770,15,1,10
13770,7,1,10
13771,35,1,0
13771,43,2,0
13771,14,1,0
13771,52,1,0
13772,59,2,0
13773,64,1,0
13773,22,1,0
13774,57,1,0
13775,32,1,0
13775,44,1,5
13776,12,1,0
13776,24,1,0
13777,59,2,0
13778,46,2,0
13779,62,2,30
13779,35,1,0
13779,64,1,0
13779,48,1,0
13780,47,1,5
13781,38,1,0
13781,24,1,15
13781,11,1,0
13782,21,1,20
13782,32,1,0
13783,42,1,0
13783,32,2,0
13783,19,1,0
13783,30,1,0
13784,46,1,0
13785,31,1,0
13785,21,1,0
13785,5,1,20
13786,20,1,0
13787,34,1,5
13787,17,1,5
13788,46,1,0
13788,5,1,0
13788,21,1,0
13789,37,2,20
13789,36,1,5
13790,40,1,0
13791,37,1,5
13791,56,1,0
13792,43,1,0
13793,23,1,10
13794,29,1,0
13794,39,1,0
13794,19,1,30
13794,59,1,5
13795,61,1,0
13795,33,1,0
13795,4,1,0
13796,10,1,5
13796,42,2,0
13797,56,1,0
13797,41,1,5
13798,1,1,30
13799,35,2,0
13799,25,1,0
13800,14,1,0
13800,32,1,0
13800,58,1,0
13801,4,2,30
13801,23,1,0
13802,31,2,0
13802,41,1,0
13802,30,1,5
13802,49,1,0
13803,62,1,20
13803,47,1,15
13803,63,1,0
13804,28,1,0
13804,58,1,10
13805,7,1,5
13805,56,1,0
13806,19,1,5
13806,9,1,30
13807,15,1,0
13808,24,1,0
13809,42,1,0
13810,57,1,0
13810,50,1,10
13810,19,2,20
13811,23,2,0
13811,64,1,0
13811,19,1,0
13812,44,1,0
13813,3,1,0
13814,38,2,0
13814,53,2,5
13815,14,2,0
13816,29,1,0
13817,22,1,20
13817,47,1,0
13818,64,1,0
13819,19,2,10
13820,26,1,0
13821,24,1,5
13821,11,1,0
13822,26,1,10
13823,16,1,0
13823,31,1,0
13823,18,2,0
13824,23,1,0
13824,16,2,5
13825,26,1,0
13826,38,2,10
13826,11,1,0
13827,41,1,0
13828,22,1,10
13829,5,1,0
13830,47,1,0
13830,46,1,0
13830,15,1,0
13831,59,2,0
13832,32,1,0
13832,19,1,10
13833,21,1,0
13834,32,2,30
13835,49,1,15
13836,17,1,5
13836,4,1,0
13837,20,1,0
13837,44,1,0
13837,14,1,5
13838,47,1,5
13839,58,1,0
13840,47,1,0
13840,64,1,0
13841,9,2,0
13842,25,1,10
13843,1,1,0
13843,26,2,10
13844,54,2,15
13845,6,1,0
13846,27,1,0
13846,57,1,0
13847,3,1,5
13847,61,1,0
13847,33,1,5
13848,47,1,0
13849,26,1,0
13850,10,1,0
13850,24,1,5
13851,8,1,0
13851,9,1,15
13852,46,1,10
13853,55,1,15
13853,35,1,15
13854,28,1,10
13855,64,1,5
13855,46,1,30
13856,59,1,0
13856,64,2,20
13857,47,1,0
13857,62,1,0
13857,31,1,5
13858,49,1,15
13858,26,1,15
13858,58,1,0
13858,8,1,0
13859,45,1,0
13860,14,1,0
13861,49,1,0
13862,4,1,5
13862,31,1,0
13862,27,1,0
13863,53,1,5
13864,24,1,0
13865,32,1,5
13866,12,2,15
13866,7,1,5
13867,41,1,0
13867,37,2,0
13868,55,1,0
13869,12,1,10
13870,1,2,0
13870,52,1,5
13871,4,1,10
13872,57,1,5
13872,47,1,0
13873,27,1,5
13874,38,1,0
13875,5,1,0
13876,58,1,10
13876,14,1,0
13877,59,1,0
13878,51,1,0
13878,53,1,0
13878,16,1,0
13878,50,2,5
13879,35,1,5
13879,18,1,0
13879,63,1,5
13879,50,1,0
13880,1,1,5
13881,10,2,15
13882,14,2,0
13883,11,1,5
13883,25,2,0
13884,38,1,0
13885,33,1,5
13886,29,1,0
13886,5,1,0
13887,10,2,10
13887,54,1,5
13888,11,1,0
13889,55,1,0
13889,22,1,0
13890,38,1,5
13891,62,1,0
13891,26,1,0
13892,54,1,15
13893,32,1,10
13893,31,1,0
13893,12,1,0
13894,62,1,0
13894,31,1,0
13895,39,1,0
13895,6,1,10
13896,3,1,5
13897,16,1,0
13897,61,1,0
13897,49,1,5
13898,41,1,0
13899,23,2,0
13899,24,1,0
13900,21,1,0
13901,21,1,0
13902,26,1,5
13903,18,1,0
13903,33,1,5
13904,36,1,5
13904,37,1,5
13905,7,2,15
13905,39,1,0
13906,34,1,0
13907,43,1,5
13908,16,1,0
13909,22,1,0
13910,4,2,0
13910,43,1,0
13910,30,1,0
13911,52,1,0
13912,46,2,0
13913,43,1,0
13913,9,1,0
13913,41,1,0
13914,34,1,0
13914,21,1,15
13914,27,1,0
13915,47,1,0
13915,55,1,0
13915,14,1,0
13916,30,1,5
13916,61,1,5
13916,52,2,20
13916,24,1,0
13917,40,2,0
13917,41,1,10
13917,58,2,10
13917,19,2,5
13918,47,2,0
13919,41,2,0
13919,5,2,15
13919,58,1,10
13919,57,1,0
13920,51,1,10
13920,20,1,20
13921,5,2,0
13922,48,1,0
13923,54,1,30
13924,12,1,0
13924,58,2,0
13925,36,1,0
13926,34,1,5
13927,51,2,0
13927,21,1,0
13927,34,1,0
13928,57,1,0
13929,45,1,0
13929,13,1,0
13929,27,1,0
13929,32,1,5
13930,35,2,5
13930,38,1,5
13931,27,1,10
13931,60,2,0
13931,32,1,0
13931,11,1,0
13932,19,1,0
13933,5,2,15
13934,32,2,0
13935,58,1,0
13936,7,1,5
13937,6,2,0
13938,13,1,5
13938,6,1,0
13938,32,1,0
13939,36,1,0
13940,28,1,5
13941,29,1,10
13941,44,1,0
13942,44,1,0
13943,47,2,0
13944,11,1,15
13945,57,1,0
13946,51,1,0
13946,37,1,0
13947,10,1,0
13948,17,1,5
13948,37,1,0
13949,34,1,0
13949,38,1,15
13949,16,1,0
13950,50,1,10
13951,3,1,0
13951,2,2,10
13951,45,1,0
13951,42,1,5
13952,5,1,5
13953,48,1,0
13953,13,1,5
13954,8,1,5
13955,1,2,0
13955,50,1,5
13955,44,1,0
13956,60,1,5
13956,26,1,0
13957,29,2,0
13958,3,2,5
13959,59,1,5
13959,51,2,10
13959,11,1,0
13959,56,1,0
13960,35,1,5
13961,6,1,20
13962,43,1,0
13963,17,2,0
13964,10,1,20
13965,18,1,0
13966,8,1,5
13967,27,1,0
13967,4,1,0
13968,19,1,5
13968,32,2,0
13969,59,1,0
13969,44,1,0
13970,56,1,5
13971,26,2,0
13972,41,1,5
13972,26,1,0
13973,32,1,5
13974,16,1,0
13974,15,1,0
13974,39,1,5
13975,49,1,0
13975,35,1,5
13976,64,1,0
13976,50,2,0
13976,37,1,0
13976,60,1,10
13977,21,1,0
13978,49,1,0
13979,43,1,0
13979,45,1,0
13979,57,1,5
13980,7,1,5
13981,15,1,0
13981,54,2,0
13981,29,1,5
13982,33,1,0
13983,19,1,5
13983,12,1,30
13983,59,1,0
13984,4,2,20
13984,8,1,0
13985,24,1,0
13986,18,1,0
13987,6,1,20
13987,53,1,0
13988,37,2,0
13988,28,2,0
13989,22,1,0
13989,45,1,0
13990,31,1,0
13990,45,1,5
13991,39,2,10
13991,23,2,15
13992,48,1,5
13993,32,2,5
13993,26,1,0
13993,42,1,0
13993,20,1,5
13994,27,1,5
13995,9,2,10
13995,41,1,0
13996,51,2,0
13997,25,1,5
13998,49,1,5
13999,36,1,0
14000,19,1,0
14000,35,1,0
14001,31,1,0
14002,61,1,5
14003,28,1,0
14003,27,1,0
14003,51,1,0
14004,29,1,10
14005,62,1,0
14005,45,1,0
14006,51,1,15
14006,9,1,0
14007,26,1,0
14007,46,2,5
14008,43,1,0
14009,37,1,15
14010,40,1,0
14010,43,2,5
14010,23,1,15
14011,32,1,10
14011,56,1,0
14012,32,2,20
14012,37,1,5
14013,57,1,5
14014,33,1,0
14015,7,1,10
14015,47,1,5
14015,11,1,10
14015,32,2,5
14016,49,1,5
14017,28,1,0
14018,22,1,0
14019,23,1,0
14020,19,1,0
14020,44,2,0
14020,62,1,5
14020,53,1,0
14021,18,1,5
14021,44,2,5
14022,42,1,0
14023,9,1,0
14024,26,2,0
14025,49,1,0
14025,37,1,10
14025,61,1,0
14026,7,1,0
14026,41,1,0
14027,47,1,0
14028,59,1,0
14029,5,1,5
14029,17,1,5
14030,25,1,0
14030,15,1,5
14031,1,1,0
14031,36,1,0
14031,24,2,5
14031,38,2,0
14032,22,1,0
14032,41,1,0
14033,40,1,0
14033,50,1,5
14034,48,1,0
14035,58,1,0
14036,34,2,10
14036,6,2,15
14036,48,2,20
14036,33,1,0
14037,13,1,15
14037,3,1,15
14037,29,1,0
14038,58,1,0
14038,26,1,0
14038,12,1,10
14038,51,1,5
14039,61,1,0
14040,19,1,0
14041,23,1,0
14042,58,1,5
14043,47,2,10
14044,13,1,5
14045,30,1,0
14045,55,1,0
14046,23,1,0
14046,64,1,0
14047,12,1,5
14048,51,1,0
14048,20,1,0
14049,5,1,0
14049,60,1,5
14049,13,1,0
14049,18,1,5
14050,19,1,0
14050,48,1,20
14050,23,1,0
14051,39,1,5
14052,17,2,20
14052,33,1,0
14052,38,2,0
14053,40,1,0
14053,24,1,0
14054,28,1,0
14054,9,1,0
14054,19,1,0
14055,43,2,0
14056,46,1,0
14056,56,1,0
14056,58,1,10
14057,10,1,0
14057,6,2,15
14057,3,1,0
14058,13,1,0
14059,2,1,0
14059,14,1,0
14059,37,1,0
14060,51,1,10
14061,35,1,15
14061,13,1,0
14062,40,1,10
14063,30,1,0
14064,5,1,30
14065,50,1,0
14065,6,1,0
14066,26,1,0
14066,20,1,0
14067,62,1,0
14067,63,1,0
14067,45,1,0
14068,60,1,0
14068,6,1,0
14069,55,1,15
14069,35,1,0
14070,19,1,10
14070,60,1,5
14071,1,1,0
14071,53,1,20
14072,64,1,0
14073,53,1,0
14073,6,1,5
14074,6,2,0
14075,60,1,10
14076,37,2,0
14077,54,1,0
14078,42,1,5
14079,25,1,5
14080,62,1,0
14081,12,1,20
14081,33,2,5
14082,34,2,5
14083,44,1,5
14083,41,1,5
14083,54,1,10
14084,55,2,0
14084,31,2,0
14084,40,1,0
14085,55,1,0
14086,1,1,0
14087,49,2,0
14088,46,1,10
14089,54,1,5
14089,5,1,0
14090,26,2,10
14090,18,1,10
14090,10,1,5
14090,11,1,0
14091,24,1,0
14092,26,1,5
14093,29,1,5
14093,50,1,15
14094,31,1,0
14095,62,1,0
14096,24,1,10
14097,12,2,5
14097,2,1,15
14097,57,1,0
14098,46,1,10
14098,50,1,0
14099,32,1,0
14099,10,1,5
14099,54,1,10
14100,23,1,10
14100,18,1,5
14100,59,2,0
14101,39,1,0
14101,24,1,0
14102,64,1,0
14102,62,2,5
14103,60,1,5
14104,36,2,5
14105,59,1,0
14105,63,1,0
14106,9,2,5
14106,31,1,0
14107,38,1,10
14107,52,1,10
14108,9,1,5
14108,8,1,5
14109,29,1,10
14109,36,2,0
14110,51,1,0
14111,24,1,5
14111,12,2,5
14112,32,1,0
14113,10,2,0
14114,27,1,5
14114,13,2,15
14114,1,1,0
14115,25,2,30
14115,27,1,5
14116,45,2,20
14116,14,1,10
14117,54,1,5
14117,39,1,0
14117,51,1,10
14118,53,2,0
14118,3,2,15
14119,7,1,5
14119,34,2,0
14120,16,1,0
14120,42,1,0
14121,49,1,5
14122,17,1,5
14123,18,1,5
14123,39,1,5
14124,53,1,5
14124,37,1,0
14125,46,1,0
14126,59,2,0
14126,42,1,0
14126,6,1,5
14127,47,1,0
14128,9,1,15
14129,61,1,10
14129,39,1,0
14130,17,1,0
14130,45,1,5
14130,64,1,0
14130,26,1,10
14131,8,1,0
14132,64,1,0
14132,56,2,15
14132,2,2,0
14132,4,1,0
14133,60,1,5
14134,58,2,20
14135,49,1,0
14135,21,1,0
14135,58,1,15
14136,15,2,0
14136,45,1,15
14137,47,1,0
14137,3,1,10
14138,59,2,0
14138,2,1,5
14139,22,2,10
14140,6,1,0
14141,34,1,0
14141,17,1,5
14141,9,1,0
14142,53,1,5
14143,60,2,0
14144,62,1,5
14145,56,1,5
14146,48,2,5
14146,63,2,0
14147,32,2,0
14148,61,1,0
14148,49,1,0
14148,28,1,5
14148,52,2,15
14149,42,1,0
14149,43,1,0
14150,30,1,5
14150,53,2,30
14151,48,1,0
14151,31,1,0
14152,51,2,0
14152,4,1,0
14153,11,1,0
14153,36,1,0
14153,58,2,0
14154,46,1,0
14154,62,1,10
14155,16,2,5
14156,51,1,0
14157,24,1,5
14158,6,1,0
14158,40,1,0
14159,23,1,0
14160,20,1,0
14161,30,1,0
14161,29,1,0
14162,33,1,0
14163,18,2,5
14164,56,1,5
14164,30,1,0
14165,62,1,30
14165,34,1,0
14166,61,1,0
14167,8,1,0
14167,56,1,0
14168,49,1,15
14169,47,1,0
14169,30,1,0
14170,55,1,10
14170,31,1,5
14171,58,2,5
14172,28,1,0
14173,17,1,10
14174,11,1,0
14175,9,1,20
14175,21,1,0
14176,43,1,0
14177,6,2,10
14177,46,1,0
14177,20,1,15
14178,58,1,0
14178,60,1,5
14178,35,2,20
14179,3,1,0
14180,2,1,0
14181,52,1,0
14182,14,1,5
14182,4,1,5
14182,7,1,5
14183,64,2,0
14183,41,1,5
14183,40,2,5
14184,58,1,0
14184,43,2,15
14185,31,1,0
14186,43,1,10
14186,31,1,5
14186,40,2,10
14187,55,2,0
14188,27,1,0
14188,21,1,0
14189,58,1,15
14189,56,1,15
14189,30,1,10
14190,47,1,0
14191,32,1,5
14192,33,1,5
14193,3,1,0
14193,62,1,0
14193,42,1,0
14194,57,1,0
14195,13,1,5
14196,19,1,0
14197,16,1,5
14198,59,1,5
14198,20,1,0
14198,58,1,0
14199,7,1,0
14200,21,1,0
14200,34,1,0
14201,63,1,0
14202,7,2,5
14202,1,1,0
14202,4,2,0
14203,6,1,0
14204,49,2,0
14205,53,1,0
14205,54,1,5
14206,50,1,15
14207,26,1,0
14207,64,1,5
14207,28,1,0
14208,33,1,5
14208,4,1,10
14208,32,1,0
14208,22,1,5
14209,20,2,0
14209,6,2,15
14210,54,1,10
14210,13,1,0
14210,28,1,0
14210,55,1,0
14211,8,1,20
14211,16,1,0
14212,35,1,15
14212,60,1,15
14212,9,1,0
14213,48,1,0
14214,6,1,0
14214,45,1,10
14215,3,1,0
14215,45,1,5
14215,2,1,0
14216,46,1,0
14217,4,1,0
14217,42,2,0
14217,1,1,10
14218,17,1,0
14219,5,1,0
14219,38,1,15
14219,59,1,0
14220,10,1,0
14220,32,1,0
14221,39,2,0
14221,53,1,0
14222,4,1,0
14223,46,1,5
14223,7,1,0
14224,8,1,0
14225,35,1,0
14226,36,2,0
14227,53,1,0
14228,12,1,0
14229,13,1,0
14229,9,2,5
14229,17,1,0
14230,11,2,5
14231,25,1,0
14231,51,2,10
14232,13,1,0
14233,35,1,0
14233,52,1,5
14234,12,1,15
14234,17,2,5
14235,63,1,0
14236,30,1,5
14237,29,1,5
14238,64,1,10
14239,12,1,0
14240,52,1,0
14240,18,1,5
14241,26,1,5
14242,25,1,0
14242,62,1,0
14242,34,1,0
14243,41,2,5
14244,18,2,10
14245,61,1,5
14246,36,1,10
14246,21,1,0
14246,1,1,0
14247,50,1,0
14247,30,1,0
14248,16,1,0
14249,52,1,0
14249,36,1,0
14250,7,1,5
14251,63,2,5
14251,52,2,0
14252,13,1,0
14253,46,2,10
14253,61,1,0
14254,44,1,0
14254,52,1,5
14254,1,2,0
14255,49,2,0
14255,43,2,5
14256,27,1,5
14257,59,1,0
14257,49,2,0
14258,23,1,0
14259,4,1,5
14260,15,1,5
14260,42,2,15
14261,50,1,0
14262,19,2,5
14262,63,1,0
14263,21,1,10
14263,64,1,0
14263,57,1,0
14264,44,2,0
14264,13,1,5
14264,59,2,10
14265,8,1,0
14265,12,1,20
14265,32,2,0
14265,28,1,0
14266,13,2,0
14266,15,1,5
14267,51,1,15
14267,1,1,30
14268,30,1,15
14268,48,1,0
14269,2,1,0
14269,41,2,30
14270,25,1,0
14270,26,1,5
14270,40,1,20
14271,8,1,5
14271,7,1,10
14272,49,1,5
14272,53,1,0
14273,48,1,30
14274,63,2,15
14275,38,1,5
14275,63,1,0
14276,1,1,10
14277,42,2,0
14277,51,1,10
14277,48,1,5
14277,4,1,0
14278,10,2,10
14279,52,1,0
14280,40,1,0
14281,55,1,0
14282,23,1,0
14282,18,1,15
14282,51,2,0
14283,22,1,0
14284,37,1,0
14284,26,1,0
14284,38,1,0
14285,44,1,0
14285,21,1,0
14286,42,2,0
14286,27,1,0
14287,6,2,5
14288,20,1,0
14288,64,2,0
14288,3,1,10
14289,27,1,15
14290,44,1,0
14291,30,2,0
14292,55,1,0
14293,37,1,5
14294,52,1,0
14294,53,1,0
14295,14,1,5
14295,21,1,5
14296,6,1,5
14296,1,1,10
14297,39,2,0
14297,54,1,0
14298,10,1,0
14299,30,2,20
14300,34,1,0
14301,42,2,0
14301,51,1,0
14301,36,1,5
14302,14,1,20
14303,31,2,10
14303,42,1,5
14304,52,1,5
14304,26,2,5
14304,40,1,0
14305,27,2,10
14306,33,2,5
14307,15,1,15
14308,30,2,0
14308,56,1,5
14308,61,1,0
14309,24,1,0
14310,36,1,0
14310,55,1,0
14311,45,1,0
14312,58,1,0
14313,33,1,0
14313,27,1,0
14313,48,1,10
14314,21,1,0
14315,41,1,0
14316,30,2,5
14317,63,2,5
14317,56,1,0
14318,19,2,5
14318,44,2,10
14319,4,1,15
14319,64,1,0
14320,54,1,0
14321,14,1,0
14322,20,1,5
14322,49,1,0
14323,18,1,0
14324,6,1,10
14325,20,1,15
14326,32,1,15
14327,42,2,0
14328,18,1,0
14328,26,1,0
14329,3,1,5
14330,57,1,5
14330,53,1,0
14330,11,2,15
14330,1,1,15
14331,5,1,0
14332,32,2,0
14333,18,1,0
14333,32,1,0
14333,45,1,0
14333,47,1,0
14334,36,2,10
14334,22,1,5
14335,20,1,0
14335,31,1,0
14335,16,2,30
14335,50,2,0
14336,36,1,0
14337,63,1,0
14337,6,2,0
14338,23,1,0
14339,2,1,0
14340,18,1,5
14340,39,2,15
14341,14,1,5
14342,42,1,0
14342,23,1,0
14343,53,1,0
14344,39,1,5
14345,32,1,10
14345,59,2,0
14346,30,1,10
14347,19,1,5
14348,36,1,0
14348,13,2,0
14349,26,1,5
14349,4,1,0
14349,37,1,15
14350,9,1,0
14351,48,1,5
14351,60,1,0
14352,39,1,0
14352,26,2,0
14353,57,1,0
14354,45,1,30
14355,15,1,0
14355,13,1,0
14356,16,1,0
14356,20,1,15
14356,55,1,10
14357,9,1,5
14357,60,1,10
14358,8,2,5
14359,8,1,0
14359,7,2,5
14360,27,1,0
14361,37,1,0
14361,30,2,10
14361,42,2,5
14362,1,1,10
14363,19,2,5
14363,41,2,0
14364,43,1,0
14365,26,1,10
14366,64,1,0
14366,4,1,0
14366,62,2,5
14367,8,1,0
14368,5,1,0
14368,35,1,0
14368,33,1,0
14369,57,2,5
14369,17,1,0
14369,59,1,0
14370,7,1,0
14371,9,1,0
14371,34,2,0
14371,53,2,5
14372,46,1,5
14372,21,1,0
14372,27,1,5
14372,19,2,0
14373,12,1,0
14374,40,2,0
14375,1,2,10
14376,52,1,0
14376,32,2,5
14376,41,2,0
14377,41,1,0
14378,12,1,0
14378,24,1,0
14379,14,1,0
14379,9,2,5
14380,1,2,5
14381,7,1,10
14382,62,1,20
14383,36,1,0
14384,21,2,0
14385,38,2,15
14386,53,1,0
14386,43,1,15
14386,22,1,5
14387,43,1,0
14387,46,1,5
14388,46,1,0
14388,16,1,0
14389,9,1,0
14389,8,1,10
14390,1,2,5
14391,14,1,10
14392,36,1,0
14392,16,2,0
14392,61,1,10
14393,10,1,5
14394,30,1,0
14395,32,2,15
14396,44,2,10
14396,27,2,0
14396,48,1,0
14396,62,1,0
14397,15,1,0
14397,10,2,5
14397,56,1,15
14397,64,1,10
14398,50,2,10
14398,46,2,5
14399,1,1,0
14399,34,2,20
14400,11,1,0
14401,61,1,0
14401,25,1,5
14402,30,1,5
14403,49,1,0
14403,29,1,0
14403,39,1,0
14404,38,1,0
14405,16,1,0
14406,41,2,10
14406,35,1,0
14406,36,1,0
14406,39,2,10
14407,36,1,0
14408,20,2,0
14408,40,1,0
14408,29,1,0
14409,19,1,5
14410,19,1,0
14411,6,2,10
14411,51,1,5
14411,40,1,0
14412,47,2,15
14412,7,1,0
14413,64,2,0
14413,2,1,0
14413,30,1,0
14413,40,1,0
14414,29,1,5
14414,20,1,0
14415,30,1,0
14415,48,1,0
14415,61,1,5
14416,54,2,5
14417,46,1,0
14418,52,1,20
14418,10,1,5
14419,12,1,0
14419,28,1,0
14419,38,1,0
14420,6,1,10
14421,38,2,10
14422,45,2,0
14422,16,1,0
14423,56,1,0
14424,8,1,10
14424,38,1,5
14424,24,1,0
14425,3,1,0
14426,17,1,10
14427,14,1,0
14428,56,1,0
14428,27,1,0
14428,18,1,0
14429,37,2,0
14430,11,2,0
14431,28,2,10
14432,53,1,20
14432,17,2,10
14433,9,2,30
14433,1,1,5
14434,24,1,0
14435,63,1,0
14435,7,1,0
14436,40,1,0
14437,16,1,5
14438,48,2,10
14439,39,1,0
14439,42,1,0
14440,47,1,15
14440,49,2,0
14440,5,2,10
14440,12,1,0
14441,46,1,0
14441,41,1,20
14441,49,1,0
14441,62,1,5
14442,41,1,15
14442,18,2,5
14442,54,1,5
14443,6,1,5
14444,26,2,15
14445,20,1,0
14445,31,1,0
14446,1,1,5
14446,27,1,0
14447,35,1,5
14448,25,2,0
14448,23,1,0
14448,6,1,0
14449,28,1,0
14450,57,1,15
14450,61,1,0
14451,49,1,15
14452,27,2,10
14452,17,1,0
14453,13,1,5
14454,54,1,5
14455,57,1,0
14456,1,1,0
14456,41,2,5
14457,42,1,0
14457,2,2,20
14458,48,1,0
14459,46,1,0
14459,49,2,15
14460,41,1,0
14461,12,1,0
14461,5,1,0
14461,42,1,0
14461,19,1,0
14462,42,1,0
14462,18,1,0
14463,12,1,30
14463,2,1,0
14464,14,1,5
14465,3,1,0
14465,34,1,0
14466,61,1,0
14466,10,1,5
14467,7,1,0
14467,26,1,0
14468,16,1,0
14468,43,1,0
14469,34,1,0
14470,20,1,0
14470,28,1,0
14471,44,1,20
14472,16,1,5
14473,14,1,0
14474,49,1,10
14475,58,1,0
14475,27,2,15
14476,9,1,10
14476,38,1,5
14476,29,1,5
14477,52,1,5
14478,38,1,0
14478,10,1,0
14479,40,1,0
14480,30,1,0
14480,61,1,0
14480,23,1,5
14481,61,1,15
14481,33,2,0
14481,12,1,0
14482,3,1,10
14482,28,1,5
14482,64,2,0
14483,12,1,0
14483,19,1,0
14484,5,1,15
14484,51,1,5
14485,15,1,0
14485,8,1,0
14486,47,1,0
14486,15,2,10
14487,64,1,5
14487,13,2,0
14488,8,2,15
14489,44,1,0
14490,61,1,0
14490,57,2,0
14490,5,2,15
14490,13,2,0
14491,32,1,0
14492,26,2,15
14492,48,1,0
14492,19,2,0
14493,63,2,0
14493,53,1,0
14493,4,1,0
14494,7,1,20
14494,6,1,0
14494,36,1,5
14494,62,1,0
14495,40,1,0
14496,46,1,0
14497,50,1,0
14497,6,1,0
14498,7,1,0
14498,16,1,5
14498,51,1,10
14499,34,2,15
14500,60,1,5
14501,33,1,0
14501,5,1,10
14502,30,1,0
14503,61,2,0
14503,60,1,0
14504,12,2,5
14504,53,2,0
14505,34,1,5
14506,38,1,0
14506,11,2,0
14506,25,2,0
14506,2,1,10
14507,14,1,10
14508,48,1,0
14508,49,1,0
14509,33,1,0
14509,11,2,0
14509,10,1,10
14509,38,1,5
14510,30,1,0
14511,59,1,0
14512,39,1,15
14512,29,2,10
14513,45,1,0
14513,17,1,5
14514,6,1,0
14514,61,1,0
14514,10,2,0
14515,45,1,0
14516,25,2,0
14517,15,2,30
14518,51,1,0
14519,26,1,0
14520,42,1,5
14521,24,2,0
14522,37,1,0
14523,23,1,10
14523,42,1,0
14524,11,2,30
14524,59,1,0
14525,44,2,0
14526,53,1,5
14526,49,1,0
14527,13,1,0
14527,10,1,0
14528,6,2,0
14528,60,1,10
14529,32,1,5
14530,19,1,0
14531,8,2,0
14532,52,1,10
14532,42,1,5
14533,49,1,0
14534,5,2,15
14534,55,1,0
14535,20,1,0
14535,42,1,0
14535,15,1,0
14536,3,1,5
14536,61,2,5
14537,48,1,10
14538,13,1,10
14539,9,2,5
14540,6,1,0
14540,51,1,0
14541,50,1,0
14541,35,1,0
14541,23,1,0
14542,39,2,5
14542,22,1,0
14543,50,1,0
14544,29,1,0
14545,20,1,0
14546,41,2,15
14547,37,1,5
14548,48,1,5
14548,49,1,0
14548,16,1,0
14549,40,1,0
14549,15,2,15
14550,4,2,30
14550,50,2,20
14550,30,1,10
14550,7,1,0
14551,57,1,0
14551,64,1,20
14551,28,2,10
14551,48,1,0
14552,26,1,0
14553,2,1,0
14553,1,1,5
14554,37,1,0
14555,20,1,0
14556,47,1,15
14556,63,2,10
14556,62,1,20
14556,6,1,5
14557,20,1,20
14557,14,2,0
14557,37,1,10
14558,34,1,0
14558,17,1,0
14559,5,2,5
14559,49,1,5
14560,35,2,5
14561,38,1,0
14561,57,1,0
14562,32,1,0
14562,23,1,0
14562,8,1,0
14563,22,1,0
14564,64,1,0
14564,60,1,0
14565,34,1,0
14565,16,2,5
14565,12,1,0
14565,17,1,0
14566,55,1,0
14567,28,2,0
14568,34,1,0
14569,29,2,0
14570,61,2,0
14570,37,1,0
14571,7,2,15
14572,9,1,0
14572,24,1,5
14573,64,1,15
14574,59,1,0
14575,54,2,0
14575,38,1,0
14575,16,1,5
14576,53,1,0
14576,2,2,20
14576,42,1,0
14576,23,1,5
14577,34,1,10
14578,50,1,0
14578,8,1,0
14578,48,1,5
14579,48,1,10
14579,23,1,0
14579,58,1,5
14580,4,2,5
14580,31,1,0
14581,58,1,0
14581,39,1,5
14582,46,1,0
14582,52,1,15
14583,57,2,20
14583,14,1,5
14584,4,1,0
14584,10,1,5
14585,60,1,5
14586,33,2,0
14586,5,2,5
14587,31,1,10
14587,17,1,0
14588,10,1,0
14589,17,1,0
14589,25,1,0
14590,50,1,0
14591,61,1,5
14592,23,1,0
14592,41,2,5
14592,2,1,0
14593,53,1,0
14593,41,1,0
14594,23,1,5
14594,48,1,0
14595,4,1,10
14595,41,1,20
14596,14,2,0
14597,23,1,0
14597,56,2,0
14598,32,1,0
14599,13,1,0
14600,19,1,0
14601,4,1,0
14601,19,1,0
14602,47,1,10
14602,20,1,5
14602,64,1,5
14603,24,1,0
14603,57,1,0
14604,53,1,0
14605,7,1,10
14605,44,2,0
14606,19,1,0
14607,38,1,0
14608,48,1,0
14608,40,1,0
14609,45,1,5
14609,56,1,0
14610,18,1,0
14610,52,1,10
14610,55,1,0
14610,60,1,0
14611,61,1,0
14612,30,1,0
14612,51,1,10
14613,56,2,10
14613,47,1,0
14614,40,1,5
14614,60,1,5
14615,5,1,5
14616,16,1,5
14616,47,1,0
14616,3,1,20
14617,15,1,5
14618,55,2,0
14618,50,1,10
14619,12,2,0
14620,10,1,0
14621,56,2,5
14621,32,1,0
14622,52,1,0
14622,25,1,10
14623,64,1,10
14623,59,1,0
14624,51,1,0
14625,9,1,0
14626,29,1,5
14627,28,2,0
14628,55,2,10
14628,35,1,0
14629,4,2,15
14630,14,1,15
14631,16,1,0
14632,32,1,30
14632,29,1,0
14633,59,1,0
14634,17,1,0
14634,32,2,0
14635,1,1,5
14635,40,1,0
14636,56,1,5
14637,8,1,0
14638,61,1,0
14639,12,1,15
14639,33,1,5
14640,28,1,10
14641,21,1,20
14642,57,1,0
14642,4,1,15
14642,37,2,10
14643,16,1,10
14643,34,1,0
14644,11,1,0
14644,25,1,5
14645,31,1,0
14645,13,2,15
14646,41,1,5
14647,38,1,0
14647,2,1,5
14648,56,1,0
14649,10,2,0
14650,35,1,15
14651,36,2,20
14651,3,1,10
14652,55,1,0
14652,64,2,10
14652,42,1,0
14653,36,2,0
14653,57,1,15
14653,10,1,5
14653,6,1,5
14654,60,2,0
14655,13,2,15
14656,39,1,20
14656,10,1,0
14656,57,1,10
14656,24,1,0
14657,41,1,0
14657,56,2,5
14658,34,1,0
14659,46,1,0
14660,62,2,15
14661,39,1,0
14662,24,1,0
14663,11,1,0
14664,52,1,0
14665,50,1,20
14666,59,1,0
14666,8,1,10
14666,53,1,0
14667,8,1,0
14668,25,2,15
14668,24,1,5
14669,39,1,0
14670,51,1,0
14671,31,2,5
14672,36,1,10
14673,59,1,0
14673,24,1,5
14674,4,1,10
14674,23,2,0
14675,12,1,0
14676,43,1,0
14677,35,1,10
14677,2,1,0
14678,26,1,0
14678,43,1,5
14678,30,1,0
14678,33,1,0
14679,20,1,0
14680,47,1,0
14681,49,1,5
14681,61,1,0
14682,22,1,10
14683,32,2,5
14683,58,1,0
14683,56,1,0
14683,5,1,15
14684,10,2,0
14684,55,1,0
14685,44,2,0
14685,9,1,30
14685,63,1,0
14686,14,2,0
14687,59,2,20
14688,17,1,0
14689,47,1,0
14690,49,1,0
14691,53,1,0
14692,23,1,0
14693,5,1,10
14693,43,1,0
14694,31,1,15
14694,32,1,5
14695,27,1,0
14695,14,1,0
14695,22,1,0
14696,3,1,5
14696,5,1,0
14696,12,1,0
14697,62,1,5
14698,62,1,0
14699,38,1,0
14700,15,1,0
14701,58,1,5
14701,13,1,0
14701,45,1,0
14702,48,2,20
14703,1,2,10
14703,55,1,10
14704,59,1,0
14704,12,2,0
14704,28,1,0
14705,36,1,0
14705,20,1,0
14706,39,1,5
14707,30,2,0
14708,8,1,5
14709,15,1,0
14709,21,2,5
14710,44,1,0
14711,50,1,0
14711,63,1,0
14712,20,1,0
14713,62,1,5
14714,31,1,0
14714,33,2,0
14715,62,1,0
14716,62,2,0
14717,41,1,0
14717,19,1,5
14718,29,1,0
14718,41,1,0
14718,19,2,0
14718,59,2,0
14719,12,1,10
14719,60,2,0
14719,25,1,0
14719,50,1,0
14720,4,1,0
14721,12,1,20
14722,16,1,0
14723,14,2,0
14724,41,1,0
14725,3,1,5
14726,12,1,0
14727,19,1,0
14727,31,1,5
14727,55,1,0
14728,17,1,0
14728,40,1,5
14729,14,1,30
14730,45,1,0
14730,17,1,0
14730,14,1,0
14731,15,1,0
14732,59,2,10
14732,31,1,0
14733,53,2,20
14733,47,1,30
14734,52,1,0
14735,6,1,10
14735,34,1,0
14735,35,1,0
14736,63,2,30
14736,8,1,10
14736,44,1,0
14737,36,1,10
14738,46,1,0
14738,14,2,15
14739,25,1,0
14739,24,1,10
14740,26,1,0
14740,9,2,5
14741,61,1,0
14742,10,1,5
14743,18,1,0
14743,28,1,15
14743,33,1,5
14744,6,1,10
14745,43,2,0
14745,27,1,15
14745,32,2,15
14745,22,1,0
14746,36,1,5
14747,32,1,0
14747,9,1,0
14748,1,1,0
14749,45,2,5
14749,13,2,5
14750,4,1,0
14751,36,1,0
14751,16,1,0
14752,58,1,0
14753,5,1,0
14754,20,1,15
14754,9,2,0
14755,9,1,0
14756,30,1,0
14756,19,1,10
14756,28,1,5
14756,59,1,0
14757,27,1,5
14757,41,1,0
14758,12,2,15
14759,27,1,0
14759,19,2,0
14760,15,1,0
14761,39,1,0
14762,25,1,0
14763,32,1,0
14764,37,1,0
14764,6,1,0
14765,32,1,0
14766,7,1,10
14766,61,1,0
14766,37,1,0
14766,59,1,0
14767,18,2,0
14767,28,1,15
14768,43,1,15
14768,1,2,0
14768,36,1,0
14768,14,2,0
14769,38,1,0
14769,54,1,5
14770,23,2,15
14771,22,1,5
14771,32,1,0
14771,36,1,5
14772,17,1,0
14773,15,1,0
14774,57,1,15
14775,59,1,5
14775,60,1,30
14775,21,1,5
14776,38,1,0
14777,43,1,5
14777,30,1,0
14778,38,1,0
14778,24,1,0
14778,45,1,5
14778,34,1,0
14779,14,1,0
14780,6,1,5
14781,5,1,0
14781,61,1,5
14782,30,1,5
14783,26,1,0
14783,37,1,0
14783,5,1,0
14783,56,1,0
14784,30,1,15
14785,16,2,0
14785,20,1,0
14785,48,1,0
14785,46,1,0
14786,51,1,30
14786,45,1,10
14787,55,1,0
14788,23,1,0
14789,27,1,0
14789,5,1,20
14790,59,1,10
14791,63,2,0
14792,56,1,0
14793,10,1,5
14793,14,1,5
14794,48,2,5
14795,49,2,0
14795,51,1,15
14796,62,1,5
14796,25,1,0
14797,24,1,0
14797,61,1,10
14798,40,1,0
14798,5,1,0
14799,14,1,5
14800,19,1,15
14801,40,1,10
14801,28,2,0
14802,33,1,0
14802,31,1,10
14802,5,1,0
14802,59,1,5
14803,32,1,5
14803,53,1,15
14804,49,1,10
14804,63,2,0
14805,32,1,5
14805,63,1,0
14805,49,1,0
14806,64,1,15
14806,20,2,0
14806,14,1,10
14807,29,1,0
14807,42,2,5
14808,15,1,0
14809,57,1,5
14810,12,1,0
14810,7,1,0
14810,44,2,20
14811,8,1,10
14811,12,1,5
14811,3,2,0
14811,16,1,0
14812,24,1,15
14812,7,1,5
14813,62,1,10
14814,43,1,5
14814,47,1,0
14814,37,1,0
14815,14,1,5
14816,32,1,0
14817,2,2,15
14818,58,1,0
14819,19,1,0
14819,37,1,0
14819,25,1,0
14820,26,1,0
14821,42,1,0
14821,62,1,0
14822,49,2,5
14822,25,1,0
14823,63,1,0
14823,10,1,0
14824,29,1,0
14824,17,1,10
14824,10,1,0
14825,54,1,15
14826,45,1,0
14826,58,1,0
14827,35,1,0
14828,23,1,5
14829,48,1,0
14830,37,1,0
14830,22,1,0
14831,43,2,0
14832,43,1,0
14833,41,1,0
14833,36,1,5
14834,49,2,0
14834,1,1,0
14834,5,1,5
14835,29,1,0
14836,18,1,0
14836,50,1,5
14836,14,1,0
14837,47,2,15
14837,21,1,0
14838,2,1,5
14839,34,2,10
14840,59,1,0
14840,34,1,0
14841,18,1,5
14842,52,2,0
14842,49,1,5
14843,3,1,0
14844,59,1,20
14845,10,1,5
14845,14,2,5
14846,52,2,0
14847,18,1,0
14847,1,1,5
14847,4,2,15
14847,20,2,0
14848,35,2,15
14848,24,1,0
14849,31,1,0
14849,18,1,0
14849,55,1,0
14850,3,2,5
14851,55,1,5
14851,29,2,5
14852,35,1,0
14852,30,1,15
14852,52,1,0
14853,59,2,20
14854,6,1,15
14855,10,1,0
14856,52,1,0
14857,41,1,5
14857,11,2,30
14858,21,1,20
14858,46,1,0
14859,21,1,5
14859,26,1,10
14860,10,1,0
14860,7,2,20
14861,28,1,5
14861,52,1,30
14862,12,2,20
14863,37,1,15
14863,35,1,0
14863,49,1,10
14863,60,1,0
14864,5,1,0
14864,16,1,5
14864,46,1,0
14865,4,1,5
14866,34,1,0
14867,21,1,0
14867,20,1,0
14868,33,1,0
14869,46,1,0
14869,43,1,0
14870,13,1,5
14871,31,1,10
14871,49,2,0
14871,29,1,20
14871,45,1,5
14872,40,1,0
14873,29,2,5
14873,21,1,0
14874,18,1,0
14874,31,2,15
14874,16,1,0
14874,59,1,0
14875,36,1,0
14875,18,1,0
14876,27,1,30
14877,13,2,0
14878,54,1,10
14879,48,1,30
14880,42,1,5
14880,50,1,20
14880,6,1,10
14880,32,1,0
14881,1,1,15
14881,19,1,0
14881,25,1,0
14882,54,1,0
14883,39,1,0
14883,5,2,15
14884,11,1,15
14885,59,1,20
14886,1,1,0
14886,37,1,10
14887,32,2,5
14887,38,1,10
14887,30,1,0
14887,13,2,30
14888,57,1,0
14888,33,2,0
14889,34,1,10
14890,43,1,10
14890,54,1,0
14891,54,1,15
14891,28,1,0
14892,38,1,0
14893,50,1,0
14893,11,1,5
14893,23,1,0
14894,41,1,0
14895,17,1,0
14896,57,1,0
14897,2,1,0
14898,41,2,20
14898,9,1,15
14899,45,1,5
14899,26,1,0
14900,2,1,0
14901,42,1,0
14901,11,1,5
14902,3,1,0
14902,47,1,0
14903,12,1,0
14903,37,1,5
14904,33,1,0
14905,56,1,20
14906,36,1,0
14907,50,1,5
14907,22,2,0
14908,57,1,15
14909,43,1,5
14910,27,1,5
14911,45,2,0
14911,1,2,0
14912,55,1,0
14912,51,2,0
14912,53,1,0
14913,21,1,10
14913,41,2,5
14913,23,1,5
14914,57,1,0
14914,50,1,20
14915,54,1,0
14916,60,1,15
14917,9,1,0
14918,52,1,0
14918,55,1,0
14918,18,2,5
14919,10,1,5
14919,37,1,0
14920,17,1,0
14920,5,1,0
14921,57,2,5
14921,49,1,5
14922,6,1,0
14922,1,1,0
14922,8,1,10
14923,1,1,0
14924,45,2,0
14925,37,1,0
14926,30,1,0
14927,46,1,5
14928,32,1,10
14928,27,1,0
14929,2,1,0
14929,37,1,0
14930,58,1,0
14931,11,1,20
14932,43,1,0
14932,32,1,0
14932,38,2,10
14933,33,1,5
14934,62,1,0
14935,9,1,15
14935,17,1,5
14935,28,1,5
14935,52,1,0
14936,49,2,0
14937,25,1,0
14937,13,1,5
14937,22,1,0
14938,27,2,0
14938,60,1,10
14939,37,1,0
14939,12,1,15
14940,16,1,0
14940,39,1,0
14940,57,2,0
14940,8,1,0
14941,13,2,0
14941,24,1,0
14942,57,1,5
14942,40,1,10
14942,47,1,0
14943,13,1,0
14944,53,1,5
14944,10,1,0
14944,40,1,0
14945,34,1,5
14945,53,2,0
14945,14,1,0
14946,14,1,20
14946,7,2,0
14947,34,1,15
14947,52,1,0
14947,39,1,0
14948,3,1,15
14949,33,1,0
14949,35,1,0
14950,57,1,0
14950,55,1,5
14950,17,1,0
14951,33,1,0
14951,41,1,5
14952,11,1,5
14953,32,1,0
14954,5,1,0
14954,31,1,5
14955,10,2,10
14956,39,1,0
14957,40,1,10
14957,4,1,5
14957,10,1,0
14958,27,1,5
14959,3,1,20
14959,8,1,15
14960,8,1,10
14961,22,1,5
14961,6,1,10
14962,41,1,5
14963,2,1,0
14964,58,2,0
14965,32,1,5
14966,15,1,0
14966,18,1,0
14967,14,1,0
14967,7,1,15
14968,52,1,0
14969,54,1,0
14970,41,1,20
14971,3,1,0
14971,28,1,0
14972,11,2,0
14972,19,2,0
14972,15,1,0
14973,6,1,5
14974,15,2,0
14975,31,2,0
14975,52,1,0
14975,24,1,5
14975,37,1,0
14976,59,1,15
14976,33,1,0
14976,11,1,0
14976,10,1,15
14977,31,1,0
14978,39,1,10
14978,28,2,0
14979,61,1,10
14979,42,1,10
14980,1,1,5
14980,51,1,10
14980,10,1,10
14981,63,1,5
14981,23,2,10
14982,42,1,5
14982,40,1,0
14983,59,1,5
14984,27,1,0
14985,58,2,0
14986,5,1,0
14986,19,1,10
14986,2,1,10
14987,3,1,0
14988,60,2,0
14988,33,1,10
14989,15,1,5
14989,44,2,0
14990,12,1,10
14991,64,1,0
14991,8,1,0
14992,32,2,0
14993,57,1,0
14994,6,1,5
14994,37,2,0
14995,9,1,0
14996,54,1,0
14996,49,1,0
14996,47,1,0
14997,59,2,0
14998,52,1,0
14998,28,1,10
14999,8,1,10
14999,48,2,5
15000,7,1,0
15001,6,1,5
15001,2,1,0
15001,56,2,20
15001,40,1,0
15002,23,1,0
15003,62,1,5
15003,60,1,5
15004,23,1,0
15004,47,1,5
15004,34,1,0
15005,42,2,30
15006,4,1,0
15007,36,1,0
15007,57,1,0
15007,44,2,5
15008,44,1,0
15009,55,1,0
15010,36,1,10
15010,22,1,0
15011,6,1,0
15012,39,1,0
15012,34,1,30
15013,15,2,0
15014,15,1,0
15015,1,1,15
15015,7,2,30
15015,38,1,0
15016,45,1,15
15016,1,1,0
15016,52,1,0
15017,18,1,0
15018,47,2,0
15018,18,1,15
15018,46,1,0
15019,24,1,10
15019,49,2,0
15020,2,1,15
15021,32,1,0
15022,14,2,0
15022,52,2,30
15023,62,2,20
15024,22,2,0
15024,9,1,15
15024,37,1,0
15025,43,1,0
15026,25,1,0
15026,62,2,0
15027,63,1,0
15027,27,1,5
15028,6,1,0
15028,17,1,0
15029,62,2,15
15030,21,2,5
15031,47,1,0
15031,53,2,10
15032,9,1,0
15033,15,2,0
15034,54,1,0
15035,29,2,0
15036,10,1,0
15037,16,1,0
15037,49,2,5
15038,21,1,0
15039,20,1,5
15040,5,1,0
15041,6,1,10
15041,33,1,0
15041,32,1,0
15042,53,2,5
15042,39,1,10
15042,51,2,5
15043,29,1,5
15044,15,1,0
15045,52,1,0
15046,47,1,0
15046,11,2,10
15047,60,1,10
15048,16,1,0
15048,59,2,0
15048,8,1,5
15049,21,1,0
15050,55,1,5
15051,1,1,0
15051,40,1,0
15051,53,1,5
15052,53,1,0
15053,62,1,0
15054,24,1,0
15055,1,1,5
15055,60,2,15
15056,13,1,0
15056,19,1,0
15057,63,1,5
15058,10,1,5
15058,24,2,0
15059,52,1,0
15059,4,1,0
15060,63,2,10
15061,37,1,10
15062,50,1,0
15063,61,2,15
15063,64,1,10
15063,37,1,0
15063,35,1,0
15064,31,1,0
15065,21,1,0
15065,32,1,5
15066,42,1,0
15066,46,1,0
15067,12,1,15
15068,62,1,0
15069,39,1,0
15070,57,1,30
15070,40,1,0
15070,56,1,5
15071,10,1,0
15072,8,1,0
15072,52,1,0
15073,37,2,0
15073,50,1,5
15073,61,1,15
15073,8,1,15
15074,3,2,30
15074,16,2,10
15075,44,1,15
15075,42,1,5
15076,16,1,5
15077,48,1,5
15078,23,1,20
15079,53,1,5
15079,46,1,5
15080,36,1,5
15080,20,2,5
15081,27,1,5
15082,53,1,0
15082,50,1,0
15082,39,2,20
15082,17,1,0
15083,21,1,0
15083,42,1,0
15083,35,1,15
15084,50,2,20
15084,51,1,0
15084,26,1,10
15084,37,1,0
15085,42,1,10
15086,59,1,10
15087,57,2,5
15088,37,2,15
15088,46,2,10
15088,28,1,20
15089,34,1,10
15089,20,1,0
15090,18,1,5
15090,50,1,10
15091,41,1,5
15092,22,1,5
15092,39,1,5
15092,28,1,10
15093,23,1,10
15093,60,1,20
15093,20,1,0
15093,10,1,5
15094,2,1,5
15095,31,1,10
15095,64,1,0
15096,35,1,15
15097,11,1,5
15097,25,1,0
15097,38,1,20
15098,59,1,10
15098,38,1,10
15099,30,2,20
15099,18,2,5
15100,35,1,5
15100,56,1,30
15100,37,1,30
15101,10,2,20
15101,61,1,10
15102,13,1,0
15102,64,2,15
15103,6,1,0
15103,21,1,10
15104,8,1,0
15105,1,1,0
15106,56,2,15
15107,54,1,5
15108,52,1,5
15108,32,1,0
15108,36,1,5
15109,7,1,0
15110,21,2,20
15111,36,2,15
15112,60,1,5
15112,45,1,15
15112,26,1,20
15112,7,1,15
15113,21,1,5
15114,59,1,15
15115,3,1,5
15116,20,2,10
15116,35,1,0
15116,56,1,0
15117,21,2,15
15118,7,2,15
15119,51,2,30
15120,21,1,15
15121,24,1,10
15121,1,1,20
15122,64,1,5
15123,38,2,15
15124,36,1,0
15124,18,1,0
15124,59,2,15
15125,17,1,0
15126,3,2,20
15127,60,1,30
15128,2,1,0
15129,4,1,20
15129,64,1,10
15130,17,1,10
15130,43,1,0
15130,53,1,15
15131,43,1,20
15132,50,2,5
15132,38,2,20
15133,10,1,5
15134,57,1,0
15135,8,1,30
15135,42,1,0
15135,64,1,0
15136,8,1,10
15137,39,2,20
15137,44,1,20
15138,23,1,5
15138,7,2,30
15138,54,1,0
15139,58,1,0
15139,20,1,20
15139,59,1,20
15140,54,2,0
15141,64,2,10
15142,11,1,5
15143,36,1,10
15143,60,1,10
15143,26,1,0
15144,34,1,15
15145,1,1,10
15145,22,1,0
15146,2,2,5
15146,14,1,0
15146,9,1,10
15147,37,1,5
15147,57,1,30
15147,28,1,0
15147,4,1,15
15148,7,1,20
15149,39,1,0
15149,17,2,5
15150,59,1,5
15150,1,1,15
15151,43,1,5
15152,54,1,5
15153,24,2,5
15153,11,2,5
15154,14,1,30
15155,33,1,0
15155,10,1,10
15156,14,1,5
15156,60,1,10
15157,7,1,15
15157,19,1,10
15158,4,1,15
15158,51,1,5
15159,29,1,15
15159,7,1,15
15160,30,1,5
15160,13,2,15
15161,61,1,5
15161,15,1,5
15162,53,2,30
15162,28,1,10
15163,10,1,30
15163,59,1,10
15164,59,2,5
15165,41,1,10
15165,38,1,10
15165,59,1,15
15166,39,1,5
15167,11,1,5
15167,36,1,30
15167,54,1,0
15168,55,2,15
15169,2,1,15
15170,3,2,30
15170,7,2,5
15171,23,1,5
15172,61,1,15
15173,46,1,10
15174,24,1,0
15175,53,1,0
15176,43,1,0
15177,43,2,5
15177,45,1,0
15178,50,1,15
15178,57,1,5
15179,46,1,10
15180,37,1,5
15180,3,1,30
15181,39,1,5
15181,37,1,5
15182,53,1,5
15183,3,2,30
15184,40,1,5
15184,8,2,5
15184,53,1,10
15185,7,1,5
15186,39,1,0
15187,54,1,0
15187,37,1,20
15188,37,1,0
15189,41,1,0
15189,13,1,5
15189,52,2,20
15190,58,1,20
15191,62,1,5
15192,40,1,0
15192,23,1,5
15192,34,2,5
15193,51,2,5
15193,21,1,5
15194,37,1,20
15194,19,1,0
15194,63,1,5
15195,5,1,5
15196,38,2,5
15196,45,2,15
15197,49,1,5
15197,41,1,5
15198,1,2,20
15198,58,1,15
15198,8,1,15
15199,8,2,0
15199,16,1,5
15200,29,1,10
15201,33,1,10
15201,44,1,10
15202,43,1,20
15202,11,1,10
15203,58,1,5
15204,40,2,5
15204,49,1,10
15205,9,2,5
15206,36,1,0
15206,57,1,0
15206,60,2,10
15207,46,1,20
15208,23,1,0
15209,57,1,10
15210,25,1,0
15210,40,1,10
15211,53,2,20
15212,35,1,0
15213,38,1,0
15214,18,1,20
15215,53,2,15
15215,34,1,0
15215,40,1,15
15216,57,2,5
15216,16,2,10
15217,33,2,15
15218,34,2,5
15219,19,1,15
15220,20,2,20
15221,40,1,20
15221,39,1,5
15222,62,2,5
15223,7,1,0
15224,5,2,20
15224,22,2,0
15225,13,1,30
15225,56,1,5
15226,64,2,10
15226,58,1,0
15226,38,1,20
15227,20,1,5
15227,23,2,30
15227,60,1,15
15228,23,1,15
15229,44,1,10
15229,26,1,10
15230,37,1,10
15230,9,1,10
15230,14,1,30
15231,14,1,15
15231,51,1,10
15232,9,1,15
15233,6,1,10
15233,61,1,0
15234,26,1,20
15235,43,1,5
15235,41,1,20
15235,31,2,15
15236,64,1,5
15236,17,1,5
15237,20,1,10
15238,29,1,0
15239,26,1,10
15239,3,1,15
15240,49,1,5
15241,21,1,5
15242,34,1,10
15242,57,2,5
15243,42,1,20
15243,48,1,5
15243,32,1,5
15244,51,1,0
15244,52,1,0
15245,29,1,0
15245,14,1,5
15245,37,1,10
15246,38,2,30
15247,23,1,5
15247,33,1,0
15248,33,1,0
15248,13,1,20
15249,47,1,5
15249,19,1,0
15250,25,1,5
15251,15,1,0
15251,61,1,15
15252,19,1,10
15253,14,1,5
15253,29,1,15
15254,45,1,20
15255,58,1,10
15256,51,1,10
15256,1,1,10
15257,54,1,20
15257,39,2,20
15258,55,1,5
15259,52,1,0
15259,51,1,5
15259,59,2,5
15260,29,2,20
15261,40,2,5
15261,28,1,5
15262,25,2,20
15263,41,1,15
15264,43,1,10
15265,64,1,20
15266,40,1,0
15267,36,2,0
15268,15,1,5
15268,8,1,0
15269,2,1,0
15270,26,1,0
15270,10,1,20
15271,46,1,0
15272,40,1,5
15272,50,1,10
15273,47,2,15
15274,47,2,5
15275,15,1,10
15276,52,2,20
15277,4,1,30
15277,16,2,20
15277,53,2,20
15278,50,2,10
15278,59,1,0
15278,28,1,0
15279,58,1,5
15279,33,1,0
15279,2,1,5
15280,64,1,20
15281,25,1,5
15281,47,1,15
15281,38,2,10
15282,56,1,0
15282,53,1,10
15282,18,2,20
15282,27,2,0
15283,3,1,30
15284,16,1,0
15285,60,1,5
15285,55,1,5
15286,31,2,10
15286,58,1,10
15287,43,1,5
15288,46,1,10
15288,19,1,0
15289,35,1,5
15290,30,1,0
15291,30,1,20
15292,21,1,20
15293,29,1,5
15293,13,1,15
15294,36,1,10
15294,23,1,5
15294,59,1,20
15295,5,1,5
15296,37,2,5
15296,1,1,20
15297,20,1,10
15297,10,1,5
15298,3,1,20
15299,27,1,5
15300,9,2,0
15301,33,1,5
15301,48,1,0
15301,24,1,5
15302,61,2,5
15302,44,1,15
15303,60,1,10
15304,55,1,10
15305,8,1,30
15305,17,1,10
15306,54,1,0
15306,51,1,10
15306,57,1,20
15307,28,1,20
15308,26,1,0
15308,61,1,20
15309,20,2,10
15310,59,1,15
15311,18,1,0
15312,33,1,5
15312,29,2,5
15313,30,2,10
15313,47,1,5
15314,36,1,0
15315,45,1,5
15315,7,1,10
15316,49,1,10
15316,53,1,10
15317,21,1,0
15317,60,2,10
15318,61,1,5
15319,40,1,20
15319,19,2,30
15320,60,2,0
15321,33,1,5
15321,36,1,10
15322,59,1,0
15322,3,1,0
15323,28,1,0
15324,44,1,0
15324,33,1,5
15325,24,2,5
15325,45,1,0
15326,2,1,5
15326,19,1,20
15327,56,1,0
15328,57,1,5
15328,3,2,5
15328,17,2,5
15328,43,2,5
15329,6,1,30
15329,40,1,5
15329,16,1,5
15330,63,1,0
15330,36,1,10
15331,49,1,0
15331,46,1,5
15332,5,1,30
15333,58,1,0
15333,40,1,5
15334,33,1,5
15335,1,1,15
15335,54,2,30
15336,60,2,15
15336,61,1,20
15337,32,1,5
15338,31,1,10
15338,45,1,0
15338,3,1,0
15339,38,1,20
15340,53,1,10
15341,47,1,0
15341,4,1,15
15342,14,1,10
15343,62,1,10
15344,59,1,10
15345,58,1,5
15345,47,2,30
15345,13,1,0
15346,51,1,20
15346,42,2,10
15347,22,1,5
15347,2,1,5
15348,36,1,30
15348,58,2,0
15349,40,1,0
15349,41,1,5
15349,39,1,5
15349,6,2,5
15350,61,2,5
15351,16,1,5
15352,16,1,5
15353,62,2,10
15354,27,1,0
15355,14,1,10
15355,3,1,15
15356,32,1,0
15357,60,1,10
15357,21,2,20
15358,47,1,15
15359,41,2,10
15359,2,1,15
15359,10,1,30
15360,50,2,5
15361,55,2,10
15361,29,1,0
15362,38,1,15
15363,17,1,0
15364,57,1,15
15365,39,2,20
15366,53,1,0
15366,36,1,15
15366,57,2,5
15366,31,1,10
15367,9,2,5
15367,26,1,0
15368,40,1,5
15368,55,1,10
15368,2,1,15
15369,45,1,30
15370,40,1,10
15371,35,1,5
15371,57,2,0
15372,35,1,5
15372,18,1,20
15373,59,1,5
15374,1,1,10
15374,41,1,5
15375,23,1,5
15376,46,1,0
15376,27,1,5
15376,2,1,15
15377,36,1,30
15378,32,1,5
15378,57,2,0
15379,25,2,30
15379,24,1,30
15380,57,1,5
15381,7,1,5
15382,30,1,10
15382,23,1,5
15383,25,1,10
15384,45,1,10
15384,64,1,10
15384,28,2,0
15384,25,1,10
15385,19,1,5
15385,42,1,5
15385,2,2,20
15386,12,1,20
15387,52,2,5
15387,54,1,5
15387,28,1,10
15388,63,1,10
15389,56,1,0
15389,49,1,5
15390,27,1,0
15391,23,1,0
15391,21,1,20
15392,1,1,0
15393,14,1,20
15394,45,1,5
15394,33,1,15
15395,9,1,5
15396,22,1,0
15396,54,1,0
15397,10,1,30
15397,44,1,0
15397,38,1,0
15397,50,1,15
15398,42,2,10
15399,59,1,10
15400,53,1,5
15401,32,1,0
15402,50,1,5
15402,8,2,5
15403,36,1,5
15404,10,1,5
15405,52,2,5
15405,5,2,30
15406,25,2,5
15406,19,2,0
15407,50,1,0
15407,2,1,0
15408,40,2,10
15408,21,2,0
15409,61,2,15
15409,55,1,5
15409,18,1,5
15409,23,2,5
15410,54,1,5
15410,34,1,15
15411,45,1,10
15411,49,1,20
15411,18,1,5
15412,57,2,15
15413,60,1,10
15413,28,1,0
15414,11,1,0
15415,44,1,10
15416,18,2,0
15417,18,2,20
15418,24,1,15
15419,44,1,5
15419,22,1,0
15420,52,2,10
15420,63,1,10
15420,43,2,10
15421,57,1,10
15422,9,1,5
15422,62,1,5
15422,45,1,0
15423,63,1,0
15423,60,1,15
15423,7,2,5
15423,47,1,5
15424,14,1,10
15424,4,1,20
15425,55,1,0
15426,54,1,0
15427,46,1,5
15428,6,1,20
15428,41,1,0
15429,11,1,5
15429,58,1,0
15429,49,1,10
15430,9,1,0
15431,46,1,0
15431,32,1,0
15432,8,1,15
15433,23,1,10
15434,28,1,15
15435,10,1,20
15435,30,1,30
15436,48,2,0
15437,64,1,0
15438,57,2,5
15438,42,1,0
15439,59,2,5
15440,14,2,5
15440,41,1,0
15441,37,1,10
15442,28,1,5
15443,41,1,5
15444,44,2,5
15444,24,1,5
15445,11,1,15
15445,14,1,0
15445,7,1,0
15446,31,1,0
15447,31,1,10
15447,15,1,10
15448,63,2,20
15448,46,1,0
15449,59,1,5
15449,29,1,10
15450,35,2,15
15450,57,1,0
15451,54,1,0
15451,25,1,10
15451,52,1,5
15452,29,1,10
15452,30,2,20
15452,28,1,0
15453,46,1,20
15453,9,1,30
15453,61,2,5
15454,26,1,5
15454,64,1,15
15455,14,1,10
15455,33,1,5
15456,47,2,20
15456,20,2,0
15456,40,2,10
15457,5,1,15
15458,9,1,15
15459,23,1,5
15459,52,2,0
15459,59,1,30
15460,8,1,30
15461,28,1,10
15462,20,1,15
15463,50,1,0
15464,58,2,10
15465,62,2,15
15466,64,2,10
15466,4,1,15
15467,42,1,5
15467,47,1,5
15467,61,1,5
15467,11,1,15
15468,46,1,20
15468,18,1,0
15468,44,2,10
15469,34,1,0
15470,58,2,15
15471,64,1,5
15471,62,1,30
15472,62,1,5
15472,41,1,15
15472,4,2,0
15472,25,2,20
15473,50,1,0
15473,6,1,30
15474,36,1,10
15474,45,1,5
15475,49,1,10
15475,5,1,10
15475,25,1,15
15476,46,1,10
15477,53,1,5
15477,54,1,0
15477,61,1,0
15478,32,2,10
15479,56,1,10
15479,37,1,5
15479,54,1,0
15480,51,2,10
15480,42,2,30
15481,12,1,20
15481,22,1,5
15482,8,2,20
15482,53,2,0
15483,20,1,0
15484,6,1,20
15484,8,2,10
15485,51,1,0
15485,10,1,20
15486,15,1,15
15487,42,1,0
15487,6,1,5
15487,59,1,5
15488,24,1,0
15488,50,2,10
15488,57,1,0
15489,60,1,10
15489,37,1,5
15490,53,1,10
15491,55,1,0
15492,49,2,20
15493,36,1,5
15494,6,2,20
15495,60,1,15
15495,62,1,5
15495,28,1,0
15496,50,1,0
15497,12,2,30
15497,9,2,15
15497,62,1,10
15498,9,1,15
15499,19,2,10
15500,57,2,15
15501,27,1,15
15501,6,1,5
15501,45,1,15
15502,17,1,15
15503,3,1,0
15504,52,1,30
15505,53,2,0
15505,25,1,5
15505,47,1,0
15505,27,2,15
15506,63,1,0
15506,1,1,20
15507,18,1,20
15507,4,1,20
15508,60,1,0
15508,31,1,5
15508,64,1,0
15509,41,2,20
15509,38,2,5
15509,7,1,30
15509,4,1,0
15510,2,1,30
15510,30,1,20
15510,61,2,20
15510,18,1,30
15511,26,1,5
15512,30,1,5
15513,8,1,20
15513,32,2,10
15514,14,1,5
15514,4,2,20
15514,38,2,15
15514,21,1,0
15515,48,1,15
15516,26,1,0
15517,62,1,0
15517,37,1,5
15518,20,1,5
15519,56,1,30
15519,40,1,0
15520,30,2,5
15521,42,1,10
15521,18,1,0
15522,21,1,10
15522,1,1,15
15523,59,1,5
15524,2,1,5
15525,18,1,20
15526,7,1,5
15526,3,1,20
15526,12,2,10
15527,59,2,5
15527,39,1,0
15527,1,1,5
15528,13,1,15
15529,23,1,15
15529,22,1,0
15529,28,1,10
15530,34,2,20
15531,13,2,10
15532,37,1,0
15533,45,2,0
15534,51,1,30
15535,51,2,10
15535,32,1,5
15536,31,1,0
15537,21,2,20
15538,27,1,5
15538,29,1,0
15539,23,1,0
15540,57,1,5
15541,15,1,5
15542,63,2,30
15542,43,1,5
15543,13,1,0
15544,32,1,10
15545,42,1,0
15545,35,1,15
15546,38,1,0
15546,13,1,5
15547,42,1,5
15547,63,1,5
15547,28,1,10
15548,42,1,10
15549,29,1,5
15550,48,1,5
15550,60,1,10
15550,52,1,10
15551,56,1,20
15552,61,2,0
15552,33,1,0
15553,48,1,5
15554,58,2,20
15554,14,1,5
15554,28,1,20
15555,42,2,15
15555,5,1,20
15555,37,2,0
15556,8,1,5
15556,28,1,0
15557,41,1,5
15557,18,1,5
15557,11,2,0
15558,49,1,0
15559,50,1,5
15559,1,1,20
15560,6,2,20
15561,4,1,0
15561,3,2,20
15562,51,1,30
15562,38,1,20
15562,24,1,0
15562,22,1,10
15563,17,1,10
15563,9,2,15
15564,27,1,0
15564,17,1,0
15565,28,1,0
15566,32,2,5
15567,13,1,30
15567,62,2,15
15568,3,1,30
15568,30,1,0
15569,39,1,5
15570,22,1,30
15570,39,1,0
15571,24,2,15
15571,13,1,5
15572,4,1,5
15572,7,2,15
15573,13,2,10
15573,8,1,30
15573,52,2,20
15574,10,1,20
15575,57,1,15
15576,47,1,5
15577,42,2,10
15578,1,2,15
15578,7,1,20
15579,20,1,15
15579,61,2,0
15580,35,2,5
15581,58,2,10
15581,10,1,0
15582,2,1,15
15582,20,1,5
15582,63,2,0
15582,19,1,10
15583,15,1,0
15584,31,2,10
15584,26,1,0
15585,6,2,20
15585,7,1,20
15586,4,1,0
15586,30,1,5
15586,42,1,0
15587,43,2,10
15588,40,2,5
15589,48,1,0
15589,43,2,10
15590,46,1,5
15591,59,1,10
15592,49,2,5
15593,60,1,10
15594,24,2,10
15594,47,2,15
15594,19,1,10
15595,42,1,10
15596,39,1,20
15596,13,1,15
15596,26,1,15
15597,58,1,0
15597,64,1,0
15597,17,1,5
15598,34,1,10
15599,23,1,20
15600,12,2,15
15600,6,1,15
15600,53,2,5
15601,11,1,20
15601,48,1,0
15602,17,1,10
15603,6,2,30
15604,22,2,5
15604,23,1,20
15605,9,1,10
15606,56,1,5
15606,20,1,15
15607,54,1,5
15608,55,1,5
15609,59,2,5
15609,46,1,10
15610,28,1,10
15611,57,1,20
15611,5,2,20
15612,31,1,5
15612,10,1,0
15613,36,1,10
15613,49,1,5
15614,43,1,5
15614,46,1,10
15615,40,2,10
15615,22,2,5
15615,32,1,15
15616,22,1,5
15617,52,2,10
15617,7,1,10
15617,43,1,20
15618,33,2,5
15618,62,1,5
15619,42,1,0
15619,7,1,0
15619,10,1,30
15620,61,2,15
15621,56,1,5
15621,2,1,30
15622,33,1,15
15622,38,2,10
15622,22,2,0
15623,20,1,10
15624,16,1,20
15625,31,1,0
15626,7,1,0
15626,33,1,5
15626,49,1,20
15626,24,1,5
15627,38,2,20
15627,23,1,10
15627,2,1,30
15628,32,1,0
15629,24,2,10
15630,49,1,0
15631,28,1,20
15632,15,1,0
15633,46,1,10
15633,21,1,0
15634,42,1,0
15635,62,1,10
15635,34,1,5
15635,40,2,20
15635,20,2,10
15636,61,1,0
15637,11,1,30
15637,57,1,0
15638,33,1,10
15639,21,1,5
15639,3,1,5
15640,19,2,20
15640,4,1,5
15640,22,1,0
15640,48,1,5
15641,31,1,5
15642,12,1,0
15643,4,1,0
15644,11,1,10
15645,20,2,30
15646,50,1,5
15646,13,2,30
15646,42,1,0
15646,60,1,5
15647,19,1,15
15647,49,1,0
15647,63,2,15
15648,3,2,5
15648,20,1,30
15649,18,2,0
15649,60,1,15
15649,26,1,20
15649,55,1,5
15650,46,1,0
15651,47,2,15
15652,55,1,0
15652,64,1,0
15653,53,1,20
15653,25,1,5
15654,13,1,5
15655,49,1,0
15656,21,2,10
15657,4,1,30
15657,24,2,0
15658,9,1,0
15659,8,1,0
15660,23,1,0
15660,15,1,0
15661,29,1,0
15661,61,1,5
15661,32,1,0
15662,48,1,0
15662,1,2,10
15663,26,1,5
15663,22,1,0
15664,36,1,0
15665,30,1,5
15666,40,1,10
15666,5,1,0
15666,7,1,0
15667,36,2,0
15668,41,1,0
15668,60,1,5
15669,36,1,0
15669,18,1,5
15670,19,1,20
15671,62,1,5
15672,64,1,10
15672,47,1,5
15673,12,1,0
15674,8,2,10
15675,9,1,30
15676,50,2,10
15677,52,1,0
15677,12,1,5
15678,15,1,0
15678,18,1,10
15679,31,1,10
15679,64,1,0
15680,46,1,0
15680,47,1,5
15681,49,2,30
15682,9,1,0
15682,13,2,10
15682,17,2,0
15683,14,1,0
15684,12,1,0
15684,59,1,5
15685,2,1,20
15685,18,1,0
15685,36,1,5
15686,3,2,30
15687,5,1,0
15687,31,1,10
15688,15,1,10
15688,11,1,5
15688,48,1,0
15688,13,1,0
15689,35,1,5
15690,11,1,0
15691,12,1,20
15692,9,1,5
15692,17,1,0
15693,32,1,5
15693,40,1,0
15694,40,1,0
15695,38,2,0
15696,3,1,0
15696,63,1,0
15697,61,1,0
15698,7,1,0
15699,6,2,30
15700,2,1,0
15700,1,1,30
15700,30,1,0
15701,53,1,0
15702,62,1,0
15702,48,1,0
15702,24,1,5
15703,45,1,20
15703,29,2,0
15704,64,1,5
15705,9,1,0
15706,58,1,0
15707,61,1,0
15707,39,2,0
15707,36,2,20
15708,62,1,0
15709,37,1,0
15710,29,1,5
15710,13,1,0
15710,40,1,0
15710,37,1,5
15711,63,1,0
15712,62,1,5
15712,49,1,0
15712,6,1,0
15713,38,1,0
15713,42,1,0
15714,26,1,10
15715,15,1,0
15715,7,1,0
15715,30,2,5
15716,24,2,0
15716,34,2,0
15717,5,1,0
15717,58,1,0
15718,33,1,5
15718,22,1,5
15718,55,2,0
15719,54,1,0
15720,35,1,0
15720,39,1,0
15721,29,1,5
15721,14,1,0
15722,12,1,10
15723,21,1,10
15724,23,1,10
15725,29,1,0
15726,57,1,0
15727,18,1,0
15728,1,1,0
15729,59,2,5
15730,10,1,0
15731,36,1,5
15732,30,1,5
15733,6,2,0
15733,18,2,0
15734,33,1,10
15734,60,1,0
15734,18,1,5
15735,45,1,10
15736,20,1,0
15737,56,1,0
15737,50,1,20
15737,37,1,0
15738,56,1,0
15738,9,1,20
15739,38,1,0
15739,19,1,0
15740,51,1,0
15740,56,1,10
15741,30,1,5
15742,40,1,10
15742,1,1,5
15743,24,2,0
15744,47,1,0
15745,41,1,10
15746,60,1,0
15747,9,2,0
15747,15,1,10
15747,32,1,0
15747,19,1,10
15748,23,1,0
15748,31,1,0
15749,58,2,0
15749,39,1,20
15750,6,1,0
15750,51,1,5
15751,4,1,0
15752,10,1,0
15752,40,1,15
15753,38,1,0
15754,28,1,0
15755,15,2,20
15755,2,1,5
15756,56,1,5
15756,62,1,0
15756,7,1,0
15757,15,1,5
15757,40,1,20
15758,12,1,0
15758,49,1,0
15759,49,1,5
15759,53,1,0
15760,48,2,10
15760,3,1,10
15760,31,1,5
15760,42,1,0
15761,14,1,0
15762,16,1,0
15763,34,2,0
15763,57,1,0
15764,7,2,0
15765,51,1,20
15765,56,1,5
15765,52,1,5
15766,9,1,0
15766,57,1,0
15767,41,1,0
15768,19,1,5
15768,62,1,5
15768,33,1,0
15769,46,1,0
15769,26,1,0
15770,36,1,10
15771,36,1,0
15771,62,1,15
15771,43,1,15
15772,18,1,10
15773,41,2,0
15774,16,2,15
15774,43,1,0
15774,10,2,0
15774,3,2,0
15775,58,1,0
15775,41,1,20
15775,63,1,10
15775,19,2,5
15776,57,1,15
15776,58,1,0
15777,21,1,15
15777,49,1,0
15777,60,1,0
15777,4,1,10
15778,33,2,0
15778,48,1,5
15779,62,1,0
15780,2,1,15
15781,23,1,0
15781,10,1,0
15782,60,1,0
15783,23,1,0
15784,26,1,15
15785,1,2,0
15785,54,1,0
15786,2,2,0
15786,8,2,0
15787,16,1,0
15788,4,1,0
15789,16,1,10
15789,27,1,0
15790,10,1,20
15790,63,1,0
15790,51,1,0
15791,37,1,5
15791,51,1,0
15792,53,1,5
15792,2,2,30
15792,33,1,0
15792,9,2,0
15793,5,1,0
15793,16,1,0
15794,26,1,15
15795,46,1,0
15795,4,1,20
15795,55,1,5
15796,14,1,0
15796,51,2,0
15797,26,2,5
15798,56,1,0
15798,9,1,15
15799,53,1,0
15800,3,1,5
15800,30,2,5
15801,53,2,0
15802,58,1,0
15802,19,1,0
15803,21,2,20
15803,58,1,15
15804,60,1,0
15804,3,1,0
15805,40,1,5
15805,52,1,10
15806,18,1,0
15806,50,1,5
15806,45,1,0
15807,5,2,15
15808,31,1,0
15808,57,2,5
15809,32,1,0
15810,37,1,5
15810,38,1,0
15810,45,1,5
15810,54,1,0
15811,18,1,0
15812,26,2,0
15813,6,1,30
15813,26,1,5
15814,26,2,0
15814,58,2,10
15815,15,1,0
15815,38,2,0
15815,64,1,0
15816,47,2,0
15817,49,2,0
15818,59,1,5
15819,22,1,5
15820,56,1,0
15820,18,1,0
15821,35,1,0
15822,39,1,0
15822,24,1,5
15823,49,1,10
15823,19,1,10
15824,47,1,15
15824,25,1,0
15824,31,1,5
15825,23,1,0
15826,8,1,0
15826,36,1,5
15827,59,1,0
15828,62,1,5
15829,46,1,0
15829,4,1,0
15829,30,1,0
15830,23,1,0
15830,13,2,5
15831,19,2,0
15831,5,1,5
15832,12,2,0
15832,18,1,10
15833,10,1,20
15834,31,1,0
15835,42,2,0
15836,42,1,5
15837,46,2,10
15837,8,1,0
15838,5,1,0
15839,57,2,20
15840,29,1,5
15840,19,1,5
15841,32,1,5
15841,18,1,0
15841,3,1,0
15842,21,1,0
15843,38,1,0
15844,7,2,0
15844,37,1,10
15845,1,1,0
15846,19,2,10
15847,10,1,15
15847,20,1,10
15848,22,1,0
15849,34,1,0
15849,30,2,0
15850,18,1,0
15850,42,1,15
15851,33,1,5
15852,49,2,0
15853,62,1,0
15853,15,1,0
15853,22,2,0
15853,61,1,5
15854,24,1,5
15854,14,1,0
15854,58,1,0
15855,3,2,15
15856,36,1,0
15856,25,2,0
15857,29,1,0
15857,52,1,10
15858,2,2,0
15859,46,1,0
15859,41,1,0
15860,35,1,0
15861,6,1,0
15862,27,1,5
15863,45,1,0
15863,57,2,10
15864,3,1,5
15865,48,1,0
15865,27,1,0
15866,16,2,0
15867,61,1,5
15867,19,1,0
15868,29,1,0
15868,16,1,20
15868,47,1,0
15868,61,1,5
15869,64,1,0
15870,41,1,0
15870,11,2,5
15870,52,1,5
15871,32,1,5
15871,26,2,15
15872,28,1,10
15872,58,1,0
15872,63,1,10
15873,25,1,0
15873,50,1,0
15873,44,1,0
15874,51,1,0
15874,52,1,0
15875,23,2,10
15875,21,2,15
15876,39,2,0
15876,40,1,5
15877,4,1,10
15877,54,2,0
15878,50,1,0
15879,44,1,5
15880,14,1,0
15880,8,1,15
15880,13,1,5
15881,21,1,20
15881,30,1,0
15881,14,1,15
15881,17,1,0
15882,51,1,0
15883,64,1,0
15883,38,1,5
15884,41,1,15
15884,32,1,10
15884,30,1,0
15885,61,1,0
15886,5,1,0
15886,55,1,0
15887,62,1,0
15887,57,2,0
15888,23,1,0
15888,34,1,0
15889,27,1,0
15889,24,2,5
15890,42,1,0
15890,4,1,30
15890,46,1,0
15890,14,1,10
15891,37,1,0
15891,47,1,0
15892,58,1,15
15892,40,2,10
15892,21,2,0
15892,54,1,0
15893,51,2,0
15893,42,1,0
15894,33,1,0
15895,38,1,0
15895,20,1,10
15896,60,1,0
15897,62,1,0
15898,17,1,0
15899,7,1,0
15900,10,1,0
15900,38,1,15
15901,50,1,0
15901,22,1,5
15901,13,1,0
15902,37,1,10
15903,17,2,0
15904,30,1,5
15904,40,1,0
15905,62,1,0
15906,53,2,0
15907,30,2,0
15907,47,2,0
15907,6,1,0
15907,44,1,0
15908,7,1,5
15909,45,1,0
15909,53,1,0
15910,56,1,0
15910,55,1,0
15910,47,1,0
