customer_id,recency,frequency,monetary,R,F,M,segment
1,19,3,8439.0,5,3,3,Loyal
2,448,2,1770.0,2,2,2,At risk
3,518,1,1777.5,1,1,2,Hibernating
4,72,1,1444.0,5,1,1,New customers
5,7,2,8527.0,5,2,3,Needs attention
6,316,1,39588.0,3,1,5,Needs attention
7,404,1,1180.0,2,1,1,Hibernating
8,471,1,1930.0,2,1,2,Hibernating
9,95,3,38883.0,4,3,5,Champions
10,33,2,47838.0,5,2,5,Needs attention
11,396,2,27379.0,2,2,5,At risk
12,594,2,20278.5,1,2,4,At risk
13,610,1,7360.0,1,1,3,Hibernating
14,10,2,7806.0,5,2,3,Needs attention
15,432,1,2031.0,2,1,2,Hibernating
16,258,4,31399.5,3,4,5,Loyal
17,375,2,10708.0,3,2,4,Needs attention
18,134,3,24203.0,4,3,5,Champions
19,672,1,4693.0,1,1,3,Hibernating
20,611,2,17113.0,1,2,4,At risk
21,501,3,23081.5,2,3,4,Loyal
22,261,3,3376.0,3,3,2,Loyal
23,247,1,120.0,3,1,1,Needs attention
24,382,1,4454.0,2,1,3,Hibernating
25,407,1,2721.0,2,1,2,Hibernating
26,40,2,259.0,5,2,1,Needs attention
27,576,2,18240.0,1,2,4,At risk
28,138,4,55417.0,4,4,5,Champions
29,334,1,3060.0,3,1,2,Needs attention
30,195,4,6770.5,4,4,3,Loyal
31,158,1,2410.0,4,1,2,New customers
32,434,1,3068.5,2,1,2,Hibernating
33,53,1,1147.5,5,1,1,New customers
34,483,2,6556.0,2,2,3,At risk
35,242,3,20796.0,3,3,4,Loyal
36,286,2,2793.0,3,2,2,Needs attention
37,40,3,39667.5,5,3,5,Champions
38,408,1,4320.0,2,1,3,Hibernating
39,489,2,41561.5,2,2,5,At risk
40,694,2,61457.0,1,2,5,At risk
41,298,4,29607.5,3,4,5,Loyal
42,107,2,11019.0,4,2,4,Needs attention
43,693,2,1634.0,1,2,1,At risk
44,77,2,8574.0,5,2,3,Needs attention
45,334,1,420.0,3,1,1,Needs attention
46,500,4,38340.0,2,4,5,Loyal
47,321,2,1125.0,3,2,1,Needs attention
48,328,1,1758.0,3,1,2,Needs attention
49,484,2,3250.0,2,2,2,At risk
50,645,1,2821.5,1,1,2,Hibernating
51,68,3,3157.5,5,3,2,Loyal
52,241,1,7002.0,3,1,3,Needs attention
53,637,1,6430.0,1,1,3,Hibernating
54,430,2,5526.0,2,2,3,At risk
55,452,3,12487.0,2,3,4,Loyal
56,261,1,240.0,3,1,1,Needs attention
57,156,2,33217.0,4,2,5,Needs attention
58,182,2,47634.0,4,2,5,Needs attention
59,24,3,13755.0,5,3,4,Champions
60,134,2,894.0,4,2,1,Needs attention
61,469,2,1388.5,2,2,1,At risk
63,288,1,152.0,3,1,1,Needs attention
64,74,1,1803.5,5,1,2,New customers
65,34,1,603.0,5,1,1,New customers
66,556,1,38260.0,1,1,5,Hibernating
67,396,2,5400.0,2,2,3,At risk
68,703,1,2280.0,1,1,2,Hibernating
69,410,2,3829.0,2,2,2,At risk
70,284,2,2196.5,3,2,2,Needs attention
71,163,2,21358.0,4,2,4,Needs attention
72,458,1,684.0,2,1,1,Hibernating
73,408,2,1867.5,2,2,2,At risk
74,134,1,2200.0,4,1,2,New customers
75,383,2,770.0,2,2,1,At risk
76,146,1,28932.0,4,1,5,New customers
77,19,2,38679.0,5,2,5,Needs attention
78,236,4,31257.0,3,4,5,Loyal
79,575,2,20869.5,1,2,4,At risk
80,13,2,8909.5,5,2,3,Needs attention
81,270,1,540.0,3,1,1,Needs attention
82,455,2,4379.5,2,2,3,At risk
83,281,1,19992.0,3,1,4,Needs attention
84,264,2,6667.0,3,2,3,Needs attention
85,34,2,16263.5,5,2,4,Needs attention
86,486,3,6341.0,2,3,3,Loyal
87,25,1,950.0,5,1,1,New customers
88,57,1,17692.0,5,1,4,New customers
89,569,2,10079.5,1,2,4,At risk
90,386,2,10130.0,2,2,4,At risk
91,348,1,7946.0,3,1,3,Needs attention
92,515,3,10419.0,1,3,4,Loyal
93,376,2,1714.0,2,2,2,At risk
94,414,1,1577.0,2,1,1,Hibernating
95,41,1,38687.0,5,1,5,New customers
96,6,2,20271.0,5,2,4,Needs attention
97,201,4,20829.5,4,4,4,Champions
98,97,1,940.0,4,1,1,New customers
99,654,1,5420.0,1,1,3,Hibernating
100,163,2,2652.0,4,2,2,Needs attention
101,120,1,1246.5,4,1,1,New customers
102,31,2,16931.0,5,2,4,Needs attention
103,393,2,9759.5,2,2,4,At risk
104,25,3,18887.5,5,3,4,Champions
105,619,2,8930.0,1,2,3,At risk
106,360,1,2844.0,3,1,2,Needs attention
107,384,1,11520.0,2,1,4,Hibernating
108,397,2,11013.0,2,2,4,At risk
109,642,1,788.5,1,1,1,Hibernating
110,101,2,2770.0,4,2,2,Needs attention
111,377,2,8488.0,2,2,3,At risk
112,261,1,6185.5,3,1,3,Needs attention
113,433,1,3672.0,2,1,2,Hibernating
114,461,1,2040.5,2,1,2,Hibernating
115,101,1,9270.0,4,1,4,New customers
116,654,1,210.0,1,1,1,Hibernating
117,202,1,91226.0,4,1,5,New customers
118,158,3,22292.0,4,3,4,Champions
119,307,4,6479.0,3,4,3,Loyal
120,405,3,29025.0,2,3,5,Loyal
121,717,1,240.0,1,1,1,Hibernating
122,66,1,1206.0,5,1,1,New customers
123,45,1,2555.5,5,1,2,New customers
124,557,1,720.0,1,1,1,Hibernating
125,705,1,2166.0,1,1,2,Hibernating
126,640,1,37000.0,1,1,5,Hibernating
127,612,3,78476.0,1,3,5,Loyal
128,67,2,16636.0,5,2,4,Needs attention
129,87,1,1896.9999999999998,5,1,2,New customers
130,535,2,8500.0,1,2,3,At risk
131,116,2,3461.0,4,2,2,Needs attention
133,239,3,30562.0,3,3,5,Loyal
134,236,2,2921.5,3,2,2,Needs attention
135,219,1,6108.5,4,1,3,New customers
136,74,2,17956.5,5,2,4,Needs attention
137,693,1,4940.0,1,1,3,Hibernating
138,416,3,4740.0,2,3,3,Loyal
139,526,1,3725.5,1,1,2,Hibernating
140,503,1,26480.0,2,1,5,Hibernating
141,20,1,23690.0,5,1,5,New customers
142,171,1,36330.0,4,1,5,New customers
143,492,1,670.0,2,1,1,Hibernating
144,38,1,570.0,5,1,1,New customers
145,275,3,5052.0,3,3,3,Loyal
146,362,1,2710.0,3,1,2,Needs attention
147,365,1,2070.0,3,1,2,Needs attention
148,621,1,1140.0,1,1,1,Hibernating
149,64,1,8445.5,5,1,3,New customers
150,712,1,1501.0,1,1,1,Hibernating
151,586,2,25513.5,1,2,5,At risk
152,556,1,9356.5,1,1,4,Hibernating
153,375,5,61832.0,3,5,5,Loyal
154,629,1,9518.5,1,1,4,Hibernating
155,712,1,6802.0,1,1,3,Hibernating
156,38,3,64303.5,5,3,5,Champions
157,10,2,2160.0,5,2,2,Needs attention
158,642,1,4441.0,1,1,3,Hibernating
159,339,3,16885.5,3,3,4,Loyal
160,363,2,5390.0,3,2,3,Needs attention
161,25,1,5672.0,5,1,3,New customers
162,237,1,3480.0,3,1,2,Needs attention
163,25,3,20414.0,5,3,4,Champions
164,154,2,812.5,4,2,1,Needs attention
165,373,2,5995.0,3,2,3,Needs attention
166,587,1,25140.0,1,1,5,Hibernating
167,99,2,42070.0,4,2,5,Needs attention
168,135,2,1960.0,4,2,2,Needs attention
169,246,5,5663.0,3,5,3,Loyal
170,15,5,29388.0,5,5,5,Champions
171,628,2,9992.0,1,2,4,At risk
172,205,1,1596.0,4,1,1,New customers
173,67,2,12628.0,5,2,4,Needs attention
174,575,2,21102.0,1,2,4,At risk
175,343,4,54863.5,3,4,5,Loyal
176,626,2,23638.5,1,2,5,At risk
177,318,1,2457.5,3,1,2,Needs attention
178,36,2,5486.5,5,2,3,Needs attention
179,662,1,1356.5,1,1,1,Hibernating
180,392,2,6730.0,2,2,3,At risk
181,37,1,66469.5,5,1,5,New customers
182,495,2,7902.0,2,2,3,At risk
183,627,1,981.0,1,1,1,Hibernating
184,380,1,1216.0,2,1,1,Hibernating
185,369,1,2804.0,3,1,2,Needs attention
186,238,2,6899.0,3,2,3,Needs attention
187,497,1,2574.5,2,1,2,Hibernating
188,39,1,18168.0,5,1,4,New customers
189,358,1,790.0,3,1,1,Needs attention
190,525,1,2822.0,1,1,2,Hibernating
191,50,1,1938.0,5,1,2,New customers
192,50,2,3835.0,5,2,2,Needs attention
193,239,2,6812.5,3,2,3,Needs attention
194,708,1,20439.0,1,1,4,Hibernating
196,323,1,2681.0,3,1,2,Needs attention
197,346,5,12583.0,3,5,4,Loyal
198,30,3,13176.5,5,3,4,Champions
199,125,2,41550.0,4,2,5,Needs attention
200,624,2,25446.0,1,2,5,At risk
201,216,1,2888.0,4,1,2,New customers
202,626,1,1440.0,1,1,1,Hibernating
203,191,1,4436.5,4,1,3,New customers
204,369,2,7156.5,3,2,3,Needs attention
205,722,1,21832.0,1,1,4,Hibernating
206,45,1,21600.0,5,1,4,New customers
207,428,4,5159.0,2,4,3,Loyal
208,61,3,83589.0,5,3,5,Champions
209,540,2,11230.5,1,2,4,At risk
210,25,2,1025.0,5,2,1,Needs attention
211,169,2,20133.0,4,2,4,Needs attention
212,137,2,10416.0,4,2,4,Needs attention
213,298,4,6604.5,3,4,3,Loyal
214,395,1,1040.0,2,1,1,Hibernating
215,66,2,6154.0,5,2,3,Needs attention
216,109,2,27956.0,4,2,5,Needs attention
217,124,1,4864.0,4,1,3,New customers
218,715,1,23002.0,1,1,4,Hibernating
219,240,2,2539.0,3,2,2,Needs attention
220,652,1,3895.0,1,1,2,Hibernating
221,369,5,98735.0,3,5,5,Loyal
222,67,2,6932.5,5,2,3,Needs attention
223,439,2,5744.0,2,2,3,At risk
224,158,1,240.0,4,1,1,New customers
225,395,1,22626.0,2,1,4,Hibernating
226,556,1,4813.0,1,1,3,Hibernating
227,489,1,22600.0,2,1,4,Hibernating
228,353,1,5834.0,3,1,3,Needs attention
229,186,1,2812.0,4,1,2,New customers
230,299,1,22710.0,3,1,4,Needs attention
231,61,1,1152.0,5,1,1,New customers
232,61,2,1377.0,5,2,1,Needs attention
233,110,3,51465.5,4,3,5,Champions
234,68,2,10198.0,5,2,4,Needs attention
235,524,1,40434.0,1,1,5,Hibernating
236,432,1,8257.5,2,1,3,Hibernating
237,487,2,6326.0,2,2,3,At risk
238,385,2,4452.0,2,2,3,At risk
239,66,1,1180.0,5,1,1,New customers
240,426,1,399.5,2,1,1,Hibernating
241,638,1,2542.0,1,1,2,Hibernating
242,53,3,23686.0,5,3,5,Champions
243,37,1,2439.0,5,1,2,New customers
244,2,2,12044.5,5,2,4,Needs attention
245,498,2,24737.5,2,2,5,At risk
246,403,1,470.0,2,1,1,Hibernating
247,227,2,1174.0,4,2,1,Needs attention
248,377,3,21174.0,2,3,4,Loyal
249,539,1,579.5,1,1,1,Hibernating
250,443,4,9754.0,2,4,4,Loyal
251,23,1,4693.0,5,1,3,New customers
252,188,1,20863.0,4,1,4,New customers
253,125,1,6060.0,4,1,3,New customers
254,143,1,2700.0,4,1,2,New customers
255,11,2,1505.0,5,2,1,Needs attention
256,472,2,4519.0,2,2,3,At risk
257,55,2,13192.5,5,2,4,Needs attention
258,677,1,670.0,1,1,1,Hibernating
259,382,1,3687.0,2,1,2,Hibernating
260,307,1,3580.0,3,1,2,Needs attention
261,444,2,10332.5,2,2,4,At risk
262,628,1,5440.0,1,1,3,Hibernating
263,416,1,1474.5,2,1,1,Hibernating
264,36,3,33551.5,5,3,5,Champions
265,505,1,532.0,2,1,1,Hibernating
266,499,1,1198.0,2,1,1,Hibernating
267,71,1,1905.5,5,1,2,New customers
268,624,1,21934.5,1,1,4,Hibernating
269,62,2,2175.5,5,2,2,Needs attention
270,73,1,7879.5,5,1,3,New customers
271,306,1,35603.5,3,1,5,Needs attention
272,604,1,560.0,1,1,1,Hibernating
273,596,2,1010.0,1,2,1,At risk
274,524,1,670.0,1,1,1,Hibernating
275,322,1,1786.0,3,1,2,Needs attention
276,578,2,39488.0,1,2,5,At risk
277,408,1,570.0,2,1,1,Hibernating
278,642,1,47673.0,1,1,5,Hibernating
279,324,2,7292.0,3,2,3,Needs attention
280,634,3,7031.0,1,3,3,Loyal
281,115,3,23484.0,4,3,5,Champions
282,674,2,6137.5,1,2,3,At risk
283,391,5,65767.5,2,5,5,Loyal
284,504,2,16692.0,2,2,4,At risk
285,60,2,30217.0,5,2,5,Needs attention
286,671,2,1233.0,1,2,1,At risk
287,372,2,3573.5,3,2,2,Needs attention
288,305,1,2857.0,3,1,2,Needs attention
289,236,4,17850.5,3,4,4,Loyal
290,32,2,7218.0,5,2,3,Needs attention
291,76,4,77578.0,5,4,5,Champions
292,441,1,2388.0,2,1,2,Hibernating
293,88,2,18191.5,5,2,4,Needs attention
294,448,3,17955.0,2,3,4,Loyal
295,3,2,10204.0,5,2,4,Needs attention
296,269,3,1917.0,3,3,2,Loyal
297,84,3,27190.0,5,3,5,Champions
298,75,3,34452.0,5,3,5,Champions
299,167,1,1238.5,4,1,1,New customers
300,77,3,60223.5,5,3,5,Champions
301,153,3,59963.0,4,3,5,Champions
302,689,1,3043.0,1,1,2,Hibernating
303,377,1,3924.0,2,1,2,Hibernating
304,360,3,2184.5,3,3,2,Loyal
305,98,1,1140.0,4,1,1,New customers
306,435,3,20148.0,2,3,4,Loyal
307,569,1,610.0,1,1,1,Hibernating
308,553,1,4560.0,1,1,3,Hibernating
309,163,2,24989.0,4,2,5,Needs attention
310,325,1,11097.5,3,1,4,Needs attention
311,20,2,6940.0,5,2,3,Needs attention
312,430,1,327.0,2,1,1,Hibernating
313,530,1,1080.0,1,1,1,Hibernating
315,692,2,1680.0,1,2,2,At risk
316,456,1,2176.0,2,1,2,Hibernating
317,61,1,22479.5,5,1,4,New customers
318,123,3,99945.0,4,3,5,Champions
319,93,1,22710.0,5,1,4,New customers
320,647,1,1004.0,1,1,1,Hibernating
321,602,2,7890.0,1,2,3,At risk
322,111,2,24543.0,4,2,5,Needs attention
323,347,3,49028.0,3,3,5,Loyal
324,686,1,931.0,1,1,1,Hibernating
325,437,1,7642.5,2,1,3,Hibernating
326,37,2,6994.0,5,2,3,Needs attention
327,128,3,15391.5,4,3,4,Champions
328,440,3,30641.5,2,3,5,Loyal
329,109,2,5477.0,4,2,3,Needs attention
330,122,1,13439.5,4,1,4,New customers
331,51,3,5847.5,5,3,3,Loyal
332,5,3,23069.5,5,3,4,Champions
333,556,1,50749.0,1,1,5,Hibernating
334,28,1,98.0,5,1,1,New customers
335,348,3,27288.0,3,3,5,Loyal
336,159,1,2052.0,4,1,2,New customers
337,159,3,66238.0,4,3,5,Champions
338,170,1,34272.0,4,1,5,New customers
339,209,3,59748.0,4,3,5,Champions
340,270,1,2628.0,3,1,2,Needs attention
341,82,3,27591.0,5,3,5,Champions
342,170,1,8129.0,4,1,3,New customers
343,195,1,6560.0,4,1,3,New customers
344,627,1,21650.0,1,1,4,Hibernating
345,134,1,5610.0,4,1,3,New customers
346,203,3,55932.5,4,3,5,Champions
347,406,2,3658.5,2,2,2,At risk
348,249,4,13007.5,3,4,4,Loyal
349,8,2,22531.5,5,2,4,Needs attention
350,114,1,850.0,4,1,1,New customers
351,85,2,8230.0,5,2,3,Needs attention
352,398,1,18710.0,2,1,4,Hibernating
354,407,2,4889.0,2,2,3,At risk
355,237,1,1090.0,3,1,1,Needs attention
356,88,4,70949.0,5,4,5,Champions
357,540,1,4088.5,1,1,2,Hibernating
358,502,2,38000.0,2,2,5,At risk
359,469,3,43517.0,2,3,5,Loyal
360,500,2,8781.5,2,2,3,At risk
361,215,2,12412.0,4,2,4,Needs attention
363,611,1,1300.0,1,1,1,Hibernating
364,426,1,54549.0,2,1,5,Hibernating
365,256,3,19275.0,3,3,4,Loyal
366,554,1,11502.5,1,1,4,Hibernating
367,341,3,22470.0,3,3,4,Loyal
368,382,2,6083.0,2,2,3,At risk
369,226,2,14520.0,4,2,4,Needs attention
370,469,1,936.0,2,1,1,Hibernating
371,189,2,30350.0,4,2,5,Needs attention
372,453,2,2894.0,2,2,2,At risk
373,23,3,7040.0,5,3,3,Loyal
374,392,1,1030.5,2,1,1,Hibernating
375,593,1,900.0,1,1,1,Hibernating
376,236,1,59.5,3,1,1,Needs attention
377,257,2,19355.5,3,2,4,Needs attention
378,509,1,2090.0,2,1,2,Hibernating
379,161,1,420.0,4,1,1,New customers
381,18,2,5420.0,5,2,3,Needs attention
382,70,1,1258.0,5,1,1,New customers
383,117,1,1760.0,4,1,2,New customers
384,372,2,20225.5,3,2,4,Needs attention
385,178,1,5133.0,4,1,3,New customers
386,486,1,66.5,2,1,1,Hibernating
387,399,1,1682.5,2,1,2,Hibernating
388,305,2,58870.5,3,2,5,Needs attention
390,127,1,850.0,4,1,1,New customers
391,350,2,1840.0,3,2,2,Needs attention
392,72,5,18567.0,5,5,4,Champions
393,351,4,7171.0,3,4,3,Loyal
394,111,2,7298.5,4,2,3,Needs attention
395,325,1,1880.0,3,1,2,Needs attention
396,344,1,2040.0,3,1,2,Needs attention
397,178,1,5298.0,4,1,3,New customers
398,247,2,37565.0,3,2,5,Needs attention
399,600,2,4060.0,1,2,2,At risk
400,521,1,603.0,1,1,1,Hibernating
401,453,5,52786.5,2,5,5,Loyal
402,192,2,7306.5,4,2,3,Needs attention
403,695,1,1295.0,1,1,1,Hibernating
404,587,1,1090.0,1,1,1,Hibernating
405,255,1,880.0,3,1,1,Needs attention
406,123,2,18999.0,4,2,4,Needs attention
407,266,3,11483.0,3,3,4,Loyal
408,69,2,6496.0,5,2,3,Needs attention
409,52,1,324.0,5,1,1,New customers
410,415,3,13571.0,2,3,4,Loyal
411,6,2,2666.5,5,2,2,Needs attention
412,286,2,2950.0,3,2,2,Needs attention
413,274,1,360.0,3,1,1,Needs attention
414,654,1,16184.0,1,1,4,Hibernating
416,180,2,4787.0,4,2,3,Needs attention
417,87,2,966.5,5,2,1,Needs attention
418,466,1,6260.0,2,1,3,Hibernating
419,239,3,1450.0,3,3,1,Loyal
420,22,2,22791.0,5,2,4,Needs attention
421,105,2,37178.0,4,2,5,Needs attention
422,448,3,3892.0,2,3,2,Loyal
423,14,2,18846.5,5,2,4,Needs attention
424,42,1,788.5,5,1,1,New customers
425,601,1,20536.0,1,1,4,Hibernating
426,111,3,6234.0,4,3,3,Loyal
427,437,1,2069.5,2,1,2,Hibernating
428,281,2,3462.0,3,2,2,Needs attention
429,343,2,474.0,3,2,1,Needs attention
431,10,1,2888.0,5,1,2,New customers
432,167,1,2627.0,4,1,2,New customers
433,62,1,12693.0,5,1,4,New customers
434,60,1,2233.0,5,1,2,New customers
435,554,3,6843.0,1,3,3,Loyal
436,388,2,6050.0,2,2,3,At risk
437,211,1,39741.0,4,1,5,New customers
438,308,1,720.0,3,1,1,Needs attention
440,659,1,4457.5,1,1,3,Hibernating
441,308,2,22020.0,3,2,4,Needs attention
442,253,3,1810.0,3,3,2,Loyal
443,609,1,1640.5,1,1,1,Hibernating
444,596,1,54020.0,1,1,5,Hibernating
445,634,1,1132.0,1,1,1,Hibernating
446,320,1,989.5,3,1,1,Needs attention
447,663,2,25824.0,1,2,5,At risk
448,225,2,35053.5,4,2,5,Needs attention
449,392,1,210.0,2,1,1,Hibernating
450,290,1,2220.0,3,1,2,Needs attention
451,171,3,29194.5,4,3,5,Champions
452,250,2,7345.5,3,2,3,Needs attention
453,208,1,11160.0,4,1,4,New customers
454,42,3,8569.0,5,3,3,Loyal
455,64,1,1596.0,5,1,1,New customers
456,18,3,14342.0,5,3,4,Champions
457,228,3,38668.0,4,3,5,Champions
458,334,2,1809.0,3,2,2,Needs attention
459,398,4,9612.0,2,4,4,Loyal
460,292,1,2133.0,3,1,2,Needs attention
461,443,2,35271.0,2,2,5,At risk
462,18,2,11361.5,5,2,4,Needs attention
463,126,1,3773.0,4,1,2,New customers
464,642,1,4969.5,1,1,3,Hibernating
465,169,1,11178.0,4,1,4,New customers
466,647,1,474.0,1,1,1,Hibernating
467,216,1,240.0,4,1,1,New customers
468,665,1,9009.0,1,1,3,Hibernating
469,252,3,15841.0,3,3,4,Loyal
470,263,1,1143.0,3,1,1,Needs attention
471,203,1,210.0,4,1,1,New customers
472,343,3,20611.0,3,3,4,Loyal
473,76,1,1503.0,5,1,1,New customers
474,177,1,5111.0,4,1,3,New customers
475,578,1,1035.5,1,1,1,Hibernating
476,243,1,3900.0,3,1,2,Needs attention
477,180,3,3900.0,4,3,2,Loyal
478,438,2,3046.0,2,2,2,At risk
479,197,1,123.5,4,1,1,New customers
480,93,1,30880.5,5,1,5,New customers
481,20,3,66044.5,5,3,5,Champions
482,180,1,2584.0,4,1,2,New customers
483,4,5,118441.5,5,5,5,Champions
484,518,2,3840.0,1,2,2,At risk
485,139,3,8059.0,4,3,3,Loyal
486,459,2,4761.0,2,2,3,At risk
487,343,1,2804.5,3,1,2,Needs attention
488,445,2,672.5,2,2,1,At risk
489,49,3,29763.5,5,3,5,Champions
490,541,3,6408.0,1,3,3,Loyal
491,46,1,7879.5,5,1,3,New customers
492,601,1,567.0,1,1,1,Hibernating
493,668,1,18080.0,1,1,4,Hibernating
494,56,1,3926.0,5,1,2,New customers
495,327,1,610.0,3,1,1,Needs attention
496,407,1,1180.5,2,1,1,Hibernating
497,31,3,42778.0,5,3,5,Champions
498,446,1,2584.0,2,1,2,Hibernating
499,335,4,45757.5,3,4,5,Loyal
500,204,1,598.5,4,1,1,New customers
501,408,4,36163.5,2,4,5,Loyal
502,111,2,15314.0,4,2,4,Needs attention
503,30,2,14190.0,5,2,4,Needs attention
504,67,1,1632.0,5,1,1,New customers
505,456,2,41096.0,2,2,5,At risk
506,129,2,9043.0,4,2,3,Needs attention
507,22,2,4452.0,5,2,3,Needs attention
508,364,2,2214.0,3,2,2,Needs attention
509,388,3,5947.5,2,3,3,Loyal
510,205,3,41622.0,4,3,5,Champions
511,258,1,36330.0,3,1,5,Needs attention
512,23,1,237.0,5,1,1,New customers
513,632,3,4100.5,1,3,2,Loyal
514,168,1,36176.0,4,1,5,New customers
515,117,1,3689.0,4,1,2,New customers
516,7,3,6215.0,5,3,3,Loyal
517,413,2,3420.0,2,2,2,At risk
518,633,1,2914.0,1,1,2,Hibernating
519,488,2,44230.5,2,2,5,At risk
520,126,1,790.0,4,1,1,New customers
521,99,1,7166.0,4,1,3,New customers
522,240,2,6951.5,3,2,3,Needs attention
523,642,1,5963.0,1,1,3,Hibernating
524,399,2,1806.5,2,2,2,At risk
525,331,3,3828.5,3,3,2,Loyal
526,231,4,44726.5,3,4,5,Loyal
527,640,2,4305.0,1,2,3,At risk
528,217,2,5820.0,4,2,3,Needs attention
529,335,1,1779.0,3,1,2,Needs attention
530,623,3,6925.5,1,3,3,Loyal
531,501,2,4502.0,2,2,3,At risk
532,407,1,108.0,2,1,1,Hibernating
533,214,1,1577.0,4,1,1,New customers
534,99,2,1591.0,4,2,1,Needs attention
535,417,1,23883.0,2,1,5,Hibernating
536,511,1,1681.0,1,1,2,Hibernating
537,31,1,16642.0,5,1,4,New customers
538,380,2,40286.5,2,2,5,At risk
539,501,1,43522.0,2,1,5,Hibernating
540,404,1,14477.0,2,1,4,Hibernating
541,364,4,31099.5,3,4,5,Loyal
542,508,1,399.0,2,1,1,Hibernating
543,324,2,44483.5,3,2,5,Needs attention
544,72,1,2816.5,5,1,2,New customers
545,120,3,32529.5,4,3,5,Champions
546,172,1,3040.0,4,1,2,New customers
547,342,1,1340.0,3,1,1,Needs attention
548,406,4,23433.0,2,4,5,Loyal
549,358,3,7226.5,3,3,3,Loyal
550,20,1,2710.0,5,1,2,New customers
551,697,1,2410.0,1,1,2,Hibernating
552,61,2,4592.5,5,2,3,Needs attention
553,193,1,25140.0,4,1,5,New customers
554,451,3,10544.0,2,3,4,Loyal
555,159,2,4788.5,4,2,3,Needs attention
556,136,1,2784.0,4,1,2,New customers
557,683,1,2703.0,1,1,2,Hibernating
558,607,2,4167.5,1,2,2,At risk
559,255,1,1580.0,3,1,1,Needs attention
560,10,1,610.0,5,1,1,New customers
562,188,3,38500.0,4,3,5,Champions
563,490,4,14068.5,2,4,4,Loyal
564,267,1,2630.0,3,1,2,Needs attention
565,166,4,106251.0,4,4,5,Champions
566,615,2,1668.0,1,2,1,At risk
567,78,2,5514.0,5,2,3,Needs attention
568,32,3,27361.0,5,3,5,Champions
569,22,2,21260.0,5,2,4,Needs attention
570,686,2,75036.0,1,2,5,At risk
571,457,3,4176.5,2,3,2,Loyal
572,557,1,21619.0,1,1,4,Hibernating
573,23,6,52590.5,5,5,5,Champions
574,437,2,7577.5,2,2,3,At risk
575,73,3,11756.0,5,3,4,Champions
576,173,1,5620.0,4,1,3,New customers
577,146,1,1351.0,4,1,1,New customers
578,512,3,57364.0,1,3,5,Loyal
579,719,1,900.0,1,1,1,Hibernating
580,74,1,1460.0,5,1,1,New customers
581,228,3,10065.0,4,3,4,Champions
582,154,3,11727.5,4,3,4,Champions
583,1,2,1602.0,5,2,1,Needs attention
584,680,2,5068.5,1,2,3,At risk
585,721,1,1570.0,1,1,1,Hibernating
586,720,1,17176.0,1,1,4,Hibernating
587,424,2,43956.0,2,2,5,At risk
588,684,2,44519.0,1,2,5,At risk
589,62,2,47581.0,5,2,5,Needs attention
590,291,1,15759.0,3,1,4,Needs attention
591,28,1,579.5,5,1,1,New customers
592,156,1,60836.0,4,1,5,New customers
593,46,1,972.0,5,1,1,New customers
594,247,3,4890.0,3,3,3,Loyal
595,473,2,4463.0,2,2,3,At risk
596,128,1,570.0,4,1,1,New customers
597,445,3,38497.0,2,3,5,Loyal
598,684,1,210.0,1,1,1,Hibernating
599,108,3,9881.0,4,3,4,Champions
600,85,2,7187.0,5,2,3,Needs attention
601,31,1,3488.0,5,1,2,New customers
602,22,2,1284.5,5,2,1,Needs attention
603,641,1,3470.5,1,1,2,Hibernating
604,176,1,70.0,4,1,1,New customers
605,120,1,2070.0,4,1,2,New customers
606,94,3,1783.0,5,3,2,Loyal
607,126,2,18323.5,4,2,4,Needs attention
608,47,3,32432.5,5,3,5,Champions
609,230,3,43000.0,4,3,5,Champions
610,702,1,4097.0,1,1,2,Hibernating
611,136,2,1196.0,4,2,1,Needs attention
612,574,1,38326.0,1,1,5,Hibernating
613,409,3,1657.0,2,3,1,Loyal
614,641,1,630.0,1,1,1,Hibernating
615,171,2,5937.5,4,2,3,Needs attention
616,286,2,3729.0,3,2,2,Needs attention
617,343,1,3040.0,3,1,2,Needs attention
618,200,1,2410.0,4,1,2,New customers
619,59,2,4307.0,5,2,3,Needs attention
620,71,2,5221.0,5,2,3,Needs attention
621,592,2,30085.0,1,2,5,At risk
622,11,2,13555.0,5,2,4,Needs attention
623,230,4,7926.5,4,4,3,Loyal
624,211,5,20688.5,4,5,4,Champions
625,153,1,70.0,4,1,1,New customers
626,37,2,8564.0,5,2,3,Needs attention
627,576,2,8700.5,1,2,3,At risk
628,591,1,6870.0,1,1,3,Hibernating
630,387,2,12609.0,2,2,4,At risk
631,660,1,8021.5,1,1,3,Hibernating
632,202,2,3617.0,4,2,2,Needs attention
633,63,2,6419.0,5,2,3,Needs attention
634,33,1,6949.5,5,1,3,New customers
635,186,1,3590.0,4,1,2,New customers
636,285,1,9100.0,3,1,4,Needs attention
637,327,2,420.0,3,2,1,Needs attention
638,663,2,40323.5,1,2,5,At risk
639,636,2,889.0,1,2,1,At risk
640,288,1,4693.0,3,1,3,Needs attention
641,721,1,4049.0,1,1,2,Hibernating
642,697,1,4480.0,1,1,3,Hibernating
643,410,3,41170.5,2,3,5,Loyal
644,93,1,2661.0,5,1,2,New customers
645,399,1,2041.0,2,1,2,Hibernating
646,168,2,3523.5,4,2,2,Needs attention
647,336,3,38199.0,3,3,5,Loyal
648,491,2,19467.0,2,2,4,At risk
649,71,4,33059.5,5,4,5,Champions
650,665,1,21560.5,1,1,4,Hibernating
651,153,3,4513.0,4,3,3,Loyal
652,561,2,6752.5,1,2,3,At risk
653,351,2,50952.0,3,2,5,Needs attention
654,23,2,2127.0,5,2,2,Needs attention
655,230,3,2640.0,4,3,2,Loyal
656,399,1,3518.0,2,1,2,Hibernating
657,185,5,17326.5,4,5,4,Champions
658,25,2,9703.0,5,2,4,Needs attention
659,464,2,11632.5,2,2,4,At risk
660,269,1,2289.5,3,1,2,Needs attention
661,111,1,360.0,4,1,1,New customers
662,198,2,1758.5,4,2,2,Needs attention
663,385,2,27010.5,2,2,5,At risk
664,608,2,34432.5,1,2,5,At risk
665,447,2,6071.0,2,2,3,At risk
667,337,1,22710.0,3,1,4,Needs attention
668,432,3,56588.5,2,3,5,Loyal
669,434,1,2128.0,2,1,2,Hibernating
670,308,2,1894.0,3,2,2,Needs attention
672,231,1,2280.0,3,1,2,Needs attention
673,408,3,24244.0,2,3,5,Loyal
674,82,2,35630.0,5,2,5,Needs attention
675,217,5,13686.5,4,5,4,Champions
676,51,1,2076.0,5,1,2,New customers
677,586,2,34612.0,1,2,5,At risk
678,513,2,8487.0,1,2,3,At risk
680,360,2,20454.5,3,2,4,Needs attention
681,129,2,21544.0,4,2,4,Needs attention
682,442,1,413.0,2,1,1,Hibernating
683,83,1,2335.0,5,1,2,New customers
684,259,2,16267.5,3,2,4,Needs attention
685,593,2,8443.0,1,2,3,At risk
686,641,1,22965.0,1,1,4,Hibernating
687,40,1,5094.0,5,1,3,New customers
688,630,1,2888.0,1,1,2,Hibernating
689,10,2,51360.0,5,2,5,Needs attention
690,403,2,9362.0,2,2,4,At risk
691,634,2,39001.5,1,2,5,At risk
692,485,2,8320.0,2,2,3,At risk
693,285,1,6986.0,3,1,3,Needs attention
694,275,3,14566.0,3,3,4,Loyal
695,163,1,2590.0,4,1,2,New customers
696,124,3,7350.5,4,3,3,Loyal
697,388,2,5281.0,2,2,3,At risk
698,106,5,32045.0,4,5,5,Champions
699,12,2,43574.0,5,2,5,Needs attention
700,429,1,1351.0,2,1,1,Hibernating
701,571,2,21710.0,1,2,4,At risk
702,392,2,2413.0,2,2,2,At risk
703,65,3,26505.0,5,3,5,Champions
704,500,2,21930.0,2,2,4,At risk
705,45,1,5111.0,5,1,3,New customers
706,138,4,14188.0,4,4,4,Champions
707,301,1,590.0,3,1,1,Needs attention
708,506,1,480.0,2,1,1,Hibernating
709,64,1,5746.0,5,1,3,New customers
710,694,1,3266.0,1,1,2,Hibernating
711,508,1,2205.0,2,1,2,Hibernating
712,338,3,12971.5,3,3,4,Loyal
713,351,3,100169.0,3,3,5,Loyal
714,301,2,21764.0,3,2,4,Needs attention
715,571,2,20859.0,1,2,4,At risk
716,406,3,4557.0,2,3,3,Loyal
717,653,1,3794.0,1,1,2,Hibernating
718,297,2,1350.0,3,2,1,Needs attention
719,152,4,22428.5,4,4,4,Champions
721,307,1,5973.5,3,1,3,Needs attention
722,225,1,11799.0,4,1,4,New customers
723,331,1,2280.0,3,1,2,Needs attention
724,263,1,29143.5,3,1,5,Needs attention
725,293,2,53962.0,3,2,5,Needs attention
726,98,3,27419.0,4,3,5,Champions
727,280,1,5472.0,3,1,3,Needs attention
728,289,4,19154.5,3,4,4,Loyal
729,548,1,4940.0,1,1,3,Hibernating
730,25,2,31440.0,5,2,5,Needs attention
731,483,1,70.0,2,1,1,Hibernating
732,333,1,21116.5,3,1,4,Needs attention
733,587,1,3672.0,1,1,2,Hibernating
734,403,2,55704.0,2,2,5,At risk
735,280,2,5940.0,3,2,3,Needs attention
736,219,2,21605.0,4,2,4,Needs attention
737,344,1,630.0,3,1,1,Needs attention
738,410,3,15927.0,2,3,4,Loyal
739,45,1,2450.0,5,1,2,New customers
740,219,2,21486.5,4,2,4,Needs attention
741,89,3,25738.5,5,3,5,Champions
742,70,3,46628.0,5,3,5,Champions
743,161,4,37024.0,4,4,5,Champions
744,93,1,7020.0,5,1,3,New customers
745,564,2,6241.5,1,2,3,At risk
746,17,2,7889.5,5,2,3,Needs attention
747,2,5,8923.0,5,5,3,Loyal
748,353,2,51984.0,3,2,5,Needs attention
749,74,2,2441.0,5,2,2,Needs attention
750,357,1,2040.0,3,1,2,Needs attention
751,442,3,27961.5,2,3,5,Loyal
752,164,1,36160.0,4,1,5,New customers
753,360,4,11917.0,3,4,4,Loyal
754,496,1,833.0,2,1,1,Hibernating
755,80,5,40189.0,5,5,5,Champions
756,25,3,29354.0,5,3,5,Champions
757,439,2,5552.0,2,2,3,At risk
758,255,2,1177.0,3,2,1,Needs attention
759,539,2,7876.0,1,2,3,At risk
760,537,4,17078.0,1,4,4,Loyal
762,390,2,7936.0,2,2,3,At risk
763,42,3,10353.0,5,3,4,Champions
764,98,2,2973.0,4,2,2,Needs attention
765,148,1,7729.0,4,1,3,New customers
766,691,1,1673.5,1,1,1,Hibernating
767,585,2,19773.0,1,2,4,At risk
768,489,2,5502.0,2,2,3,At risk
769,318,1,2289.5,3,1,2,Needs attention
770,349,3,6628.0,3,3,3,Loyal
771,268,1,1843.0,3,1,2,Needs attention
772,602,1,240.0,1,1,1,Hibernating
773,204,1,720.0,4,1,1,New customers
774,483,2,3604.0,2,2,2,At risk
775,658,2,13718.0,1,2,4,At risk
776,178,2,24685.5,4,2,5,Needs attention
777,88,1,8398.0,5,1,3,New customers
778,679,3,19577.5,1,3,4,Loyal
779,409,1,3793.9999999999995,2,1,2,Hibernating
780,130,1,7847.0,4,1,3,New customers
781,177,2,6373.0,4,2,3,Needs attention
782,9,3,6390.0,5,3,3,Loyal
783,306,2,2191.0,3,2,2,Needs attention
784,326,3,17926.0,3,3,4,Loyal
785,77,1,1908.0,5,1,2,New customers
786,616,1,670.0,1,1,1,Hibernating
787,354,4,28662.0,3,4,5,Loyal
788,232,2,40120.5,3,2,5,Needs attention
789,187,3,44428.0,4,3,5,Champions
790,465,2,1170.0,2,2,1,At risk
791,331,2,4707.5,3,2,3,Needs attention
792,469,1,569.5,2,1,1,Hibernating
793,145,4,5792.0,4,4,3,Loyal
794,49,1,7616.0,5,1,3,New customers
795,671,1,69027.0,1,1,5,Hibernating
796,22,1,5184.0,5,1,3,New customers
797,405,1,123.5,2,1,1,Hibernating
798,42,4,22344.0,5,4,4,Champions
799,403,2,51440.0,2,2,5,At risk
800,504,1,10634.0,2,1,4,Hibernating
801,71,2,7786.0,5,2,3,Needs attention
802,230,1,40419.0,4,1,5,New customers
803,598,2,26032.0,1,2,5,At risk
804,198,2,4475.5,4,2,3,Needs attention
805,192,1,2289.5,4,1,2,New customers
806,449,1,1818.0,2,1,2,Hibernating
808,139,2,1630.0,4,2,1,Needs attention
809,410,1,3096.0,2,1,2,Hibernating
810,722,1,1216.0,1,1,1,Hibernating
811,131,4,5904.0,4,4,3,Loyal
812,521,2,22163.5,1,2,4,At risk
813,96,3,1365.0,4,3,1,Loyal
814,171,2,7066.5,4,2,3,Needs attention
815,364,2,4216.0,3,2,2,Needs attention
816,436,2,6443.0,2,2,3,At risk
817,126,3,20985.0,4,3,4,Champions
818,535,3,25120.0,1,3,5,Loyal
819,349,3,116820.0,3,3,5,Loyal
820,133,1,1993.0,4,1,2,New customers
821,75,1,627.0,5,1,1,New customers
822,21,1,2960.0,5,1,2,New customers
823,44,1,78825.0,5,1,5,New customers
824,324,2,9930.0,3,2,4,Needs attention
825,544,1,27876.0,1,1,5,Hibernating
826,122,1,788.5,4,1,1,New customers
827,29,3,36286.5,5,3,5,Champions
828,14,2,26760.0,5,2,5,Needs attention
829,267,1,210.0,3,1,1,Needs attention
830,618,2,14348.0,1,2,4,At risk
832,410,1,2109.0,2,1,2,Hibernating
833,34,1,1776.0,5,1,2,New customers
834,450,1,19696.5,2,1,4,Hibernating
835,347,3,25387.5,3,3,5,Loyal
836,434,4,25776.5,2,4,5,Loyal
837,22,4,19046.0,5,4,4,Champions
838,194,1,1140.0,4,1,1,New customers
839,613,2,2586.0,1,2,2,At risk
840,339,2,15020.5,3,2,4,Needs attention
841,389,1,3611.0,2,1,2,Hibernating
842,391,1,10004.0,2,1,4,Hibernating
843,8,2,7342.0,5,2,3,Needs attention
844,548,3,909.0,1,3,1,Loyal
845,505,1,7827.0,2,1,3,Hibernating
846,455,3,21571.0,2,3,4,Loyal
847,551,1,5031.0,1,1,3,Hibernating
848,73,1,4312.0,5,1,3,New customers
849,58,1,1852.0,5,1,2,New customers
850,539,3,23561.0,1,3,5,Loyal
852,421,2,4274.0,2,2,3,At risk
853,550,2,3586.0,1,2,2,At risk
854,518,1,36750.0,1,1,5,Hibernating
855,591,1,1343.0,1,1,1,Hibernating
856,337,2,6147.5,3,2,3,Needs attention
857,20,1,980.0,5,1,1,New customers
858,96,4,29129.0,4,4,5,Champions
859,155,2,13223.0,4,2,4,Needs attention
860,379,1,8960.0,2,1,3,Hibernating
861,711,1,3199.0,1,1,2,Hibernating
862,663,1,31370.0,1,1,5,Hibernating
863,387,2,26566.5,2,2,5,At risk
864,544,1,8806.5,1,1,3,Hibernating
865,34,4,17851.5,5,4,4,Champions
866,9,2,800.0,5,2,1,Needs attention
867,70,2,5736.0,5,2,3,Needs attention
868,235,2,28093.5,3,2,5,Needs attention
869,335,1,240.0,3,1,1,Needs attention
870,240,2,4405.0,3,2,3,Needs attention
871,254,3,18989.5,3,3,4,Loyal
872,127,4,23533.0,4,4,5,Champions
873,33,2,700.0,5,2,1,Needs attention
874,190,1,27398.5,4,1,5,New customers
875,120,2,21794.0,4,2,4,Needs attention
877,216,1,66.5,4,1,1,New customers
878,464,1,18470.5,2,1,4,Hibernating
879,6,6,22768.0,5,5,4,Champions
880,344,1,16434.0,3,1,4,Needs attention
881,102,1,1021.5,4,1,1,New customers
882,470,2,79573.0,2,2,5,At risk
883,62,1,4183.0,5,1,2,New customers
884,124,1,798.0,4,1,1,New customers
885,438,3,42191.5,2,3,5,Loyal
886,23,2,13070.0,5,2,4,Needs attention
887,318,2,20234.0,3,2,4,Needs attention
888,173,1,513.0,4,1,1,New customers
889,241,1,160.0,3,1,1,Needs attention
890,83,2,20621.0,5,2,4,Needs attention
891,455,1,1833.5,2,1,2,Hibernating
892,299,2,21970.0,3,2,4,Needs attention
893,412,1,610.0,2,1,1,Hibernating
894,79,1,199.5,5,1,1,New customers
895,332,2,2838.0,3,2,2,Needs attention
896,296,2,923.0,3,2,1,Needs attention
897,635,1,5070.0,1,1,3,Hibernating
898,119,1,3486.5,4,1,2,New customers
899,375,3,47668.5,3,3,5,Loyal
900,273,3,10781.0,3,3,4,Loyal
901,308,1,1664.5,3,1,1,Needs attention
902,261,3,5835.0,3,3,3,Loyal
903,48,3,2924.0,5,3,2,Loyal
904,199,2,23899.5,4,2,5,Needs attention
905,83,5,30966.0,5,5,5,Champions
906,373,5,13992.5,3,5,4,Loyal
907,705,1,3060.0,1,1,2,Hibernating
908,255,2,32446.5,3,2,5,Needs attention
909,12,2,74320.5,5,2,5,Needs attention
910,68,1,1428.0,5,1,1,New customers
911,91,2,3254.0,5,2,2,Needs attention
912,246,2,5490.0,3,2,3,Needs attention
913,452,1,4607.0,2,1,3,Hibernating
914,574,2,6657.5,1,2,3,At risk
916,356,3,2886.5,3,3,2,Loyal
917,481,2,67410.0,2,2,5,At risk
918,591,1,4878.0,1,1,3,Hibernating
919,542,1,18260.0,1,1,4,Hibernating
920,705,1,470.0,1,1,1,Hibernating
921,187,3,3657.0,4,3,2,Loyal
922,70,1,3125.5,5,1,2,New customers
923,241,1,1850.0,3,1,2,Needs attention
924,373,3,29934.0,3,3,5,Loyal
925,424,1,43326.0,2,1,5,Hibernating
926,502,1,17176.0,2,1,4,Hibernating
927,619,1,2690.0,1,1,2,Hibernating
928,193,3,26670.5,4,3,5,Champions
929,294,1,670.0,3,1,1,Needs attention
930,630,3,63835.5,1,3,5,Loyal
931,379,2,6286.0,2,2,3,At risk
932,525,1,1339.5,1,1,1,Hibernating
933,570,1,20566.0,1,1,4,Hibernating
934,225,1,28646.0,4,1,5,New customers
935,266,2,11650.5,3,2,4,Needs attention
936,98,3,29460.5,4,3,5,Champions
937,48,2,1038.5,5,2,1,Needs attention
938,26,1,7098.0,5,1,3,New customers
939,154,1,25110.0,4,1,5,New customers
940,145,4,23334.0,4,4,5,Champions
941,94,1,2940.0,5,1,2,New customers
942,386,1,3040.0,2,1,2,Hibernating
943,23,1,3860.0,5,1,2,New customers
944,179,2,23156.5,4,2,4,Needs attention
945,256,2,12649.5,3,2,4,Needs attention
946,58,1,29064.0,5,1,5,New customers
947,366,1,4666.0,3,1,3,Needs attention
948,216,1,18166.0,4,1,4,New customers
949,463,1,2236.5,2,1,2,Hibernating
950,39,1,684.0,5,1,1,New customers
951,210,2,21419.0,4,2,4,Needs attention
952,163,1,3566.5,4,1,2,New customers
953,391,1,3140.0,2,1,2,Hibernating
954,113,1,10247.5,4,1,4,New customers
955,594,2,17417.0,1,2,4,At risk
956,588,2,22403.0,1,2,4,At risk
957,220,2,2730.0,4,2,2,Needs attention
958,189,2,8235.0,4,2,3,Needs attention
960,415,1,3941.0,2,1,2,Hibernating
961,196,1,1034.0,4,1,1,New customers
962,218,3,12941.5,4,3,4,Champions
963,46,1,7596.0,5,1,3,New customers
964,258,1,27190.0,3,1,5,Needs attention
965,362,2,23642.0,3,2,5,Needs attention
966,32,1,880.0,5,1,1,New customers
967,624,3,32777.0,1,3,5,Loyal
968,23,1,1330.0,5,1,1,New customers
970,516,1,11799.0,1,1,4,Hibernating
971,136,1,8269.0,4,1,3,New customers
972,191,2,124578.0,4,2,5,Needs attention
973,39,1,1849.5,5,1,2,New customers
974,195,1,2242.0,4,1,2,New customers
975,122,2,3986.0,4,2,2,Needs attention
976,482,1,594.0,2,1,1,Hibernating
977,684,2,26425.5,1,2,5,At risk
978,510,2,33246.0,1,2,5,At risk
979,519,1,1480.0,1,1,1,Hibernating
980,689,1,8346.5,1,1,3,Hibernating
981,361,1,2721.5,3,1,2,Needs attention
982,145,2,1303.0,4,2,1,Needs attention
983,41,1,399.0,5,1,1,New customers
984,376,1,830.0,2,1,1,Hibernating
985,107,1,5787.0,4,1,3,New customers
986,22,1,790.0,5,1,1,New customers
987,31,2,17963.0,5,2,4,Needs attention
988,273,1,1206.5,3,1,1,Needs attention
989,475,2,10404.0,2,2,4,At risk
990,7,2,1852.5,5,2,2,Needs attention
991,552,1,130.0,1,1,1,Hibernating
992,427,1,549.0,2,1,1,Hibernating
993,628,2,1413.0,1,2,1,At risk
994,158,1,5436.5,4,1,3,New customers
995,116,3,10308.5,4,3,4,Champions
996,660,1,2768.0,1,1,2,Hibernating
997,564,1,850.0,1,1,1,Hibernating
998,139,3,6060.0,4,3,3,Loyal
999,239,4,26169.5,3,4,5,Loyal
1000,143,2,3218.0,4,2,2,Needs attention
1001,534,1,684.0,1,1,1,Hibernating
1002,46,2,11291.0,5,2,4,Needs attention
1004,147,1,39834.5,4,1,5,New customers
1005,549,1,790.0,1,1,1,Hibernating
1006,625,2,3833.0,1,2,2,At risk
1007,553,4,49158.0,1,4,5,Loyal
1008,419,2,6941.5,2,2,3,At risk
1009,35,2,3991.0,5,2,2,Needs attention
1010,683,1,3355.0,1,1,2,Hibernating
1011,456,1,8398.0,2,1,3,Hibernating
1012,279,7,28437.0,3,5,5,Loyal
1013,41,2,9991.5,5,2,4,Needs attention
1014,247,1,37480.0,3,1,5,Needs attention
1015,176,1,4563.0,4,1,3,New customers
1016,5,3,6583.0,5,3,3,Loyal
1017,256,1,980.0,3,1,1,Needs attention
1019,712,1,470.0,1,1,1,Hibernating
1020,117,1,2280.0,4,1,2,New customers
1021,12,4,7512.5,5,4,3,Loyal
1022,195,1,59.5,4,1,1,New customers
1023,393,2,10610.0,2,2,4,At risk
1024,154,1,1042.0,4,1,1,New customers
1025,404,2,27567.5,2,2,5,At risk
1026,599,2,42058.0,1,2,5,At risk
1027,49,2,5284.5,5,2,3,Needs attention
1028,446,4,55295.5,2,4,5,Loyal
1029,648,1,1762.0,1,1,2,Hibernating
1030,288,1,630.0,3,1,1,Needs attention
1031,526,2,2709.5,1,2,2,At risk
1032,110,1,5630.0,4,1,3,New customers
1033,414,1,1799.0,2,1,2,Hibernating
1034,715,1,7536.0,1,1,3,Hibernating
1035,55,1,2360.0,5,1,2,New customers
1036,140,2,7105.0,4,2,3,Needs attention
1037,450,2,75276.0,2,2,5,At risk
1038,246,1,3260.5,3,1,2,Needs attention
1039,319,2,6861.5,3,2,3,Needs attention
1040,361,3,11060.0,3,3,4,Loyal
1041,180,1,3846.0,4,1,2,New customers
1042,182,2,9821.5,4,2,4,Needs attention
1043,151,2,44058.0,4,2,5,Needs attention
1045,262,2,5000.0,3,2,3,Needs attention
1046,236,2,8460.0,3,2,3,Needs attention
1047,547,1,25470.0,1,1,5,Hibernating
1048,560,1,2960.0,1,1,2,Hibernating
1049,433,1,6535.5,2,1,3,Hibernating
1050,122,1,1111.5,4,1,1,New customers
1051,356,1,2063.0,3,1,2,Needs attention
1052,473,1,36176.0,2,1,5,Hibernating
1053,173,1,2421.0,4,1,2,New customers
1055,79,1,2396.0,5,1,2,New customers
1056,516,1,360.0,1,1,1,Hibernating
1057,57,3,14610.5,5,3,4,Champions
1058,305,1,1548.0,3,1,1,Needs attention
1059,174,3,14376.0,4,3,4,Champions
1060,364,4,4719.0,3,4,3,Loyal
1061,550,3,6510.0,1,3,3,Loyal
1062,338,3,18835.5,3,3,4,Loyal
1063,305,2,52493.0,3,2,5,Needs attention
1064,47,3,18992.0,5,3,4,Champions
1065,116,1,970.0,4,1,1,New customers
1066,588,1,130.0,1,1,1,Hibernating
1067,245,1,855.0,3,1,1,Needs attention
1068,670,1,350.0,1,1,1,Hibernating
1069,6,4,33725.0,5,4,5,Champions
1070,464,2,4934.0,2,2,3,At risk
1071,332,2,15160.5,3,2,4,Needs attention
1072,17,4,7754.0,5,4,3,Loyal
1073,420,1,3952.0,2,1,2,Hibernating
1074,63,2,3665.5,5,2,2,Needs attention
1075,306,2,7290.0,3,2,3,Needs attention
1076,17,1,700.0,5,1,1,New customers
1077,277,1,2812.0,3,1,2,Needs attention
1078,414,2,3406.5,2,2,2,At risk
1079,176,1,16191.0,4,1,4,New customers
1081,269,2,14920.0,3,2,4,Needs attention
1082,630,1,470.0,1,1,1,Hibernating
1083,428,4,51193.0,2,4,5,Loyal
1084,316,1,1414.0,3,1,1,Needs attention
1085,522,2,939.0,1,2,1,At risk
1086,22,1,1317.5,5,1,1,New customers
1087,122,1,2410.0,4,1,2,New customers
1088,54,3,38179.5,5,3,5,Champions
1089,37,2,1783.0,5,2,2,Needs attention
1090,298,1,130.0,3,1,1,Needs attention
1091,535,2,25438.5,1,2,5,At risk
1092,317,3,4440.0,3,3,3,Loyal
1093,371,1,14184.0,3,1,4,Needs attention
1094,56,2,3208.0,5,2,2,Needs attention
1095,472,4,12646.0,2,4,4,Loyal
1096,377,1,7926.0,2,1,3,Hibernating
1097,485,1,560.0,2,1,1,Hibernating
1098,569,2,39651.5,1,2,5,At risk
1099,434,2,5489.5,2,2,3,At risk
1100,423,3,20715.5,2,3,4,Loyal
1101,661,1,207.0,1,1,1,Hibernating
1102,176,4,27034.0,4,4,5,Champions
1103,468,1,640.0,2,1,1,Hibernating
1104,499,2,66786.0,2,2,5,At risk
1105,334,1,3331.0,3,1,2,Needs attention
1106,680,1,120.0,1,1,1,Hibernating
1107,503,1,15521.0,2,1,4,Hibernating
1108,399,1,931.0,2,1,1,Hibernating
1109,2,2,1884.0,5,2,2,Needs attention
1110,217,2,3960.0,4,2,2,Needs attention
1111,104,1,38635.0,4,1,5,New customers
1112,483,1,2201.5,2,1,2,Hibernating
1113,113,2,1676.0,4,2,2,Needs attention
1114,274,4,59882.5,3,4,5,Loyal
1115,91,1,144.0,5,1,1,New customers
1116,36,1,8343.0,5,1,3,New customers
1117,4,2,7948.0,5,2,3,Needs attention
1118,21,4,70864.0,5,4,5,Champions
1119,196,2,2717.0,4,2,2,Needs attention
1121,8,2,18488.0,5,2,4,Needs attention
1122,526,1,2125.5,1,1,2,Hibernating
1123,407,3,21811.5,2,3,4,Loyal
1124,93,1,1920.0,5,1,2,New customers
1125,443,1,2048.5,2,1,2,Hibernating
1126,429,2,27636.0,2,2,5,At risk
1127,266,2,1450.5,3,2,1,Needs attention
1128,342,3,5008.0,3,3,3,Loyal
1129,96,1,1090.0,4,1,1,New customers
1130,22,3,4968.0,5,3,3,Loyal
1131,468,2,30821.0,2,2,5,At risk
1132,342,2,7905.0,3,2,3,Needs attention
1133,19,2,2742.0,5,2,2,Needs attention
1134,204,1,2439.0,4,1,2,New customers
1135,578,1,2888.0,1,1,2,Hibernating
1136,73,2,2582.5,5,2,2,Needs attention
1138,205,2,41918.0,4,2,5,Needs attention
1139,705,1,3110.0,1,1,2,Hibernating
1140,197,3,38261.0,4,3,5,Champions
1141,40,2,27900.0,5,2,5,Needs attention
1142,536,2,28317.0,1,2,5,At risk
1143,511,1,1030.0,1,1,1,Hibernating
1144,490,1,6108.5,2,1,3,Hibernating
1145,477,3,14123.0,2,3,4,Loyal
1146,497,2,6511.0,2,2,3,At risk
1147,484,1,70.0,2,1,1,Hibernating
1148,106,1,11727.0,4,1,4,New customers
1149,717,1,5348.0,1,1,3,Hibernating
1150,424,4,11633.0,2,4,4,Loyal
1151,681,1,912.0,1,1,1,Hibernating
1152,230,2,5416.0,4,2,3,Needs attention
1153,550,1,1880.0,1,1,2,Hibernating
1154,69,3,2529.5,5,3,2,Loyal
1155,282,2,28110.0,3,2,5,Needs attention
1156,65,2,3812.0,5,2,2,Needs attention
1157,139,2,4337.0,4,2,3,Needs attention
1158,259,2,11824.5,3,2,4,Needs attention
1159,63,2,4696.0,5,2,3,Needs attention
1160,372,1,2760.0,3,1,2,Needs attention
1161,43,1,3358.0,5,1,2,New customers
1162,13,1,959.5,5,1,1,New customers
1163,231,2,19838.0,3,2,4,Needs attention
1164,240,1,240.0,3,1,1,Needs attention
1165,231,5,64208.0,3,5,5,Loyal
1166,149,1,11103.5,4,1,4,New customers
1167,122,3,28197.5,4,3,5,Champions
1168,39,2,7328.0,5,2,3,Needs attention
1169,379,3,9563.5,2,3,4,Loyal
1170,135,2,40678.0,4,2,5,Needs attention
1171,391,1,8134.0,2,1,3,Hibernating
1172,462,2,23232.0,2,2,5,At risk
1173,565,2,2384.0,1,2,2,At risk
1174,318,1,3331.5,3,1,2,Needs attention
1175,422,2,20089.5,2,2,4,At risk
1176,380,1,2950.0,2,1,2,Hibernating
1177,414,1,4455.5,2,1,3,Hibernating
1178,24,4,16926.0,5,4,4,Champions
1179,414,2,2540.5,2,2,2,At risk
1180,53,1,882.0,5,1,1,New customers
1181,165,1,765.0,4,1,1,New customers
1182,27,4,7513.0,5,4,3,Loyal
1183,23,2,511.0,5,2,1,Needs attention
1184,424,1,3241.0,2,1,2,Hibernating
1185,622,1,19040.0,1,1,4,Hibernating
1186,625,3,4314.5,1,3,3,Loyal
1187,27,1,3259.5,5,1,2,New customers
1188,50,1,4501.0,5,1,3,New customers
1189,193,1,420.0,4,1,1,New customers
1190,653,1,1310.5,1,1,1,Hibernating
1191,518,1,2280.0,1,1,2,Hibernating
1192,489,3,15968.0,2,3,4,Loyal
1193,695,1,210.0,1,1,1,Hibernating
1194,262,4,3688.0,3,4,2,Loyal
1195,8,3,10951.0,5,3,4,Champions
1196,662,2,40436.0,1,2,5,At risk
1197,19,2,2722.5,5,2,2,Needs attention
1198,388,2,14145.5,2,2,4,At risk
1199,337,2,5988.5,3,2,3,Needs attention
1200,363,1,6680.0,3,1,3,Needs attention
1201,161,1,14870.0,4,1,4,New customers
1202,505,1,5674.0,2,1,3,Hibernating
1203,309,4,18328.0,3,4,4,Loyal
1204,692,1,640.0,1,1,1,Hibernating
1205,121,1,610.0,4,1,1,New customers
1206,649,1,256.0,1,1,1,Hibernating
1207,273,1,640.0,3,1,1,Needs attention
1208,342,1,41351.0,3,1,5,Needs attention
1209,119,1,51650.0,4,1,5,New customers
1210,568,2,20898.0,1,2,4,At risk
1211,91,1,1406.0,5,1,1,New customers
1212,215,2,5246.0,4,2,3,Needs attention
1213,311,3,36967.0,3,3,5,Loyal
1214,574,1,11799.0,1,1,4,Hibernating
1215,34,1,8460.0,5,1,3,New customers
1216,122,4,7026.0,4,4,3,Loyal
1217,133,3,45655.0,4,3,5,Champions
1218,410,2,6471.5,2,2,3,At risk
1219,414,3,31409.0,2,3,5,Loyal
1220,428,1,199.5,2,1,1,Hibernating
1221,438,3,7458.0,2,3,3,Loyal
1222,719,1,1630.0,1,1,1,Hibernating
1223,497,2,26344.0,2,2,5,At risk
1224,630,2,5220.5,1,2,3,At risk
1225,400,1,854.0,2,1,1,Hibernating
1226,115,1,4596.0,4,1,3,New customers
1227,571,2,1404.0,1,2,1,At risk
1228,690,2,20578.0,1,2,4,At risk
1229,637,2,8610.5,1,2,3,At risk
1230,357,1,1412.0,3,1,1,Needs attention
1231,528,1,22833.5,1,1,4,Hibernating
1232,338,2,6840.5,3,2,3,Needs attention
1233,707,1,24986.0,1,1,5,Hibernating
1234,351,2,8187.5,3,2,3,Needs attention
1235,391,2,4807.0,2,2,3,At risk
1236,296,2,5425.5,3,2,3,Needs attention
1237,144,4,33927.5,4,4,5,Champions
1238,165,1,2680.0,4,1,2,New customers
1239,343,2,26161.5,3,2,5,Needs attention
1240,121,1,23945.0,4,1,5,New customers
1241,251,2,16831.0,3,2,4,Needs attention
1242,358,1,24333.0,3,1,5,Needs attention
1243,556,1,5420.0,1,1,3,Hibernating
1244,112,4,28576.5,4,4,5,Champions
1245,306,1,35229.5,3,1,5,Needs attention
1246,529,2,20151.5,1,2,4,At risk
1247,70,1,536.0,5,1,1,New customers
1248,390,1,8858.0,2,1,3,Hibernating
1249,113,1,1880.0,4,1,2,New customers
1250,91,3,6002.0,5,3,3,Loyal
1251,489,1,9666.0,2,1,4,Hibernating
1252,564,1,1060.0,1,1,1,Hibernating
1253,137,2,10816.0,4,2,4,Needs attention
1254,381,1,2052.0,2,1,2,Hibernating
1255,551,1,2108.0,1,1,2,Hibernating
1256,65,1,3897.0,5,1,2,New customers
1257,386,1,120.0,2,1,1,Hibernating
1258,230,4,16480.0,4,4,4,Champions
1259,351,2,1398.0,3,2,1,Needs attention
1260,209,2,3033.0,4,2,2,Needs attention
1261,89,2,41099.0,5,2,5,Needs attention
1262,220,1,4056.0,4,1,2,New customers
1263,234,3,19879.0,3,3,4,Loyal
1264,439,2,19645.5,2,2,4,At risk
1265,184,2,3354.0,4,2,2,Needs attention
1266,455,3,8218.5,2,3,3,Loyal
1267,467,2,19866.0,2,2,4,At risk
1268,465,4,47547.0,2,4,5,Loyal
1269,551,2,26837.0,1,2,5,At risk
1270,70,1,6971.5,5,1,3,New customers
1271,642,2,3273.5,1,2,2,At risk
1272,532,3,5847.0,1,3,3,Loyal
1273,64,1,573.5,5,1,1,New customers
1274,426,3,26706.5,2,3,5,Loyal
1276,453,4,5659.0,2,4,3,Loyal
1277,599,2,29550.0,1,2,5,At risk
1278,644,1,1406.0,1,1,1,Hibernating
1279,226,1,1909.5,4,1,2,New customers
1280,186,3,25598.0,4,3,5,Champions
1281,363,3,7634.0,3,3,3,Loyal
1282,546,1,420.0,1,1,1,Hibernating
1283,656,1,2355.0,1,1,2,Hibernating
1284,229,2,730.0,4,2,1,Needs attention
1285,212,6,49555.5,4,5,5,Champions
1286,300,2,25361.0,3,2,5,Needs attention
1287,111,2,2820.0,4,2,2,Needs attention
1288,2,4,14748.5,5,4,4,Champions
1289,350,2,12550.0,3,2,4,Needs attention
1290,721,1,528.0,1,1,1,Hibernating
1291,505,2,3699.5,2,2,2,At risk
1292,37,1,1566.0,5,1,1,New customers
1293,294,2,33449.0,3,2,5,Needs attention
1294,218,3,65474.0,4,3,5,Champions
1295,311,2,2966.0,3,2,2,Needs attention
1296,607,1,210.0,1,1,1,Hibernating
1297,37,4,70833.0,5,4,5,Champions
1298,182,1,27212.0,4,1,5,New customers
1299,11,1,1786.0,5,1,2,New customers
1300,112,1,2888.0,4,1,2,New customers
1301,524,1,10350.0,1,1,4,Hibernating
1302,545,1,18080.0,1,1,4,Hibernating
1303,393,2,10945.0,2,2,4,At risk
1304,71,1,1106.0,5,1,1,New customers
1305,231,2,10875.0,3,2,4,Needs attention
1306,408,1,1824.0,2,1,2,Hibernating
1307,35,1,28477.0,5,1,5,New customers
1308,273,2,26337.0,3,2,5,Needs attention
1309,82,1,38019.0,5,1,5,New customers
1310,19,1,15337.5,5,1,4,New customers
1311,662,1,3110.0,1,1,2,Hibernating
1312,268,2,8806.0,3,2,3,Needs attention
1313,165,3,15637.0,4,3,4,Champions
1314,50,4,31510.0,5,4,5,Champions
1315,229,2,1623.0,4,2,1,Needs attention
1316,500,1,24024.5,2,1,5,Hibernating
1317,329,1,4560.0,3,1,3,Needs attention
1318,156,1,69447.0,4,1,5,New customers
1319,637,1,18830.5,1,1,4,Hibernating
1320,298,1,4292.5,3,1,3,Needs attention
1321,478,1,6430.0,2,1,3,Hibernating
1322,574,1,969.0,1,1,1,Hibernating
1323,363,1,36800.0,3,1,5,Needs attention
1324,397,2,8902.5,2,2,3,At risk
1325,270,1,670.0,3,1,1,Needs attention
1326,467,2,4848.0,2,2,3,At risk
1327,135,2,558.5,4,2,1,Needs attention
1328,665,1,20635.5,1,1,4,Hibernating
1329,120,1,594.0,4,1,1,New customers
1330,700,1,6990.0,1,1,3,Hibernating
1331,122,2,2337.5,4,2,2,Needs attention
1332,467,2,8478.5,2,2,3,At risk
1333,437,1,22661.5,2,1,4,Hibernating
1334,675,2,70447.0,1,2,5,At risk
1335,228,1,700.0,4,1,1,New customers
1336,554,2,2344.5,1,2,2,At risk
1337,250,2,4338.0,3,2,3,Needs attention
1338,202,2,25219.0,4,2,5,Needs attention
1339,120,1,1121.0,4,1,1,New customers
1340,7,2,5455.5,5,2,3,Needs attention
1341,504,1,608.0,2,1,1,Hibernating
1342,49,4,20197.0,5,4,4,Champions
1343,137,1,36330.0,4,1,5,New customers
1344,450,2,696.0,2,2,1,At risk
1345,482,4,6329.0,2,4,3,Loyal
1346,60,3,8452.0,5,3,3,Loyal
1347,625,1,240.0,1,1,1,Hibernating
1348,262,3,67925.5,3,3,5,Loyal
1349,554,1,56.0,1,1,1,Hibernating
1350,633,1,29630.0,1,1,5,Hibernating
1351,167,1,2220.0,4,1,2,New customers
1352,576,2,3840.0,1,2,2,At risk
1353,107,4,30336.0,4,4,5,Champions
1354,145,2,659.0,4,2,1,Needs attention
1356,506,2,12445.5,2,2,4,At risk
1357,167,1,2555.5,4,1,2,New customers
1358,241,2,25330.0,3,2,5,Needs attention
1359,642,1,332.5,1,1,1,Hibernating
1360,16,1,549.0,5,1,1,New customers
1361,431,3,30454.5,2,3,5,Loyal
1362,725,1,5168.0,1,1,3,Hibernating
1363,62,1,2787.0,5,1,2,New customers
1364,540,4,32035.0,1,4,5,Loyal
1366,14,1,152.0,5,1,1,New customers
1367,314,1,603.0,3,1,1,Needs attention
1368,244,2,2331.0,3,2,2,Needs attention
1369,448,1,980.0,2,1,1,Hibernating
1370,634,1,1737.0,1,1,2,Hibernating
1371,322,1,4940.0,3,1,3,Needs attention
1372,83,1,1083.0,5,1,1,New customers
1373,493,3,24293.0,2,3,5,Loyal
1374,79,3,19831.0,5,3,4,Champions
1375,244,3,4506.5,3,3,3,Loyal
1376,305,2,51348.5,3,2,5,Needs attention
1377,434,3,5954.0,2,3,3,Loyal
1378,219,2,5938.5,4,2,3,Needs attention
1379,526,3,16200.0,1,3,4,Loyal
1380,449,4,46641.5,2,4,5,Loyal
1381,151,2,11959.0,4,2,4,Needs attention
1382,567,2,14298.0,1,2,4,At risk
1383,345,2,4788.0,3,2,3,Needs attention
1385,463,2,12598.0,2,2,4,At risk
1386,374,4,10356.5,3,4,4,Loyal
1387,487,1,2720.0,2,1,2,Hibernating
1388,59,4,19320.0,5,4,4,Champions
1390,57,4,25629.0,5,4,5,Champions
1391,517,2,1500.0,1,2,1,At risk
1392,615,2,56730.0,1,2,5,At risk
1393,618,2,51864.0,1,2,5,At risk
1394,266,3,3936.0,3,3,2,Loyal
1395,495,3,83295.0,2,3,5,Loyal
1396,398,6,22952.5,2,5,4,Loyal
1397,117,1,17347.0,4,1,4,New customers
1398,97,1,9270.0,4,1,4,New customers
1399,129,1,2280.0,4,1,2,New customers
1400,513,2,1190.0,1,2,1,At risk
1401,141,3,8975.5,4,3,3,Loyal
1402,287,2,1521.5,3,2,1,Needs attention
1403,508,3,16825.0,2,3,4,Loyal
1404,336,1,3052.0,3,1,2,Needs attention
1405,239,3,4264.0,3,3,3,Loyal
1406,379,2,17049.0,2,2,4,At risk
1407,129,3,59875.0,4,3,5,Champions
1408,237,1,1450.0,3,1,1,Needs attention
1409,346,1,11799.0,3,1,4,Needs attention
1410,206,1,108.0,4,1,1,New customers
1411,178,1,230.0,4,1,1,New customers
1412,263,3,59298.0,3,3,5,Loyal
1413,470,2,2780.0,2,2,2,At risk
1414,91,3,9038.0,5,3,3,Loyal
1415,218,1,70.0,4,1,1,New customers
1416,21,1,1480.0,5,1,1,New customers
1418,264,4,10958.0,3,4,4,Loyal
1419,28,2,7796.0,5,2,3,Needs attention
1420,365,1,25710.0,3,1,5,Needs attention
1421,21,2,47274.0,5,2,5,Needs attention
1422,720,1,420.0,1,1,1,Hibernating
1423,500,4,35060.5,2,4,5,Loyal
1424,158,1,5665.0,4,1,3,New customers
1425,400,2,21298.0,2,2,4,At risk
1426,275,3,46574.0,3,3,5,Loyal
1427,334,3,13034.0,3,3,4,Loyal
1428,364,2,2626.0,3,2,2,Needs attention
1429,54,1,1640.5,5,1,1,New customers
1431,172,1,17136.0,4,1,4,New customers
1432,94,1,25434.5,5,1,5,New customers
1433,53,2,21981.0,5,2,4,Needs attention
1434,404,3,20066.0,2,3,4,Loyal
1435,451,1,648.0,2,1,1,Hibernating
1436,124,2,740.0,4,2,1,Needs attention
1437,389,1,2574.5,2,1,2,Hibernating
1438,617,1,1480.0,1,1,1,Hibernating
1439,468,1,3838.0,2,1,2,Hibernating
1440,40,1,21524.0,5,1,4,New customers
1441,360,4,16911.0,3,4,4,Loyal
1442,491,1,7103.0,2,1,3,Hibernating
1443,218,2,5810.5,4,2,3,Needs attention
1444,434,3,6473.0,2,3,3,Loyal
1445,71,1,4010.0,5,1,2,New customers
1446,115,1,1392.0,4,1,1,New customers
1447,8,2,920.0,5,2,1,Needs attention
1448,79,1,2856.0,5,1,2,New customers
1449,446,2,5660.0,2,2,3,At risk
1450,568,1,560.0,1,1,1,Hibernating
1451,415,4,70351.0,2,4,5,Loyal
1452,395,1,6212.5,2,1,3,Hibernating
1454,198,1,4896.0,4,1,3,New customers
1455,271,1,332.5,3,1,1,Needs attention
1456,75,3,15815.0,5,3,4,Champions
1457,100,2,32114.5,4,2,5,Needs attention
1458,461,1,2752.0,2,1,2,Hibernating
1459,322,2,6575.0,3,2,3,Needs attention
1460,351,1,350.0,3,1,1,Needs attention
1461,661,1,350.0,1,1,1,Hibernating
1462,68,1,2220.0,5,1,2,New customers
1463,255,1,3860.0,3,1,2,Needs attention
1464,207,1,2400.0,4,1,2,New customers
1465,322,2,920.0,3,2,1,Needs attention
1466,150,2,11999.0,4,2,4,Needs attention
1467,46,1,2040.0,5,1,2,New customers
1468,279,2,3113.0,3,2,2,Needs attention
1469,408,1,1440.0,2,1,1,Hibernating
1470,652,1,4475.0,1,1,3,Hibernating
1471,173,1,9270.0,4,1,4,New customers
1472,18,2,6845.5,5,2,3,Needs attention
1473,62,2,4104.0,5,2,2,Needs attention
1474,37,2,6368.5,5,2,3,Needs attention
1475,116,1,1983.0,4,1,2,New customers
1476,145,2,11631.0,4,2,4,Needs attention
1477,374,1,7860.0,3,1,3,Needs attention
1478,588,2,22740.0,1,2,4,At risk
1479,720,1,1409.5,1,1,1,Hibernating
1480,586,1,4786.0,1,1,3,Hibernating
1481,382,3,34066.0,2,3,5,Loyal
1482,163,2,47301.5,4,2,5,Needs attention
1483,405,1,7416.0,2,1,3,Hibernating
1484,399,3,33378.0,2,3,5,Loyal
1485,580,1,2360.0,1,1,2,Hibernating
1486,24,2,2706.0,5,2,2,Needs attention
1487,22,1,10100.0,5,1,4,New customers
1488,402,3,58658.5,2,3,5,Loyal
1489,154,1,152.0,4,1,1,New customers
1490,216,1,423.0,4,1,1,New customers
1491,66,1,1080.0,5,1,1,New customers
1492,92,1,2109.0,5,1,2,New customers
1493,219,3,6853.0,4,3,3,Loyal
1494,440,1,24052.0,2,1,5,Hibernating
1495,215,2,1358.0,4,2,1,Needs attention
1496,501,1,560.5,2,1,1,Hibernating
1497,411,2,17844.0,2,2,4,At risk
1498,159,2,24440.0,4,2,5,Needs attention
1499,314,1,199.5,3,1,1,Needs attention
1500,282,2,8786.5,3,2,3,Needs attention
1501,402,1,13720.0,2,1,4,Hibernating
1502,430,1,2169.0,2,1,2,Hibernating
1503,716,1,414.0,1,1,1,Hibernating
1504,184,3,57867.5,4,3,5,Champions
1505,217,1,2138.5,4,1,2,New customers
1506,22,2,4598.0,5,2,3,Needs attention
1507,182,4,52040.5,4,4,5,Champions
1508,397,1,1235.0,2,1,1,Hibernating
1509,682,1,50280.0,1,1,5,Hibernating
1510,549,2,27916.5,1,2,5,At risk
1511,483,1,570.0,2,1,1,Hibernating
1512,414,2,26340.0,2,2,5,At risk
1513,430,2,37751.5,2,2,5,At risk
1514,447,1,576.0,2,1,1,Hibernating
1515,179,1,2147.0,4,1,2,New customers
1516,638,1,1111.5,1,1,1,Hibernating
1517,397,3,25009.0,2,3,5,Loyal
1519,387,1,931.0,2,1,1,Hibernating
1520,192,3,51670.0,4,3,5,Champions
1521,480,6,104471.0,2,5,5,Loyal
1523,630,2,20011.0,1,2,4,At risk
1524,44,1,23883.0,5,1,5,New customers
1525,190,2,16290.0,4,2,4,Needs attention
1526,295,2,19841.0,3,2,4,Needs attention
1527,581,1,4480.0,1,1,3,Hibernating
1528,154,3,3194.5,4,3,2,Loyal
1529,315,4,19056.0,3,4,4,Loyal
1530,92,1,703.0,5,1,1,New customers
1532,100,1,1642.5,4,1,1,New customers
1533,387,2,46890.0,2,2,5,At risk
1534,517,2,1570.0,1,2,1,At risk
1535,388,1,42738.0,2,1,5,Hibernating
1536,581,1,16272.0,1,1,4,Hibernating
1537,28,1,18080.0,5,1,4,New customers
1538,485,2,24855.0,2,2,5,At risk
1539,387,1,705.5,2,1,1,Hibernating
1540,194,1,8512.0,4,1,3,New customers
1541,439,4,22667.5,2,4,4,Loyal
1542,260,3,8088.0,3,3,3,Loyal
1543,398,1,17176.0,2,1,4,Hibernating
1544,544,1,2584.0,1,1,2,Hibernating
1545,629,1,160.0,1,1,1,Hibernating
1546,645,2,2420.0,1,2,2,At risk
1547,712,2,896.0,1,2,1,At risk
1548,313,2,5002.5,3,2,3,Needs attention
1549,647,2,3841.0,1,2,2,At risk
1550,38,1,30774.0,5,1,5,New customers
1551,361,3,28990.0,3,3,5,Loyal
1552,230,1,1090.0,4,1,1,New customers
1553,202,2,12036.0,4,2,4,Needs attention
1554,379,1,6463.0,2,1,3,Hibernating
1555,92,1,356.0,5,1,1,New customers
1556,613,2,4196.0,1,2,2,At risk
1557,395,2,1979.0,2,2,2,At risk
1558,487,3,51516.0,2,3,5,Loyal
1559,606,2,4599.0,1,2,3,At risk
1560,483,2,4600.0,2,2,3,At risk
1561,395,3,14475.5,2,3,4,Loyal
1562,188,1,210.0,4,1,1,New customers
1563,434,2,3300.0,2,2,2,At risk
1564,54,3,9499.0,5,3,4,Champions
1565,17,2,3708.0,5,2,2,Needs attention
1566,21,2,12058.0,5,2,4,Needs attention
1567,507,4,27970.0,2,4,5,Loyal
1568,24,1,470.0,5,1,1,New customers
1569,284,1,608.0,3,1,1,Needs attention
1570,29,1,11574.0,5,1,4,New customers
1571,415,3,6927.0,2,3,3,Loyal
1572,45,2,4568.5,5,2,3,Needs attention
1573,306,1,590.0,3,1,1,Needs attention
1574,677,1,2340.0,1,1,2,Hibernating
1575,370,2,7690.5,3,2,3,Needs attention
1576,472,2,3079.0,2,2,2,At risk
1577,63,1,7146.0,5,1,3,New customers
1578,406,2,1316.0,2,2,1,At risk
1579,490,2,623.5,2,2,1,At risk
1580,242,3,10020.0,3,3,4,Loyal
1581,404,2,13633.5,2,2,4,At risk
1582,649,1,1660.0,1,1,1,Hibernating
1583,143,1,994.5,4,1,1,New customers
1584,130,1,5052.0,4,1,3,New customers
1585,190,1,530.0,4,1,1,New customers
1586,224,3,21122.5,4,3,4,Champions
1587,435,1,1920.0,2,1,2,Hibernating
1588,97,3,6381.0,4,3,3,Loyal
1589,361,1,1300.0,3,1,1,Needs attention
1590,585,2,2160.0,1,2,2,At risk
1591,445,3,34865.0,2,3,5,Loyal
1592,527,2,11716.5,1,2,4,At risk
1593,376,2,5538.5,2,2,3,At risk
1594,476,3,44017.0,2,3,5,Loyal
1595,649,1,240.0,1,1,1,Hibernating
1596,23,4,13521.0,5,4,4,Champions
1597,376,3,18757.5,2,3,4,Loyal
1598,311,1,1728.0,3,1,2,Needs attention
1599,274,2,1967.0,3,2,2,Needs attention
1601,128,3,12477.0,4,3,4,Champions
1602,507,1,12420.0,2,1,4,Hibernating
1603,109,2,66461.5,4,2,5,Needs attention
1604,458,1,2410.0,2,1,2,Hibernating
1605,5,3,31261.0,5,3,5,Champions
1606,298,3,55991.5,3,3,5,Loyal
1607,646,1,38982.0,1,1,5,Hibernating
1608,180,1,2720.0,4,1,2,New customers
1609,570,4,25357.5,1,4,5,Loyal
1610,173,1,20893.5,4,1,4,New customers
1611,601,2,43810.0,1,2,5,At risk
1612,366,3,5284.0,3,3,3,Loyal
1613,218,1,1156.5,4,1,1,New customers
1614,36,2,17420.0,5,2,4,Needs attention
1615,241,4,5755.5,3,4,3,Loyal
1616,522,2,2828.0,1,2,2,At risk
1617,370,3,9071.0,3,3,3,Loyal
1618,68,2,2384.5,5,2,2,Needs attention
1619,203,1,140.0,4,1,1,New customers
1620,625,2,110016.0,1,2,5,At risk
1621,279,4,32589.5,3,4,5,Loyal
1622,452,2,6804.0,2,2,3,At risk
1623,605,1,33471.5,1,1,5,Hibernating
1624,119,2,3459.5,4,2,2,Needs attention
1625,137,3,33468.0,4,3,5,Champions
1626,365,3,29180.0,3,3,5,Loyal
1627,261,1,9724.0,3,1,4,Needs attention
1628,277,3,5440.0,3,3,3,Loyal
1629,676,1,14373.5,1,1,4,Hibernating
1630,408,1,18126.0,2,1,4,Hibernating
1631,258,3,12522.0,3,3,4,Loyal
1632,472,2,4431.5,2,2,3,At risk
1633,19,3,23734.0,5,3,5,Champions
1634,225,1,4820.0,4,1,3,New customers
1635,622,1,1300.0,1,1,1,Hibernating
1636,43,3,10756.0,5,3,4,Champions
1637,310,1,12430.0,3,1,4,Needs attention
1638,100,1,224.0,4,1,1,New customers
1639,194,1,765.0,4,1,1,New customers
1640,295,3,7736.0,3,3,3,Loyal
1641,326,2,9206.0,3,2,4,Needs attention
1643,207,1,4692.0,4,1,3,New customers
1644,498,3,41917.0,2,3,5,Loyal
1645,396,2,10624.0,2,2,4,At risk
1646,549,1,29735.5,1,1,5,Hibernating
1648,610,1,6694.0,1,1,3,Hibernating
1649,696,1,671.5,1,1,1,Hibernating
1650,63,1,1053.0,5,1,1,New customers
1651,591,2,2702.0,1,2,2,At risk
1653,717,1,2981.0,1,1,2,Hibernating
1654,123,2,29587.5,4,2,5,Needs attention
1655,286,4,48406.5,3,4,5,Loyal
1656,273,3,30649.5,3,3,5,Loyal
1657,482,3,34001.0,2,3,5,Loyal
1658,374,1,590.0,3,1,1,Needs attention
1659,127,2,5073.5,4,2,3,Needs attention
1660,290,3,9656.5,3,3,4,Loyal
1661,443,1,218.5,2,1,1,Hibernating
1662,347,1,2400.0,3,1,2,Needs attention
1664,422,1,18080.0,2,1,4,Hibernating
1665,458,2,36415.0,2,2,5,At risk
1666,402,5,11441.5,2,5,4,Loyal
1667,466,1,12128.5,2,1,4,Hibernating
1668,642,1,1630.0,1,1,1,Hibernating
1669,528,2,2840.0,1,2,2,At risk
1671,584,2,24352.5,1,2,5,At risk
1672,219,2,663.5,4,2,1,Needs attention
1673,86,2,2673.5,5,2,2,Needs attention
1675,621,1,3878.0,1,1,2,Hibernating
1676,564,2,68038.0,1,2,5,At risk
1677,420,2,18374.0,2,2,4,At risk
1678,226,2,8489.5,4,2,3,Needs attention
1679,23,2,4661.0,5,2,3,Needs attention
1680,447,2,3526.5,2,2,2,At risk
1681,607,1,4080.0,1,1,2,Hibernating
1682,494,3,8296.0,2,3,3,Loyal
1683,60,2,4580.0,5,2,3,Needs attention
1684,691,1,2690.0,1,1,2,Hibernating
1685,438,2,37249.5,2,2,5,At risk
1686,643,1,2177.0,1,1,2,Hibernating
1687,477,2,25280.0,2,2,5,At risk
1688,14,2,2090.0,5,2,2,Needs attention
1689,454,3,1641.0,2,3,1,Loyal
1690,327,2,3560.0,3,2,2,Needs attention
1691,71,1,199.5,5,1,1,New customers
1692,290,1,2169.0,3,1,2,Needs attention
1693,680,1,4940.0,1,1,3,Hibernating
1694,266,1,2690.0,3,1,2,Needs attention
1695,33,1,640.0,5,1,1,New customers
1696,372,3,9580.5,3,3,4,Loyal
1697,196,3,50820.0,4,3,5,Champions
1698,354,1,850.0,3,1,1,Needs attention
1699,244,2,20710.0,3,2,4,Needs attention
1700,592,1,630.0,1,1,1,Hibernating
1701,122,1,49134.0,4,1,5,New customers
1702,17,1,1420.5,5,1,1,New customers
1703,484,3,21354.0,2,3,4,Loyal
1704,150,1,3200.0,4,1,2,New customers
1705,150,1,1180.0,4,1,1,New customers
1706,153,3,5526.5,4,3,3,Loyal
1707,407,2,2463.0,2,2,2,At risk
1708,388,1,590.0,2,1,1,Hibernating
1709,136,1,45630.0,4,1,5,New customers
1710,620,1,25670.0,1,1,5,Hibernating
1711,41,2,12455.5,5,2,4,Needs attention
1712,15,3,11411.0,5,3,4,Champions
1713,247,1,1566.0,3,1,1,Needs attention
1714,414,2,25233.0,2,2,5,At risk
1715,254,2,14957.5,3,2,4,Needs attention
1716,686,1,4629.0,1,1,3,Hibernating
1717,17,2,5314.5,5,2,3,Needs attention
1718,431,3,2770.5,2,3,2,Loyal
1719,677,1,28660.0,1,1,5,Hibernating
1720,163,1,756.0,4,1,1,New customers
1721,10,3,14428.0,5,3,4,Champions
1722,276,1,5420.0,3,1,3,Needs attention
1723,619,3,6001.0,1,3,3,Loyal
1724,197,1,199.5,4,1,1,New customers
1725,268,1,30594.0,3,1,5,Needs attention
1726,155,1,2690.0,4,1,2,New customers
1727,143,1,1157.0,4,1,1,New customers
1729,314,5,8270.0,3,5,3,Loyal
1730,73,1,2421.0,5,1,2,New customers
1731,303,3,23630.0,3,3,5,Loyal
1732,334,3,19070.0,3,3,4,Loyal
1733,516,1,993.0,1,1,1,Hibernating
1734,266,1,7730.0,3,1,3,Needs attention
1735,118,3,84902.5,4,3,5,Champions
1736,730,1,630.0,1,1,1,Hibernating
1737,329,1,140.0,3,1,1,Needs attention
1738,1,2,17675.5,5,2,4,Needs attention
1739,531,1,1420.0,1,1,1,Hibernating
1740,499,2,2969.0,2,2,2,At risk
1741,56,3,6206.5,5,3,3,Loyal
1742,680,1,19200.0,1,1,4,Hibernating
1743,244,3,16351.0,3,3,4,Loyal
1744,395,1,714.0,2,1,1,Hibernating
1745,155,1,798.0,4,1,1,New customers
1746,451,2,4505.5,2,2,3,At risk
1747,423,1,2368.0,2,1,2,Hibernating
1748,254,4,8487.0,3,4,3,Loyal
1749,81,2,3683.0,5,2,2,Needs attention
1750,276,1,1140.0,3,1,1,Needs attention
1751,371,1,199.5,3,1,1,Needs attention
1752,441,1,1406.0,2,1,1,Hibernating
1753,587,2,33233.0,1,2,5,At risk
1754,28,2,29672.0,5,2,5,Needs attention
1755,258,1,5070.0,3,1,3,Needs attention
1756,375,4,27669.0,3,4,5,Loyal
1757,437,1,16033.0,2,1,4,Hibernating
1758,87,3,22432.0,5,3,4,Champions
1759,120,2,27759.0,4,2,5,Needs attention
1760,392,1,1218.0,2,1,1,Hibernating
1761,444,4,33504.0,2,4,5,Loyal
1762,232,2,37120.0,3,2,5,Needs attention
1763,255,1,7126.5,3,1,3,Needs attention
1764,230,3,22080.0,4,3,4,Champions
1765,668,1,3688.0,1,1,2,Hibernating
1766,141,4,29348.0,4,4,5,Champions
1767,244,2,5010.0,3,2,3,Needs attention
1768,47,1,4380.0,5,1,3,New customers
1769,357,1,5580.0,3,1,3,Needs attention
1770,106,4,6092.5,4,4,3,Loyal
1771,290,2,2638.5,3,2,2,Needs attention
1772,596,1,17819.0,1,1,4,Hibernating
1773,613,3,48868.0,1,3,5,Loyal
1774,113,3,31752.5,4,3,5,Champions
1775,28,1,9656.5,5,1,4,New customers
1776,118,1,22710.0,4,1,4,New customers
1777,231,3,4894.5,3,3,3,Loyal
1778,669,2,44205.0,1,2,5,At risk
1779,30,1,36330.0,5,1,5,New customers
1780,404,1,4693.0,2,1,3,Hibernating
1781,509,2,7261.0,2,2,3,At risk
1782,45,2,1672.0,5,2,1,Needs attention
1783,191,1,7364.0,4,1,3,New customers
1784,195,1,3040.0,4,1,2,New customers
1785,308,5,41180.0,3,5,5,Loyal
1786,22,1,1350.0,5,1,1,New customers
1787,364,3,6351.0,3,3,3,Loyal
1788,305,2,13740.0,3,2,4,Needs attention
1789,184,2,2710.0,4,2,2,Needs attention
1790,254,1,5588.0,3,1,3,Needs attention
1791,609,1,1943.0,1,1,2,Hibernating
1792,386,1,4875.5,2,1,3,Hibernating
1793,461,1,1680.0,2,1,2,Hibernating
1794,19,1,4500.0,5,1,3,New customers
1795,167,2,20602.0,4,2,4,Needs attention
1796,344,3,13441.0,3,3,4,Loyal
1797,68,2,4546.0,5,2,3,Needs attention
1798,180,3,9960.0,4,3,4,Champions
1799,410,2,13226.0,2,2,4,At risk
1800,304,2,3163.0,3,2,2,Needs attention
1801,96,1,2280.0,4,1,2,New customers
1802,313,2,20298.0,3,2,4,Needs attention
1803,462,1,5730.0,2,1,3,Hibernating
1804,18,4,3002.5,5,4,2,Loyal
1805,300,1,2450.0,3,1,2,Needs attention
1806,296,2,13013.5,3,2,4,Needs attention
1807,206,1,2918.5,4,1,2,New customers
1808,81,1,357.0,5,1,1,New customers
1809,191,3,78936.5,4,3,5,Champions
1810,314,3,11952.0,3,3,4,Loyal
1811,281,5,45657.5,3,5,5,Loyal
1812,268,1,8176.0,3,1,3,Needs attention
1813,431,2,11984.5,2,2,4,At risk
1814,433,2,6903.5,2,2,3,At risk
1815,232,1,32697.0,3,1,5,Needs attention
1816,403,1,4480.0,2,1,3,Hibernating
1817,236,2,2372.5,3,2,2,Needs attention
1818,351,2,7762.0,3,2,3,Needs attention
1819,537,1,204.0,1,1,1,Hibernating
1820,313,3,7191.0,3,3,3,Loyal
1821,135,1,6930.0,4,1,3,New customers
1822,576,2,28030.5,1,2,5,At risk
1823,494,1,1053.0,2,1,1,Hibernating
1824,249,1,1090.0,3,1,1,Needs attention
1825,441,3,1956.5,2,3,2,Loyal
1826,254,2,39613.0,3,2,5,Needs attention
1827,207,1,33369.0,4,1,5,New customers
1828,250,1,24919.0,3,1,5,Needs attention
1829,394,2,3540.0,2,2,2,At risk
1830,711,1,189.0,1,1,1,Hibernating
1831,46,2,33221.0,5,2,5,Needs attention
1832,425,2,5033.5,2,2,3,At risk
1833,71,2,60740.5,5,2,5,Needs attention
1834,408,3,2239.0,2,3,2,Loyal
1835,593,2,5396.5,1,2,3,At risk
1836,97,2,37128.0,4,2,5,Needs attention
1837,11,2,29098.0,5,2,5,Needs attention
1838,94,2,23650.0,5,2,5,Needs attention
1839,175,2,5170.0,4,2,3,Needs attention
1840,439,2,24995.5,2,2,5,At risk
1841,69,2,2155.5,5,2,2,Needs attention
1842,166,2,23029.0,4,2,4,Needs attention
1843,417,4,18825.0,2,4,4,Loyal
1845,59,2,1287.0,5,2,1,Needs attention
1846,468,2,27278.0,2,2,5,At risk
1847,47,2,1376.5,5,2,1,Needs attention
1848,619,1,1930.0,1,1,2,Hibernating
1849,530,1,33581.5,1,1,5,Hibernating
1850,489,3,9555.0,2,3,4,Loyal
1851,262,4,13699.0,3,4,4,Loyal
1852,73,3,10557.0,5,3,4,Champions
1853,15,3,3545.0,5,3,2,Loyal
1854,49,2,11124.0,5,2,4,Needs attention
1855,163,3,75016.0,4,3,5,Champions
1856,558,2,333.5,1,2,1,At risk
1857,35,1,2584.0,5,1,2,New customers
1858,341,1,18036.0,3,1,4,Needs attention
1859,105,3,74290.5,4,3,5,Champions
1860,151,2,1170.0,4,2,1,Needs attention
1861,101,3,9243.0,4,3,4,Champions
1862,55,1,1411.0,5,1,1,New customers
1863,97,5,107451.5,4,5,5,Champions
1864,178,2,24040.0,4,2,5,Needs attention
1865,30,5,13510.0,5,5,4,Champions
1866,440,3,2847.0,2,3,2,Loyal
1867,429,3,37154.0,2,3,5,Loyal
1868,278,1,1740.0,3,1,2,Needs attention
1869,556,2,5765.0,1,2,3,At risk
1870,498,1,2109.0,2,1,2,Hibernating
1871,144,3,12009.5,4,3,4,Champions
1872,29,1,1620.0,5,1,1,New customers
1873,353,2,10814.0,3,2,4,Needs attention
1874,215,3,8689.0,4,3,3,Loyal
1875,269,2,4082.0,3,2,2,Needs attention
1876,80,2,5311.0,5,2,3,Needs attention
1877,268,2,7450.0,3,2,3,Needs attention
1878,448,3,12226.5,2,3,4,Loyal
1879,340,1,980.0,3,1,1,Needs attention
1880,441,1,6552.0,2,1,3,Hibernating
1881,134,3,35821.0,4,3,5,Champions
1882,105,1,6623.5,4,1,3,New customers
1883,48,1,2650.5,5,1,2,New customers
1884,296,1,70.0,3,1,1,Needs attention
1885,328,2,11295.5,3,2,4,Needs attention
1886,410,1,486.0,2,1,1,Hibernating
1887,604,1,13959.0,1,1,4,Hibernating
1889,65,3,12134.0,5,3,4,Champions
1890,10,2,8885.5,5,2,3,Needs attention
1892,415,3,5113.0,2,3,3,Loyal
1893,62,3,29480.0,5,3,5,Champions
1894,332,1,2736.0,3,1,2,Needs attention
1895,142,1,123.5,4,1,1,New customers
1896,313,2,12266.5,3,2,4,Needs attention
1897,399,1,1803.5,2,1,2,Hibernating
1898,233,2,22127.5,3,2,4,Needs attention
1899,71,3,24599.0,5,3,5,Champions
1900,297,4,81982.0,3,4,5,Loyal
1901,45,2,3461.0,5,2,2,Needs attention
1902,321,3,12330.0,3,3,4,Loyal
1903,440,1,921.5,2,1,1,Hibernating
1904,37,3,9528.0,5,3,4,Champions
1905,52,1,1282.5,5,1,1,New customers
1906,71,1,1114.0,5,1,1,New customers
1907,262,2,998.0,3,2,1,Needs attention
1908,126,1,570.0,4,1,1,New customers
1909,58,1,1170.0,5,1,1,New customers
1910,24,1,830.0,5,1,1,New customers
1911,618,3,24113.5,1,3,5,Loyal
1912,199,1,7879.5,4,1,3,New customers
1913,22,1,780.0,5,1,1,New customers
1914,112,3,51092.0,4,3,5,Champions
1915,566,1,3035.0,1,1,2,Hibernating
1916,184,1,1594.0,4,1,1,New customers
1917,492,3,7341.0,2,3,3,Loyal
1918,358,2,32336.0,3,2,5,Needs attention
1919,78,1,720.0,5,1,1,New customers
1920,403,1,4773.5,2,1,3,Hibernating
1921,95,3,5406.0,4,3,3,Loyal
1922,391,3,4317.5,2,3,3,Loyal
1923,301,1,4180.0,3,1,2,Needs attention
1924,56,2,4853.0,5,2,3,Needs attention
1925,113,2,6205.5,4,2,3,Needs attention
1926,516,1,4949.5,1,1,3,Hibernating
1927,181,6,44839.0,4,5,5,Champions
1928,461,2,3000.0,2,2,2,At risk
1929,359,2,31717.0,3,2,5,Needs attention
1930,255,2,461.0,3,2,1,Needs attention
1931,414,3,12780.0,2,3,4,Loyal
1932,365,2,8691.0,3,2,3,Needs attention
1933,517,1,9880.0,1,1,4,Hibernating
1934,435,3,25934.5,2,3,5,Loyal
1935,125,3,8329.5,4,3,3,Loyal
1936,68,3,49086.0,5,3,5,Champions
1937,168,4,27743.0,4,4,5,Champions
1938,56,3,20481.0,5,3,4,Champions
1939,281,2,3230.0,3,2,2,Needs attention
1940,526,4,19122.0,1,4,4,Loyal
1941,458,1,22710.0,2,1,4,Hibernating
1942,714,1,3876.0,1,1,2,Hibernating
1943,694,1,1629.0,1,1,1,Hibernating
1944,482,1,2608.0,2,1,2,Hibernating
1945,125,3,56680.0,4,3,5,Champions
1947,634,1,18080.0,1,1,4,Hibernating
1948,31,2,8985.5,5,2,3,Needs attention
1949,312,5,34840.0,3,5,5,Loyal
1950,617,2,25333.5,1,2,5,At risk
1951,93,3,17453.5,5,3,4,Champions
1952,178,1,3572.0,4,1,2,New customers
1953,191,2,20384.0,4,2,4,Needs attention
1954,517,2,2553.0,1,2,2,At risk
1955,644,1,1140.0,1,1,1,Hibernating
1956,315,2,6291.5,3,2,3,Needs attention
1957,405,1,9069.5,2,1,3,Hibernating
1958,19,1,2220.0,5,1,2,New customers
1959,439,2,37134.0,2,2,5,At risk
1960,595,1,12435.5,1,1,4,Hibernating
1961,31,2,4845.0,5,2,3,Needs attention
1962,617,1,541.5,1,1,1,Hibernating
1963,656,3,7109.0,1,3,3,Loyal
1964,403,3,4866.0,2,3,3,Loyal
1965,436,1,696.5,2,1,1,Hibernating
1966,199,2,8986.5,4,2,3,Needs attention
1967,44,2,4329.5,5,2,3,Needs attention
1968,17,2,3805.0,5,2,2,Needs attention
1969,522,1,3034.5,1,1,2,Hibernating
1970,24,1,4790.0,5,1,3,New customers
1971,247,3,69495.0,3,3,5,Loyal
1972,676,1,1930.0,1,1,2,Hibernating
1973,61,1,1710.0,5,1,2,New customers
1974,567,2,5293.5,1,2,3,At risk
1975,304,2,2579.5,3,2,2,Needs attention
1976,40,5,42171.0,5,5,5,Champions
1977,547,1,350.0,1,1,1,Hibernating
1978,456,2,10453.5,2,2,4,At risk
1979,342,2,19674.5,3,2,4,Needs attention
1980,78,2,25826.5,5,2,5,Needs attention
1981,560,1,27678.0,1,1,5,Hibernating
1982,45,4,28716.0,5,4,5,Champions
1983,406,1,2477.0,2,1,2,Hibernating
1984,642,1,790.0,1,1,1,Hibernating
1985,35,3,4780.0,5,3,3,Loyal
1986,133,1,532.0,4,1,1,New customers
1987,323,1,4216.5,3,1,2,Needs attention
1988,592,1,5070.0,1,1,3,Hibernating
1989,610,1,24876.0,1,1,5,Hibernating
1990,406,2,26167.0,2,2,5,At risk
1991,173,6,18943.5,4,5,4,Champions
1992,169,4,43376.0,4,4,5,Champions
1993,332,3,6482.0,3,3,3,Loyal
1994,370,1,2223.0,3,1,2,Needs attention
1995,515,1,900.0,1,1,1,Hibernating
1996,110,3,2328.0,4,3,2,Loyal
1997,164,1,31066.0,4,1,5,New customers
1998,267,1,5466.0,3,1,3,Needs attention
1999,555,2,40211.0,1,2,5,At risk
2000,13,1,7384.0,5,1,3,New customers
2001,602,1,33386.0,1,1,5,Hibernating
2002,21,1,1062.0,5,1,1,New customers
2003,705,1,10880.0,1,1,4,Hibernating
2004,361,1,1920.0,3,1,2,Needs attention
2005,435,3,7318.5,2,3,3,Loyal
2006,663,1,9706.5,1,1,4,Hibernating
2007,109,3,3857.0,4,3,2,Loyal
2008,111,1,3042.0,4,1,2,New customers
2009,634,1,1970.0,1,1,2,Hibernating
2010,34,1,2410.0,5,1,2,New customers
2011,378,4,48784.5,2,4,5,Loyal
2012,423,2,2523.0,2,2,2,At risk
2013,498,2,20077.0,2,2,4,At risk
2014,390,1,2963.0,2,1,2,Hibernating
2015,603,1,22710.0,1,1,4,Hibernating
2016,403,2,28771.0,2,2,5,At risk
2017,579,1,446.5,1,1,1,Hibernating
2018,694,1,1122.0,1,1,1,Hibernating
2019,401,2,3883.5,2,2,2,At risk
2020,230,2,5380.0,4,2,3,Needs attention
2021,186,1,24576.0,4,1,5,New customers
2022,436,2,71601.5,2,2,5,At risk
2023,501,1,19303.5,2,1,4,Hibernating
2024,168,1,3763.0,4,1,2,New customers
2025,232,2,1471.0,3,2,1,Needs attention
2026,139,1,25963.0,4,1,5,New customers
2027,46,2,6130.5,5,2,3,Needs attention
2028,75,3,39232.0,5,3,5,Champions
2029,65,1,1350.0,5,1,1,New customers
2030,433,1,1280.0,2,1,1,Hibernating
2031,451,1,2646.0,2,1,2,Hibernating
2032,230,4,15436.5,4,4,4,Champions
2033,537,2,22670.0,1,2,4,At risk
2034,162,2,4655.5,4,2,3,Needs attention
2035,142,3,78042.0,4,3,5,Champions
2036,153,1,3154.0,4,1,2,New customers
2037,487,3,25546.0,2,3,5,Loyal
2038,382,1,1235.0,2,1,1,Hibernating
2039,523,2,9156.0,1,2,4,At risk
2040,89,1,19040.0,5,1,4,New customers
2041,497,1,1327.0,2,1,1,Hibernating
2042,619,1,2710.0,1,1,2,Hibernating
2043,315,1,2490.5,3,1,2,Needs attention
2045,78,1,358.0,5,1,1,New customers
2046,653,1,4710.0,1,1,3,Hibernating
2047,490,1,2600.0,2,1,2,Hibernating
2048,385,5,14520.0,2,5,4,Loyal
2049,446,2,13118.0,2,2,4,At risk
2050,281,2,15020.5,3,2,4,Needs attention
2051,474,2,41719.0,2,2,5,At risk
2052,480,4,12344.5,2,4,4,Loyal
2053,326,3,7450.0,3,3,3,Loyal
2054,690,1,4970.0,1,1,3,Hibernating
2055,29,5,54676.0,5,5,5,Champions
2056,647,2,4500.0,1,2,3,At risk
2057,583,2,59879.0,1,2,5,At risk
2058,350,2,3287.0,3,2,2,Needs attention
2059,117,1,4919.0,4,1,3,New customers
2060,111,4,8700.0,4,4,3,Loyal
2061,650,2,9441.5,1,2,4,At risk
2062,511,3,15619.0,1,3,4,Loyal
2063,285,3,12584.0,3,3,4,Loyal
2064,253,2,21316.0,3,2,4,Needs attention
2065,189,1,610.0,4,1,1,New customers
2066,12,2,33456.5,5,2,5,Needs attention
2067,478,1,10146.5,2,1,4,Hibernating
2068,474,3,9095.0,2,3,4,Loyal
2069,611,2,8987.5,1,2,3,At risk
2071,515,4,10240.0,1,4,4,Loyal
2072,107,1,720.0,4,1,1,New customers
2073,539,1,5029.0,1,1,3,Hibernating
2074,38,3,48612.0,5,3,5,Champions
2075,300,2,23897.0,3,2,5,Needs attention
2076,99,4,10660.0,4,4,4,Champions
2077,214,3,3602.0,4,3,2,Loyal
2078,121,2,1261.0,4,2,1,Needs attention
2079,700,1,15390.0,1,1,4,Hibernating
2080,655,1,18168.0,1,1,4,Hibernating
2081,402,2,14458.0,2,2,4,At risk
2082,364,2,20504.0,3,2,4,Needs attention
2083,306,2,40140.0,3,2,5,Needs attention
2084,200,1,2380.0,4,1,2,New customers
2085,311,1,2690.0,3,1,2,Needs attention
2086,538,1,2720.0,1,1,2,Hibernating
2087,493,1,2220.0,2,1,2,Hibernating
2088,90,3,41405.0,5,3,5,Champions
2089,582,1,3909.0,1,1,2,Hibernating
2090,297,2,8890.0,3,2,3,Needs attention
2091,144,2,2930.0,4,2,2,Needs attention
2092,199,1,559.5,4,1,1,New customers
2093,213,1,1740.0,4,1,2,New customers
2094,339,3,15274.5,3,3,4,Loyal
2095,434,2,4970.5,2,2,3,At risk
2096,464,1,1930.0,2,1,2,Hibernating
2097,427,1,199.5,2,1,1,Hibernating
2098,274,6,62804.0,3,5,5,Loyal
2099,236,3,20428.5,3,3,4,Loyal
2100,566,2,2299.0,1,2,2,At risk
2101,62,4,8459.5,5,4,3,Loyal
2102,192,1,1786.0,4,1,2,New customers
2103,31,2,1907.0,5,2,2,Needs attention
2104,574,3,5382.0,1,3,3,Loyal
2105,80,2,30062.0,5,2,5,Needs attention
2106,639,3,3342.0,1,3,2,Loyal
2107,467,2,12098.0,2,2,4,At risk
2108,571,2,38880.0,1,2,5,At risk
2109,536,3,5736.0,1,3,3,Loyal
2110,602,1,207.0,1,1,1,Hibernating
2111,688,1,34265.5,1,1,5,Hibernating
2112,127,2,14364.5,4,2,4,Needs attention
2113,683,1,1880.0,1,1,2,Hibernating
2114,242,2,16013.5,3,2,4,Needs attention
2115,149,1,41728.0,4,1,5,New customers
2116,18,1,420.0,5,1,1,New customers
2117,77,3,5473.0,5,3,3,Loyal
2118,620,1,1960.0,1,1,2,Hibernating
2119,19,1,18260.0,5,1,4,New customers
2120,191,2,1490.0,4,2,1,Needs attention
2121,542,3,46904.5,1,3,5,Loyal
2122,410,1,3512.0,2,1,2,Hibernating
2123,6,2,16691.0,5,2,4,Needs attention
2124,412,2,786.0,2,2,1,At risk
2125,599,1,240.0,1,1,1,Hibernating
2126,32,2,2979.0,5,2,2,Needs attention
2127,34,2,4418.0,5,2,3,Needs attention
2129,44,1,4320.0,5,1,3,New customers
2130,111,1,25500.0,4,1,5,New customers
2131,242,4,23121.0,3,4,4,Loyal
2132,572,1,608.0,1,1,1,Hibernating
2133,165,3,7123.5,4,3,3,Loyal
2134,571,1,5260.0,1,1,3,Hibernating
2135,366,3,6056.0,3,3,3,Loyal
2136,253,1,1309.5,3,1,1,Needs attention
2137,52,1,3703.0,5,1,2,New customers
2138,524,1,1180.0,1,1,1,Hibernating
2139,292,3,10484.0,3,3,4,Loyal
2140,204,1,10140.0,4,1,4,New customers
2141,723,1,9270.0,1,1,4,Hibernating
2142,268,3,1400.5,3,3,1,Loyal
2143,14,5,28934.5,5,5,5,Champions
2144,289,2,25429.5,3,2,5,Needs attention
2145,453,1,750.5,2,1,1,Hibernating
2146,52,2,10676.0,5,2,4,Needs attention
2147,339,4,21776.5,3,4,4,Loyal
2148,203,2,15111.5,4,2,4,Needs attention
2149,402,1,1981.0,2,1,2,Hibernating
2150,713,1,4006.0,1,1,2,Hibernating
2151,69,4,30154.0,5,4,5,Champions
2152,604,2,10104.5,1,2,4,At risk
2154,199,2,880.0,4,2,1,Needs attention
2155,453,1,470.0,2,1,1,Hibernating
2156,172,2,6547.0,4,2,3,Needs attention
2157,282,1,5272.5,3,1,3,Needs attention
2158,541,1,5262.0,1,1,3,Hibernating
2159,509,2,24510.0,2,2,5,At risk
2160,407,2,1683.5,2,2,2,At risk
2161,453,2,8878.0,2,2,3,At risk
2162,182,1,13430.0,4,1,4,New customers
2163,628,2,5642.0,1,2,3,At risk
2164,136,1,706.5,4,1,1,New customers
2165,470,1,980.0,2,1,1,Hibernating
2166,302,2,729.0,3,2,1,Needs attention
2167,569,3,45498.0,1,3,5,Loyal
2168,417,2,11303.5,2,2,4,At risk
2169,39,2,44184.0,5,2,5,Needs attention
2170,536,1,2346.5,1,1,2,Hibernating
2172,355,1,13881.0,3,1,4,Needs attention
2173,605,1,34352.0,1,1,5,Hibernating
2174,341,3,8968.0,3,3,3,Loyal
2175,115,3,32869.5,4,3,5,Champions
2176,3,4,34792.0,5,4,5,Champions
2177,269,1,722.0,3,1,1,Needs attention
2178,20,4,54850.5,5,4,5,Champions
2179,129,1,18260.0,4,1,4,New customers
2180,621,2,39406.0,1,2,5,At risk
2181,461,1,37617.0,2,1,5,Hibernating
2182,498,3,7007.5,2,3,3,Loyal
2183,720,1,1180.0,1,1,1,Hibernating
2184,225,4,14467.5,4,4,4,Champions
2186,92,1,399.0,5,1,1,New customers
2187,174,1,25140.0,4,1,5,New customers
2188,210,4,8364.0,4,4,3,Loyal
2190,585,1,1511.5,1,1,1,Hibernating
2191,9,2,2498.0,5,2,2,Needs attention
2192,22,2,24430.5,5,2,5,Needs attention
2193,662,1,1140.0,1,1,1,Hibernating
2194,398,1,1236.0,2,1,1,Hibernating
2195,138,1,7737.0,4,1,3,New customers
2196,387,1,1580.0,2,1,1,Hibernating
2197,92,1,784.0,5,1,1,New customers
2198,20,2,21753.0,5,2,4,Needs attention
2199,381,1,901.0,2,1,1,Hibernating
2200,677,1,1920.0,1,1,2,Hibernating
2201,478,1,2456.0,2,1,2,Hibernating
2202,388,2,4228.5,2,2,2,At risk
2203,388,1,4004.0,2,1,2,Hibernating
2204,268,2,26905.5,3,2,5,Needs attention
2205,395,1,108.0,2,1,1,Hibernating
2206,510,3,6225.0,1,3,3,Loyal
2207,509,1,2956.0,2,1,2,Hibernating
2208,237,1,2280.0,3,1,2,Needs attention
2209,353,5,33314.5,3,5,5,Loyal
2210,513,3,5310.0,1,3,3,Loyal
2211,95,1,199.5,4,1,1,New customers
2212,636,2,5535.5,1,2,3,At risk
2213,325,2,12995.0,3,2,4,Needs attention
2214,577,1,2410.0,1,1,2,Hibernating
2215,653,1,2700.0,1,1,2,Hibernating
2216,315,3,15594.0,3,3,4,Loyal
2217,351,1,2119.5,3,1,2,Needs attention
2218,596,1,34845.5,1,1,5,Hibernating
2219,557,2,2508.0,1,2,2,At risk
2220,448,3,5407.0,2,3,3,Loyal
2221,246,2,9446.5,3,2,4,Needs attention
2222,114,1,1480.0,4,1,1,New customers
2223,553,2,17824.0,1,2,4,At risk
2224,503,1,214.0,2,1,1,Hibernating
2225,389,3,8165.0,2,3,3,Loyal
2226,470,1,21964.0,2,1,4,Hibernating
2227,253,3,3120.0,3,3,2,Loyal
2228,680,1,1740.0,1,1,2,Hibernating
2229,290,2,22502.0,3,2,4,Needs attention
2230,401,3,56348.0,2,3,5,Loyal
2231,478,1,40013.0,2,1,5,Hibernating
2232,475,3,10597.5,2,3,4,Loyal
2233,70,1,752.0,5,1,1,New customers
2234,289,1,2052.0,3,1,2,Needs attention
2236,576,1,5070.0,1,1,3,Hibernating
2237,139,1,36976.5,4,1,5,New customers
2238,30,3,5949.5,5,3,3,Loyal
2239,657,3,38903.5,1,3,5,Loyal
2240,47,2,1079.5,5,2,1,Needs attention
2241,234,1,70.0,3,1,1,Needs attention
2242,618,2,9234.0,1,2,4,At risk
2243,93,2,11900.0,5,2,4,Needs attention
2244,602,2,4500.0,1,2,3,At risk
2245,388,4,27605.0,2,4,5,Loyal
2247,377,2,2110.0,2,2,2,At risk
2248,288,1,437.0,3,1,1,Needs attention
2249,430,1,189.0,2,1,1,Hibernating
2250,631,1,850.0,1,1,1,Hibernating
2251,417,3,3242.5,2,3,2,Loyal
2252,8,1,1770.0,5,1,2,New customers
2253,24,2,21354.0,5,2,4,Needs attention
2254,185,1,11799.0,4,1,4,New customers
2255,637,2,9421.0,1,2,4,At risk
2256,128,1,2410.0,4,1,2,New customers
2257,229,1,40350.0,4,1,5,New customers
2258,349,1,5232.0,3,1,3,Needs attention
2259,495,2,6440.0,2,2,3,At risk
2260,16,1,610.0,5,1,1,New customers
2261,408,1,16312.0,2,1,4,Hibernating
2262,696,1,1406.0,1,1,1,Hibernating
2263,572,1,2783.5,1,1,2,Hibernating
2264,134,4,25042.5,4,4,5,Champions
2265,460,2,10567.0,2,2,4,At risk
2266,499,1,1316.5,2,1,1,Hibernating
2268,50,1,8064.0,5,1,3,New customers
2269,642,2,42874.0,1,2,5,At risk
2270,214,4,17897.0,4,4,4,Champions
2271,9,2,3108.0,5,2,2,Needs attention
2272,90,2,4687.0,5,2,3,Needs attention
2273,64,1,5401.5,5,1,3,New customers
2274,601,1,360.0,1,1,1,Hibernating
2275,147,2,17215.0,4,2,4,Needs attention
2276,9,2,35901.0,5,2,5,Needs attention
2277,492,1,2700.0,2,1,2,Hibernating
2278,131,3,6844.5,4,3,3,Loyal
2279,283,3,21634.0,3,3,4,Loyal
2280,379,1,2109.0,2,1,2,Hibernating
2281,523,1,70.0,1,1,1,Hibernating
2282,42,1,980.0,5,1,1,New customers
2283,46,1,6536.5,5,1,3,New customers
2284,456,1,2286.5,2,1,2,Hibernating
2285,132,1,2220.0,4,1,2,New customers
2286,298,2,26070.0,3,2,5,Needs attention
2287,158,1,21070.0,4,1,4,New customers
2288,310,1,240.0,3,1,1,Needs attention
2289,259,3,9028.5,3,3,3,Loyal
2290,605,2,56379.0,1,2,5,At risk
2291,66,3,8551.0,5,3,3,Loyal
2292,356,4,27190.0,3,4,5,Loyal
2293,568,1,2635.5,1,1,2,Hibernating
2294,588,1,3732.0,1,1,2,Hibernating
2295,28,1,4008.0,5,1,2,New customers
2296,551,2,18720.0,1,2,4,At risk
2297,157,1,530.0,4,1,1,New customers
2298,108,1,4104.0,4,1,2,New customers
2299,426,2,12236.0,2,2,4,At risk
2300,216,2,20925.0,4,2,4,Needs attention
2301,317,1,531.0,3,1,1,Needs attention
2302,470,1,2280.0,2,1,2,Hibernating
2303,241,2,31776.5,3,2,5,Needs attention
2305,407,1,114.0,2,1,1,Hibernating
2306,257,3,45715.0,3,3,5,Loyal
2307,81,2,5548.0,5,2,3,Needs attention
2308,269,1,750.5,3,1,1,Needs attention
2309,459,1,1300.0,2,1,1,Hibernating
2310,44,1,1653.0,5,1,1,New customers
2311,134,3,5806.0,4,3,3,Loyal
2312,55,1,18080.0,5,1,4,New customers
2313,200,1,12459.0,4,1,4,New customers
2314,444,1,1170.0,2,1,1,Hibernating
2315,107,2,9644.0,4,2,4,Needs attention
2316,334,3,98394.5,3,3,5,Loyal
2317,526,1,1711.0,1,1,2,Hibernating
2318,398,1,240.0,2,1,1,Hibernating
2319,39,1,288.0,5,1,1,New customers
2320,168,4,24903.0,4,4,5,Champions
2321,430,2,24753.5,2,2,5,At risk
2322,299,2,7048.5,3,2,3,Needs attention
2323,520,1,2720.0,1,1,2,Hibernating
2324,252,1,22079.0,3,1,4,Needs attention
2325,471,1,23180.0,2,1,4,Hibernating
2326,328,1,850.0,3,1,1,Needs attention
2327,340,3,21849.0,3,3,4,Loyal
2328,447,2,7975.0,2,2,3,At risk
2329,10,2,6990.0,5,2,3,Needs attention
2330,184,7,88492.0,4,5,5,Champions
2331,679,1,5070.0,1,1,3,Hibernating
2332,85,4,27891.5,5,4,5,Champions
2334,634,3,14271.5,1,3,4,Loyal
2335,507,1,3676.5,2,1,2,Hibernating
2336,608,1,1350.0,1,1,1,Hibernating
2337,350,2,5060.0,3,2,3,Needs attention
2338,160,2,1740.5,4,2,2,Needs attention
2339,42,1,3369.0,5,1,2,New customers
2340,454,1,280.0,2,1,1,Hibernating
2341,111,1,5209.0,4,1,3,New customers
2342,578,1,38298.5,1,1,5,Hibernating
2343,172,1,5506.0,4,1,3,New customers
2344,315,2,3872.5,3,2,2,Needs attention
2345,143,2,67372.0,4,2,5,Needs attention
2346,108,2,5902.5,4,2,3,Needs attention
2347,258,2,6707.0,3,2,3,Needs attention
2348,396,5,11350.0,2,5,4,Loyal
2349,307,2,17183.0,3,2,4,Needs attention
2350,135,1,70.0,4,1,1,New customers
2351,29,1,1632.0,5,1,1,New customers
2352,62,1,3040.0,5,1,2,New customers
2353,422,3,2733.0,2,3,2,Loyal
2354,218,2,6510.0,4,2,3,Needs attention
2355,653,1,360.0,1,1,1,Hibernating
2357,18,1,4655.0,5,1,3,New customers
2358,665,2,42018.0,1,2,5,At risk
2359,262,1,41150.0,3,1,5,Needs attention
2360,46,1,4693.0,5,1,3,New customers
2361,3,3,13477.5,5,3,4,Champions
2362,336,4,25089.5,3,4,5,Loyal
2363,468,3,7786.5,2,3,3,Loyal
2364,4,2,6649.0,5,2,3,Needs attention
2365,28,3,42231.0,5,3,5,Champions
2367,33,1,16272.0,5,1,4,New customers
2368,717,1,23064.0,1,1,4,Hibernating
2369,120,4,29890.5,4,4,5,Champions
2370,700,1,972.0,1,1,1,Hibernating
2371,67,1,5266.0,5,1,3,New customers
2372,65,3,2786.0,5,3,2,Loyal
2373,75,1,610.0,5,1,1,New customers
2374,205,3,4263.0,4,3,2,Loyal
2375,659,1,420.0,1,1,1,Hibernating
2376,520,3,7591.0,1,3,3,Loyal
2377,488,1,8343.0,2,1,3,Hibernating
2378,45,3,68164.0,5,3,5,Champions
2379,611,1,2720.0,1,1,2,Hibernating
2380,119,1,3876.0,4,1,2,New customers
2381,446,3,64717.0,2,3,5,Loyal
2382,248,2,4116.0,3,2,2,Needs attention
2383,584,1,1090.0,1,1,1,Hibernating
2384,304,1,3572.0,3,1,2,Needs attention
2385,69,3,6114.5,5,3,3,Loyal
2386,556,3,22926.5,1,3,4,Loyal
2387,301,2,9576.0,3,2,4,Needs attention
2388,172,1,11245.5,4,1,4,New customers
2389,57,1,1566.0,5,1,1,New customers
2391,60,3,2932.0,5,3,2,Loyal
2392,12,3,11405.0,5,3,4,Champions
2393,27,1,12420.0,5,1,4,New customers
2394,453,1,1355.5,2,1,1,Hibernating
2395,35,3,55140.5,5,3,5,Champions
2396,147,3,4768.5,4,3,3,Loyal
2397,680,1,1170.0,1,1,1,Hibernating
2398,398,4,1787.0,2,4,2,Loyal
2399,254,1,6519.0,3,1,3,Needs attention
2400,450,5,68390.5,2,5,5,Loyal
2401,372,3,4472.0,3,3,3,Loyal
2402,125,3,3190.0,4,3,2,Loyal
2403,306,6,35197.5,3,5,5,Loyal
2404,157,1,2690.0,4,1,2,New customers
2405,566,1,1206.0,1,1,1,Hibernating
2406,345,1,35796.0,3,1,5,Needs attention
2407,161,3,42166.5,4,3,5,Champions
2408,28,2,36265.5,5,2,5,Needs attention
2409,633,2,4067.0,1,2,2,At risk
2410,17,2,9479.0,5,2,4,Needs attention
2411,162,1,66.5,4,1,1,New customers
2412,39,2,30602.5,5,2,5,Needs attention
2413,127,1,856.5,4,1,1,New customers
2414,465,2,6875.5,2,2,3,At risk
2416,64,2,3886.0,5,2,2,Needs attention
2418,54,2,4346.0,5,2,3,Needs attention
2419,88,4,5886.0,5,4,3,Loyal
2420,437,2,7390.0,2,2,3,At risk
2421,373,6,16896.5,3,5,4,Loyal
2422,646,1,910.5,1,1,1,Hibernating
2424,47,1,18288.0,5,1,4,New customers
2425,286,3,23653.5,3,3,5,Loyal
2426,386,1,160.0,2,1,1,Hibernating
2427,485,4,53373.0,2,4,5,Loyal
2428,319,1,22712.0,3,1,4,Needs attention
2429,265,1,240.0,3,1,1,Needs attention
2430,33,1,1692.0,5,1,2,New customers
2431,201,1,2574.5,4,1,2,New customers
2432,244,3,30576.5,3,3,5,Loyal
2433,46,2,27575.0,5,2,5,Needs attention
2434,400,2,2756.5,2,2,2,At risk
2436,461,1,1251.0,2,1,1,Hibernating
2437,627,1,1083.0,1,1,1,Hibernating
2438,191,4,23305.0,4,4,5,Champions
2439,457,2,2330.0,2,2,2,At risk
2441,97,1,70.0,4,1,1,New customers
2442,124,2,2356.0,4,2,2,Needs attention
2443,565,1,1048.0,1,1,1,Hibernating
2444,131,1,819.0,4,1,1,New customers
2445,300,4,28377.5,3,4,5,Loyal
2446,522,1,4199.0,1,1,2,Hibernating
2447,227,1,420.0,4,1,1,New customers
2448,357,4,46493.0,3,4,5,Loyal
2449,82,2,3702.5,5,2,2,Needs attention
2450,97,1,5920.0,4,1,3,New customers
2451,530,4,12574.5,1,4,4,Loyal
2452,448,4,38385.0,2,4,5,Loyal
2453,54,1,9568.5,5,1,4,New customers
2454,295,2,4820.5,3,2,3,Needs attention
2455,331,3,15381.0,3,3,4,Loyal
2456,347,3,3577.0,3,3,2,Loyal
2457,411,1,1235.5,2,1,1,Hibernating
2458,225,2,4226.0,4,2,2,Needs attention
2459,171,3,21835.0,4,3,4,Champions
2460,613,1,790.0,1,1,1,Hibernating
2461,266,2,18915.0,3,2,4,Needs attention
2462,256,1,5390.0,3,1,3,Needs attention
2463,540,2,7558.0,1,2,3,At risk
2464,311,2,19172.0,3,2,4,Needs attention
2465,38,2,3103.0,5,2,2,Needs attention
2466,279,1,2150.0,3,1,2,Needs attention
2467,623,1,5220.0,1,1,3,Hibernating
2468,616,3,25320.0,1,3,5,Loyal
2469,316,1,7703.5,3,1,3,Needs attention
2470,387,2,77626.5,2,2,5,At risk
2471,38,1,2472.0,5,1,2,New customers
2472,160,3,11391.0,4,3,4,Champions
2473,68,1,579.5,5,1,1,New customers
2474,345,4,19954.0,3,4,4,Loyal
2475,398,2,2623.0,2,2,2,At risk
2476,540,4,69430.0,1,4,5,Loyal
2477,176,1,569.5,4,1,1,New customers
2478,586,1,4460.0,1,1,3,Hibernating
2479,372,1,41849.5,3,1,5,Needs attention
2480,247,2,6244.5,3,2,3,Needs attention
2481,432,1,2534.0,2,1,2,Hibernating
2482,651,1,73330.0,1,1,5,Hibernating
2483,299,3,14913.0,3,3,4,Loyal
2484,53,1,5465.5,5,1,3,New customers
2485,576,1,2758.5,1,1,2,Hibernating
2486,284,1,342.0,3,1,1,Needs attention
2487,544,2,19604.0,1,2,4,At risk
2488,139,1,952.0,4,1,1,New customers
2489,364,2,11310.0,3,2,4,Needs attention
2490,29,1,2398.0,5,1,2,New customers
2491,552,1,1080.0,1,1,1,Hibernating
2492,643,2,11122.5,1,2,4,At risk
2493,76,4,69151.0,5,4,5,Champions
2494,183,2,5701.0,4,2,3,Needs attention
2495,17,1,12964.0,5,1,4,New customers
2496,31,3,5677.5,5,3,3,Loyal
2497,91,1,1931.0,5,1,2,New customers
2498,270,1,1328.0,3,1,1,Needs attention
2499,425,2,5084.0,2,2,3,At risk
2501,420,3,4123.0,2,3,2,Loyal
2502,344,2,8105.5,3,2,3,Needs attention
2503,458,2,16850.0,2,2,4,At risk
2504,693,1,12420.0,1,1,4,Hibernating
2505,581,1,3380.0,1,1,2,Hibernating
2506,348,1,360.5,3,1,1,Needs attention
2507,378,2,50112.5,2,2,5,At risk
2508,18,1,5020.0,5,1,3,New customers
2509,378,1,3634.0,2,1,2,Hibernating
2510,40,1,1350.0,5,1,1,New customers
2511,237,2,9576.0,3,2,4,Needs attention
2512,694,1,5168.0,1,1,3,Hibernating
2513,264,5,33756.0,3,5,5,Loyal
2514,180,1,9633.0,4,1,4,New customers
2515,342,1,1640.0,3,1,1,Needs attention
2516,352,3,11108.0,3,3,4,Loyal
2517,174,3,1931.5,4,3,2,Loyal
2518,36,2,4063.5,5,2,2,Needs attention
2519,444,1,4809.0,2,1,3,Hibernating
2520,697,1,11354.0,1,1,4,Hibernating
2521,417,3,30953.0,2,3,5,Loyal
2522,55,1,3789.0,5,1,2,New customers
2523,184,1,980.0,4,1,1,New customers
2525,77,1,1263.5,5,1,1,New customers
2526,588,2,808.0,1,2,1,At risk
2527,518,1,70.0,1,1,1,Hibernating
2528,274,4,7551.0,3,4,3,Loyal
2529,508,4,6924.0,2,4,3,Loyal
2530,38,3,7962.5,5,3,3,Loyal
2531,64,1,1786.0,5,1,2,New customers
2532,530,2,40549.0,1,2,5,At risk
2533,44,3,3381.0,5,3,2,Loyal
2534,341,1,513.0,3,1,1,Needs attention
2535,368,4,78600.0,3,4,5,Loyal
2536,9,2,3930.0,5,2,2,Needs attention
2537,105,1,1140.0,4,1,1,New customers
2538,272,2,21914.5,3,2,4,Needs attention
2539,220,1,18168.0,4,1,4,New customers
2540,404,3,4345.0,2,3,3,Loyal
2541,168,1,2750.0,4,1,2,New customers
2542,364,2,5056.5,3,2,3,Needs attention
2543,28,1,1170.0,5,1,1,New customers
2544,618,3,25907.5,1,3,5,Loyal
2545,459,3,61850.0,2,3,5,Loyal
2546,31,1,4940.0,5,1,3,New customers
2547,524,1,423.0,1,1,1,Hibernating
2548,506,1,9270.0,2,1,4,Hibernating
2549,154,2,48626.5,4,2,5,Needs attention
2550,587,1,10232.0,1,1,4,Hibernating
2551,304,3,10756.5,3,3,4,Loyal
2552,514,1,210.0,1,1,1,Hibernating
2553,590,1,636.5,1,1,1,Hibernating
2554,46,1,4185.5,5,1,2,New customers
2555,331,2,4398.0,3,2,3,Needs attention
2556,626,2,19947.0,1,2,4,At risk
2557,247,1,670.0,3,1,1,Needs attention
2558,91,2,26706.0,5,2,5,Needs attention
2559,635,1,603.0,1,1,1,Hibernating
2560,196,2,6381.5,4,2,3,Needs attention
2561,322,2,2490.5,3,2,2,Needs attention
2562,52,3,11546.0,5,3,4,Champions
2563,521,2,2908.5,1,2,2,At risk
2564,24,2,1919.0,5,2,2,Needs attention
2565,155,3,5884.5,4,3,3,Loyal
2566,132,1,18260.0,4,1,4,New customers
2567,236,4,42992.0,3,4,5,Loyal
2568,48,2,32498.0,5,2,5,Needs attention
2569,277,1,6160.0,3,1,3,Needs attention
2570,614,1,1060.0,1,1,1,Hibernating
2571,67,1,1420.0,5,1,1,New customers
2572,117,3,15249.0,4,3,4,Champions
2573,518,1,140.0,1,1,1,Hibernating
2574,180,3,18968.0,4,3,4,Champions
2575,449,1,1530.0,2,1,1,Hibernating
2576,320,2,5180.0,3,2,3,Needs attention
2578,44,3,45137.0,5,3,5,Champions
2579,351,2,7904.0,3,2,3,Needs attention
2580,20,2,16822.5,5,2,4,Needs attention
2581,397,2,25862.0,2,2,5,At risk
2582,66,2,1719.0,5,2,2,Needs attention
2583,183,1,2326.0,4,1,2,New customers
2584,382,1,2410.0,2,1,2,Hibernating
2585,216,4,7442.0,4,4,3,Loyal
2586,397,1,48857.0,2,1,5,Hibernating
2587,115,1,15368.0,4,1,4,New customers
2588,444,2,7728.0,2,2,3,At risk
2589,530,1,3980.0,1,1,2,Hibernating
2590,443,2,1126.0,2,2,1,At risk
2591,372,2,27652.0,3,2,5,Needs attention
2592,175,5,16082.0,4,5,4,Champions
2593,636,2,1180.0,1,2,1,At risk
2594,663,1,26703.0,1,1,5,Hibernating
2595,149,2,3630.0,4,2,2,Needs attention
2596,662,2,2948.0,1,2,2,At risk
2597,118,3,3097.5,4,3,2,Loyal
2598,167,1,9510.0,4,1,4,New customers
2599,33,3,16799.5,5,3,4,Champions
2600,409,1,1332.0,2,1,1,Hibernating
2601,555,2,5082.5,1,2,3,At risk
2602,67,1,22177.5,5,1,4,New customers
2603,129,1,4480.0,4,1,3,New customers
2604,235,2,2218.0,3,2,2,Needs attention
2605,498,2,2023.0,2,2,2,At risk
2606,707,1,3474.0,1,1,2,Hibernating
2607,507,1,2720.0,2,1,2,Hibernating
2608,614,1,2204.0,1,1,2,Hibernating
2609,111,1,2303.5,4,1,2,New customers
2610,388,2,22844.0,2,2,4,At risk
2611,415,2,20519.5,2,2,4,At risk
2613,143,1,988.0,4,1,1,New customers
2614,507,4,13209.0,2,4,4,Loyal
2615,452,1,378.0,2,1,1,Hibernating
2616,86,4,28167.5,5,4,5,Champions
2617,12,4,41909.0,5,4,5,Champions
2618,57,1,199.5,5,1,1,New customers
2619,101,1,490.0,4,1,1,New customers
2620,26,1,41158.0,5,1,5,New customers
2621,643,2,15110.0,1,2,4,At risk
2622,502,2,39413.0,2,2,5,At risk
2623,136,5,25826.0,4,5,5,Champions
2624,686,2,3112.0,1,2,2,At risk
2625,447,2,3247.0,2,2,2,At risk
2626,583,2,18189.5,1,2,4,At risk
2627,61,1,705.5,5,1,1,New customers
2628,687,1,1534.5,1,1,1,Hibernating
2629,571,1,1260.0,1,1,1,Hibernating
2630,585,1,636.5,1,1,1,Hibernating
2631,457,4,78021.0,2,4,5,Loyal
2632,34,2,1663.0,5,2,1,Needs attention
2633,340,1,340.5,3,1,1,Needs attention
2634,54,2,17923.0,5,2,4,Needs attention
2636,259,3,18166.0,3,3,4,Loyal
2637,192,3,11613.5,4,3,4,Champions
2638,282,1,6130.0,3,1,3,Needs attention
2639,155,1,51130.0,4,1,5,New customers
2640,525,2,980.0,1,2,1,At risk
2641,277,3,10549.0,3,3,4,Loyal
2642,16,3,12022.5,5,3,4,Champions
2643,110,1,560.0,4,1,1,New customers
2644,290,1,1350.0,3,1,1,Needs attention
2645,268,1,827.5,3,1,1,Needs attention
2646,23,2,27695.5,5,2,5,Needs attention
2647,281,1,1320.0,3,1,1,Needs attention
2648,46,1,722.5,5,1,1,New customers
2649,576,2,4715.0,1,2,3,At risk
2650,450,3,20033.0,2,3,4,Loyal
2651,621,3,4204.0,1,3,2,Loyal
2652,405,3,18997.5,2,3,4,Loyal
2653,357,2,9534.0,3,2,4,Needs attention
2654,567,1,2456.0,1,1,2,Hibernating
2655,397,2,1784.5,2,2,2,At risk
2656,259,1,37000.0,3,1,5,Needs attention
2657,39,3,7291.0,5,3,3,Loyal
2658,9,2,40342.0,5,2,5,Needs attention
2659,57,3,11269.5,5,3,4,Champions
2660,436,2,20002.5,2,2,4,At risk
2661,135,3,6322.0,4,3,3,Loyal
2662,176,1,1458.0,4,1,1,New customers
2663,627,2,10650.0,1,2,4,At risk
2664,24,4,51718.0,5,4,5,Champions
2665,425,1,1960.0,2,1,2,Hibernating
2666,550,2,7264.0,1,2,3,At risk
2667,293,1,4309.5,3,1,3,Needs attention
2668,467,2,39660.0,2,2,5,At risk
2669,565,2,4644.0,1,2,3,At risk
2670,258,1,5136.0,3,1,3,Needs attention
2671,479,2,11130.0,2,2,4,At risk
2672,228,2,2710.0,4,2,2,Needs attention
2673,606,1,11960.0,1,1,4,Hibernating
2674,374,2,3335.5,3,2,2,Needs attention
2675,137,1,1140.0,4,1,1,New customers
2676,565,1,152.0,1,1,1,Hibernating
2677,75,2,3222.5,5,2,2,Needs attention
2678,44,5,14252.0,5,5,4,Champions
2679,60,2,36336.0,5,2,5,Needs attention
2680,437,2,9872.5,2,2,4,At risk
2681,156,2,1130.0,4,2,1,Needs attention
2682,54,1,21719.0,5,1,4,New customers
2683,136,3,20275.5,4,3,4,Champions
2684,587,1,4480.0,1,1,3,Hibernating
2685,140,1,1406.0,4,1,1,New customers
2686,612,2,57630.5,1,2,5,At risk
2687,255,2,4062.0,3,2,2,Needs attention
2688,241,2,8585.5,3,2,3,Needs attention
2689,81,2,4056.0,5,2,2,Needs attention
2690,353,1,480.0,3,1,1,Needs attention
2691,705,1,1920.0,1,1,2,Hibernating
2692,17,5,26588.0,5,5,5,Champions
2693,57,1,8806.5,5,1,3,New customers
2694,108,5,130630.0,4,5,5,Champions
2695,409,3,16379.0,2,3,4,Loyal
2696,22,1,24795.0,5,1,5,New customers
2697,620,2,5223.0,1,2,3,At risk
2698,331,1,3230.0,3,1,2,Needs attention
2699,360,1,1350.0,3,1,1,Needs attention
2700,387,1,230.0,2,1,1,Hibernating
2701,14,2,74320.5,5,2,5,Needs attention
2702,361,2,962.0,3,2,1,Needs attention
2703,37,1,14884.0,5,1,4,New customers
2704,676,1,23560.0,1,1,5,Hibernating
2705,151,2,41965.0,4,2,5,Needs attention
2707,515,2,11481.5,1,2,4,At risk
2708,350,5,12171.0,3,5,4,Loyal
2709,209,1,8375.5,4,1,3,New customers
2710,193,2,3299.5,4,2,2,Needs attention
2711,295,1,2688.5,3,1,2,Needs attention
2712,683,1,2420.0,1,1,2,Hibernating
2713,289,2,1936.5,3,2,2,Needs attention
2714,25,1,560.0,5,1,1,New customers
2715,716,1,530.0,1,1,1,Hibernating
2716,387,1,549.0,2,1,1,Hibernating
2717,238,3,24086.5,3,3,5,Loyal
2718,77,2,22272.5,5,2,4,Needs attention
2719,449,3,8544.0,2,3,3,Loyal
2720,303,3,23961.5,3,3,5,Loyal
2721,111,3,27847.5,4,3,5,Champions
2722,658,2,33607.0,1,2,5,At risk
2723,114,2,5051.0,4,2,3,Needs attention
2724,147,1,5614.0,4,1,3,New customers
2725,193,2,3490.0,4,2,2,Needs attention
2726,268,1,3040.0,3,1,2,Needs attention
2727,22,2,19430.5,5,2,4,Needs attention
2728,24,3,2506.0,5,3,2,Loyal
2729,6,2,1666.0,5,2,1,Needs attention
2730,427,1,21574.5,2,1,4,Hibernating
2731,394,1,1354.0,2,1,1,Hibernating
2732,269,1,20422.0,3,1,4,Needs attention
2733,318,4,22232.0,3,4,4,Loyal
2734,24,3,37604.5,5,3,5,Champions
2735,121,3,66149.0,4,3,5,Champions
2736,281,1,26394.5,3,1,5,Needs attention
2737,320,2,36359.5,3,2,5,Needs attention
2738,367,2,1659.0,3,2,1,Needs attention
2739,411,2,16268.0,2,2,4,At risk
2740,172,3,72280.0,4,3,5,Champions
2741,72,3,16055.5,5,3,4,Champions
2742,230,2,4769.5,4,2,3,Needs attention
2743,45,2,12298.5,5,2,4,Needs attention
2744,19,2,56275.5,5,2,5,Needs attention
2745,229,1,2720.0,4,1,2,New customers
2746,463,1,34934.0,2,1,5,Hibernating
2748,369,2,6238.0,3,2,3,Needs attention
2749,194,2,54410.0,4,2,5,Needs attention
2750,143,1,72660.0,4,1,5,New customers
2751,335,3,10538.5,3,3,4,Loyal
2752,316,2,1993.0,3,2,2,Needs attention
2753,667,2,740.0,1,2,1,At risk
2754,203,1,2327.5,4,1,2,New customers
2755,239,3,6398.0,3,3,3,Loyal
2756,319,3,6595.0,3,3,3,Loyal
2757,340,1,67359.0,3,1,5,Needs attention
2758,497,2,10669.0,2,2,4,At risk
2759,226,4,69300.0,4,4,5,Champions
2760,78,3,10085.5,5,3,4,Champions
2761,478,1,5265.0,2,1,3,Hibernating
2762,569,3,4990.0,1,3,3,Loyal
2763,155,4,13943.0,4,4,4,Champions
2764,584,1,2889.5,1,1,2,Hibernating
2765,18,3,7658.0,5,3,3,Loyal
2766,161,5,76683.5,4,5,5,Champions
2767,642,1,790.0,1,1,1,Hibernating
2768,191,1,23214.0,4,1,5,New customers
2769,569,1,5603.5,1,1,3,Hibernating
2770,54,2,11166.5,5,2,4,Needs attention
2771,198,1,27363.0,4,1,5,New customers
2772,525,1,970.0,1,1,1,Hibernating
2773,326,1,240.0,3,1,1,Needs attention
2774,642,1,18156.0,1,1,4,Hibernating
2775,541,2,3929.5,1,2,2,At risk
2776,50,1,2897.0,5,1,2,New customers
2777,146,2,1570.0,4,2,1,Needs attention
2778,615,1,2159.0,1,1,2,Hibernating
2779,529,1,6916.0,1,1,3,Hibernating
2780,497,3,25279.5,2,3,5,Loyal
2781,370,3,11227.0,3,3,4,Loyal
2782,494,2,4475.5,2,2,3,At risk
2783,350,2,5909.0,3,2,3,Needs attention
2784,344,1,4551.5,3,1,3,Needs attention
2785,587,1,2449.5,1,1,2,Hibernating
2786,81,2,22533.0,5,2,4,Needs attention
2787,36,3,32804.5,5,3,5,Champions
2788,178,1,6143.5,4,1,3,New customers
2789,483,2,8949.5,2,2,3,At risk
2790,165,3,4650.0,4,3,3,Loyal
2791,132,1,1480.0,4,1,1,New customers
2792,584,2,14208.0,1,2,4,At risk
2793,107,2,19567.0,4,2,4,Needs attention
2794,429,3,93282.5,2,3,5,Loyal
2795,159,1,23500.0,4,1,5,New customers
2796,318,3,24441.0,3,3,5,Loyal
2797,58,3,5163.5,5,3,3,Loyal
2798,617,1,2960.0,1,1,2,Hibernating
2799,448,1,63.0,2,1,1,Hibernating
2800,382,3,17646.5,2,3,4,Loyal
2801,222,5,22861.5,4,5,4,Champions
2802,501,1,4046.0,2,1,2,Hibernating
2803,296,2,19701.5,3,2,4,Needs attention
2804,635,1,3248.0,1,1,2,Hibernating
2805,216,1,1920.0,4,1,2,New customers
2806,336,1,5300.0,3,1,3,Needs attention
2807,22,3,2650.0,5,3,2,Loyal
2808,218,1,2158.5,4,1,2,New customers
2809,618,1,11799.0,1,1,4,Hibernating
2810,540,3,5435.5,1,3,3,Loyal
2811,235,4,15054.0,3,4,4,Loyal
2812,386,1,6125.5,2,1,3,Hibernating
2813,561,1,1501.0,1,1,1,Hibernating
2814,143,2,20300.0,4,2,4,Needs attention
2815,196,2,50655.0,4,2,5,Needs attention
2816,91,2,38477.0,5,2,5,Needs attention
2817,560,3,40499.0,1,3,5,Loyal
2818,12,2,27924.0,5,2,5,Needs attention
2819,544,2,2538.0,1,2,2,At risk
2820,410,1,16272.0,2,1,4,Hibernating
2821,337,3,17323.5,3,3,4,Loyal
2822,94,2,5326.0,5,2,3,Needs attention
2823,486,2,14821.5,2,2,4,At risk
2824,559,1,5519.0,1,1,3,Hibernating
2825,395,2,22363.0,2,2,4,At risk
2826,475,1,608.0,2,1,1,Hibernating
2827,554,1,8148.5,1,1,3,Hibernating
2828,538,2,9056.0,1,2,3,At risk
2829,521,2,8796.5,1,2,3,At risk
2830,304,2,15308.0,3,2,4,Needs attention
2831,487,1,1406.0,2,1,1,Hibernating
2832,443,1,8960.0,2,1,3,Hibernating
2833,130,2,2870.0,4,2,2,Needs attention
2834,33,4,72414.5,5,4,5,Champions
2835,51,2,3773.0,5,2,2,Needs attention
2836,88,2,3824.0,5,2,2,Needs attention
2837,448,2,18952.5,2,2,4,At risk
2838,337,2,2966.0,3,2,2,Needs attention
2839,362,4,8761.5,3,4,3,Loyal
2840,535,1,560.0,1,1,1,Hibernating
2841,362,2,10971.5,3,2,4,Needs attention
2842,442,3,18153.5,2,3,4,Loyal
2843,721,1,530.0,1,1,1,Hibernating
2844,280,2,5379.0,3,2,3,Needs attention
2846,510,1,720.0,1,1,1,Hibernating
2847,5,2,17736.0,5,2,4,Needs attention
2848,444,2,19478.0,2,2,4,At risk
2849,82,1,819.0,5,1,1,New customers
2850,268,5,9851.0,3,5,4,Loyal
2851,44,3,22436.0,5,3,4,Champions
2852,57,2,4534.0,5,2,3,Needs attention
2853,586,2,6474.0,1,2,3,At risk
2854,65,1,5968.0,5,1,3,New customers
2855,443,3,10477.5,2,3,4,Loyal
2856,335,2,26508.0,3,2,5,Needs attention
2857,232,2,8308.5,3,2,3,Needs attention
2858,214,2,65781.0,4,2,5,Needs attention
2859,707,1,19356.0,1,1,4,Hibernating
2860,25,3,14148.0,5,3,4,Champions
2861,200,2,4740.0,4,2,3,Needs attention
2862,18,1,3497.0,5,1,2,New customers
2863,119,1,4309.5,4,1,3,New customers
2864,291,1,36784.0,3,1,5,Needs attention
2865,295,2,16833.0,3,2,4,Needs attention
2866,100,1,3106.5,4,1,2,New customers
2867,104,2,7461.5,4,2,3,Needs attention
2868,23,2,58489.0,5,2,5,Needs attention
2869,366,1,2773.5,3,1,2,Needs attention
2870,31,2,4886.5,5,2,3,Needs attention
2871,461,2,4650.5,2,2,3,At risk
2872,349,2,3290.0,3,2,2,Needs attention
2873,161,2,51055.5,4,2,5,Needs attention
2874,664,1,7879.5,1,1,3,Hibernating
2875,209,2,70159.5,4,2,5,Needs attention
2877,292,2,1596.0,3,2,1,Needs attention
2878,389,1,330.0,2,1,1,Hibernating
2879,389,1,1083.0,2,1,1,Hibernating
2880,367,1,2764.5,3,1,2,Needs attention
2881,371,1,3840.0,3,1,2,Needs attention
2882,301,3,8005.0,3,3,3,Loyal
2883,391,2,14857.5,2,2,4,At risk
2884,300,2,8377.5,3,2,3,Needs attention
2885,186,1,2220.0,4,1,2,New customers
2886,339,1,2660.0,3,1,2,Needs attention
2887,261,1,1140.0,3,1,1,Needs attention
2888,37,3,4777.0,5,3,3,Loyal
2889,18,1,5552.0,5,1,3,New customers
2890,603,3,29584.5,1,3,5,Loyal
2891,172,2,12377.0,4,2,4,Needs attention
2893,487,2,20436.0,2,2,4,At risk
2894,81,5,17685.5,5,5,4,Champions
2895,381,3,3977.0,2,3,2,Loyal
2896,129,1,7160.0,4,1,3,New customers
2897,171,2,7612.0,4,2,3,Needs attention
2898,25,1,9984.0,5,1,4,New customers
2899,142,3,3282.0,4,3,2,Loyal
2900,108,1,3286.0,4,1,2,New customers
2901,636,1,70.0,1,1,1,Hibernating
2902,1,2,33334.0,5,2,5,Needs attention
2903,485,2,14420.0,2,2,4,At risk
2904,376,2,5867.0,2,2,3,At risk
2905,634,1,2499.5,1,1,2,Hibernating
2906,49,3,24782.5,5,3,5,Champions
2907,181,2,17806.0,4,2,4,Needs attention
2908,506,1,820.0,2,1,1,Hibernating
2909,142,1,19058.0,4,1,4,New customers
2911,162,4,32268.0,4,4,5,Champions
2912,51,1,6077.0,5,1,3,New customers
2913,420,1,204.0,2,1,1,Hibernating
2914,482,1,70.0,2,1,1,Hibernating
2915,19,1,1410.0,5,1,1,New customers
2916,310,2,56536.0,3,2,5,Needs attention
2917,294,1,670.0,3,1,1,Needs attention
2918,512,1,13742.0,1,1,4,Hibernating
2919,417,3,20975.5,2,3,4,Loyal
2920,389,2,49301.0,2,2,5,At risk
2921,539,2,920.0,1,2,1,At risk
2922,498,2,21218.0,2,2,4,At risk
2923,189,1,1650.0,4,1,1,New customers
2924,689,1,5528.0,1,1,3,Hibernating
2925,212,2,9125.0,4,2,4,Needs attention
2926,54,1,503.5,5,1,1,New customers
2927,110,1,31240.5,4,1,5,New customers
2928,431,2,6411.5,2,2,3,At risk
2929,373,5,98320.0,3,5,5,Loyal
2930,133,1,5680.0,4,1,3,New customers
2931,395,5,11433.0,2,5,4,Loyal
2932,161,2,3545.0,4,2,2,Needs attention
2933,134,2,4477.0,4,2,3,Needs attention
2934,587,1,420.0,1,1,1,Hibernating
2935,199,1,2574.5,4,1,2,New customers
2936,596,1,12990.0,1,1,4,Hibernating
2937,363,3,3185.0,3,3,2,Loyal
2938,143,1,120.0,4,1,1,New customers
2939,3,2,8439.5,5,2,3,Needs attention
2940,435,2,4028.0,2,2,2,At risk
2941,77,1,1472.5,5,1,1,New customers
2942,54,1,2948.0,5,1,2,New customers
2943,183,1,813.5,4,1,1,New customers
2944,621,1,2574.5,1,1,2,Hibernating
2945,515,1,931.0,1,1,1,Hibernating
2946,26,4,26697.0,5,4,5,Champions
2947,8,1,2361.5,5,1,2,New customers
2948,47,2,17560.0,5,2,4,Needs attention
2949,391,2,4880.0,2,2,3,At risk
2950,556,1,1035.5,1,1,1,Hibernating
2951,19,2,64040.0,5,2,5,Needs attention
2952,529,1,10833.0,1,1,4,Hibernating
2953,481,1,18260.0,2,1,4,Hibernating
2954,31,2,42804.0,5,2,5,Needs attention
2955,319,1,1340.0,3,1,1,Needs attention
2956,534,1,19163.0,1,1,4,Hibernating
2957,606,2,2711.0,1,2,2,At risk
2958,412,1,2242.0,2,1,2,Hibernating
2959,24,1,1180.0,5,1,1,New customers
2960,416,1,18260.0,2,1,4,Hibernating
2961,213,2,1050.0,4,2,1,Needs attention
2962,476,2,1728.0,2,2,2,At risk
2963,88,2,7216.0,5,2,3,Needs attention
2964,176,1,1170.0,4,1,1,New customers
2965,299,1,4320.0,3,1,3,Needs attention
2966,22,3,6220.0,5,3,3,Loyal
2967,309,1,2289.5,3,1,2,Needs attention
2968,458,1,1258.0,2,1,1,Hibernating
2970,133,1,1120.0,4,1,1,New customers
2971,124,1,242.0,4,1,1,New customers
2972,267,3,13120.0,3,3,4,Loyal
2973,241,1,26544.0,3,1,5,Needs attention
2974,724,1,3870.0,1,1,2,Hibernating
2975,269,2,13840.0,3,2,4,Needs attention
2976,322,1,700.0,3,1,1,Needs attention
2977,430,2,4907.5,2,2,3,At risk
2978,8,2,5380.0,5,2,3,Needs attention
2979,24,2,20808.5,5,2,4,Needs attention
2980,539,2,5031.0,1,2,3,At risk
2981,576,1,1880.0,1,1,2,Hibernating
2982,583,1,51702.0,1,1,5,Hibernating
2983,14,2,6230.0,5,2,3,Needs attention
2984,238,3,40050.0,3,3,5,Loyal
2985,18,3,23386.0,5,3,5,Champions
2986,16,2,2673.5,5,2,2,Needs attention
2987,160,1,9648.0,4,1,4,New customers
2988,665,1,830.0,1,1,1,Hibernating
2989,630,1,3860.0,1,1,2,Hibernating
2990,335,2,5607.0,3,2,3,Needs attention
2991,342,1,3446.0,3,1,2,Needs attention
2992,197,1,4820.0,4,1,3,New customers
2993,292,4,52071.0,3,4,5,Loyal
2994,304,4,43111.5,3,4,5,Loyal
2995,521,2,11300.0,1,2,4,At risk
2996,294,2,7235.0,3,2,3,Needs attention
2997,473,3,2906.5,2,3,2,Loyal
2998,250,4,44617.0,3,4,5,Loyal
2999,307,2,3976.0,3,2,2,Needs attention
3000,336,3,4801.0,3,3,3,Loyal
